player_id,name,actual_market_value_eur,predicted_market_value_eur,abs_error_eur,pct_error
95707,Volodymyr Tanchyk,100000.00000000004,100008.5128025817,8.512802581652068,0.008512802581652063
144547,Petr Ten,124999.9999999999,124983.11140924793,16.888590751972515,0.013510872601578024
74065,Wilson Morelo,50000.000000000015,49954.033719483494,45.96628051652078,0.09193256103304154
27017,Dmitriy Khomich,50000.000000000015,50049.22820411835,49.22820411833527,0.09845640823667051
238584,Mehdi Tahrat,299999.99999999977,299930.3443410066,69.65565899317153,0.02321855299772386
103950,Roman Emeljanov,275000.0000000002,274926.65919556713,73.34080443304265,0.026669383430197306
339982,Bright Gyamfi,150000.00000000006,149921.21391018882,78.78608981124125,0.05252405987416081
335191,Valeriane Gvilia,199999.99999999997,199910.77973659988,89.22026340008597,0.044610131700042986
104200,Evgeniy Bashkirov,249999.9999999998,250098.03016209978,98.03016209998168,0.039212064839992705
126285,Sebastian Maier,199999.99999999997,199899.03991641643,100.96008358354447,0.05048004179177225
553512,Riccardo Boscolo Chio,75000.00000000004,75104.95532076625,104.9553207662102,0.1399404276882802
49552,Steve Davies,249999.9999999998,250117.2047579749,117.20475797509425,0.04688190319003774
1159758,Siemen Buvé,50000.000000000015,49866.51741938099,133.48258061902743,0.26696516123805475
527270,Falko Michel,349999.9999999997,350169.46179486334,169.46179486362962,0.04841765567532279
99894,Michael Falkesgaard,249999.9999999998,249828.24051351345,171.7594864863495,0.06870379459453986
3900,Henri Camara,150000.00000000006,150188.28644537384,188.28644537378568,0.1255242969158571
2138,Mladen Kascelan,25000.000000000004,25194.371161438223,194.37116143821913,0.7774846457528765
158799,Daniel Schmidt,449999.99999999994,450208.72864649707,208.72864649712574,0.04638414366602795
98133,Abdulkadir Özdemir,100000.00000000004,99772.93484364427,227.0651563557767,0.22706515635577662
24404,Johan Sellberg-Wiland,100000.00000000004,99763.70057716152,236.29942283852142,0.23629942283852132
66005,Amir Abrashi,100000.00000000004,99712.72096370488,287.2790362951637,0.28727903629516355
242482,Ismail Köse,50000.000000000015,50306.164311768815,306.16431176879996,0.6123286235375998
192656,Kurtis Guthrie,150000.00000000006,150316.2864303032,316.2864303031529,0.21085762020210183
295026,Matty Allan,50000.000000000015,50350.90541115189,350.90541115187807,0.7018108223037559
242281,Juanma García,150000.00000000006,150372.29947009325,372.2994700931886,0.2481996467287923
5664,Arnaud Le Lan,299999.99999999977,300381.629272335,381.62927233520895,0.12720975744506977
820633,Coli Saco,199999.99999999997,199617.20053564035,382.79946435961756,0.19139973217980882
698151,Michael Ndiweni,199999.99999999997,199606.53828737885,393.4617126211233,0.1967308563105617
27612,Jeppe Curth,199999.99999999997,199566.37827204622,433.62172795375227,0.21681086397687616
608406,Tuana Ozdemir,50000.000000000015,49566.14442820516,433.85557179485477,0.8677111435897092
292621,Stelios Pozoglou,175000.00000000012,174563.2063387524,436.79366124770604,0.24959637785583183
649305,Semen Fadeev,25000.000000000004,24549.187443710733,450.812556289271,1.8032502251570839
619276,Bruno Unusic,275000.0000000002,275464.9455650603,464.9455650601303,0.16907111456732002
1074052,Vladyslav Kalyn,50000.000000000015,50481.96249755975,481.9624975597326,0.9639249951194648
566910,Ruben van Kouwen,50000.000000000015,49513.51193431232,486.48806568769214,0.9729761313753841
56917,Daniele Mori,75000.00000000004,75486.74206407827,486.74206407822203,0.6489894187709624
400276,Savas Cakir,124999.9999999999,125501.75222460959,501.75222460969235,0.4014017796877542
452580,Siebren Lathouwers,100000.00000000004,100511.13698203025,511.1369820302061,0.5111369820302059
536512,Lovro Grajfoner,100000.00000000004,99428.7016814995,571.2983185005432,0.571298318500543
248105,Jonatan Álvez,100000.00000000004,100571.46492020275,571.4649202027067,0.5714649202027065
738867,Sener Kaya,50000.000000000015,49372.413043466746,627.5869565332687,1.255173913066537
34768,Maxime Biset,100000.00000000004,100646.09835952023,646.0983595201833,0.646098359520183
393652,Raffaele Russo,275000.0000000002,274334.2836122262,665.7163877739804,0.24207868646326544
1123310,Julian Placias,150000.00000000006,149311.7521388067,688.2478611933475,0.45883190746223146
479601,Henrique Martins,50000.000000000015,50718.98001796724,718.9800179672238,1.437960035934447
14521,Anestis Anastasiadis,100000.00000000004,99276.87979500355,723.1202049964922,0.7231202049964919
471797,Joey Houweling,75000.00000000004,75733.80478584742,733.8047858473728,0.9784063811298298
537218,Dogukan Bilgen,50000.000000000015,50769.020423353206,769.0204233531913,1.5380408467063822
1118450,Danylo Tuzenko,50000.000000000015,49211.76257289686,788.2374271031513,1.576474854206302
1195828,Ching-Chun Yeh,75000.00000000004,74196.07530223463,803.9246977654111,1.0718995970205476
58467,Musa Mguni,150000.00000000006,150813.42864929768,813.4286492976244,0.542285766198416
387129,Róber Pier,800000.0000000005,800822.6266919222,822.6266919217305,0.10282833649021626
146286,Denis Sobolev,199999.99999999997,199155.6930337835,844.306966216478,0.42215348310823914
357453,Gavin Vlijter,100000.00000000004,100885.3415102662,885.3415102661529,0.8853415102661525
420782,Yanis Ammour,175000.00000000012,175891.26151417493,891.2615141748101,0.5092922938141768
551007,Eli King,299999.99999999977,299090.940029401,909.0599705987843,0.303019990199595
5870,Massimo Donati,150000.00000000006,150953.8885836423,953.888583642256,0.6359257224281705
238986,Mario Pugliese,100000.00000000004,100970.62715127811,970.6271512780659,0.9706271512780653
641458,Carlos Miguel,6999999.999999995,7000992.118331525,992.1183315292001,0.014173119021845725
1071937,Muhammet Enes Şebelek,50000.000000000015,50997.196841603,997.1968416029849,1.9943936832059694
94781,Fonsi,100000.00000000004,99000.66912365372,999.3308763463283,0.9993308763463278
205364,Mergim Krasniqi,299999.99999999977,298968.1046086231,1031.895391376689,0.3439651304588966
58046,Vasyl Kobin,150000.00000000006,151033.29687048754,1033.2968704874802,0.6888645803249865
490844,Saeed Baattia,299999.99999999977,298956.47319554404,1043.5268044557306,0.3478422681519105
665404,Bogachan Kazmaz,50000.000000000015,51049.24589701819,1049.245897018176,2.0984917940363514
983248,Callan McKenna,499999.99999999977,501085.50349829445,1085.5034982946818,0.21710069965893644
60543,Mathieu Gorgelin,199999.99999999997,198912.98245756107,1087.0175424389017,0.5435087712194508
663398,Baris Dogan,50000.000000000015,48869.2038204778,1130.7961795222145,2.2615923590444282
622031,Tommaso De Nipoti,199999.99999999997,201139.56467610053,1139.5646761005628,0.5697823380502814
997646,Lucas Vennegoor of Hesselink,249999.9999999998,248831.22702068405,1168.7729793157487,0.46750919172629984
1170033,Rayan Enad,150000.00000000006,151170.268327882,1170.2683278819313,0.7801788852546206
800272,Boubakar Camara,199999.99999999997,201194.96717073012,1194.9671707301459,0.5974835853650731
283067,Davide Mansi,50000.000000000015,51212.387285731056,1212.3872857310416,2.4247745714620828
113045,Rubén Pérez,124999.9999999999,123785.19603765191,1214.8039623479854,0.9718431698783891
62688,Scott Dann,199999.99999999997,201219.8463869868,1219.8463869868428,0.6099231934934215
303182,Nazareno Battista,50000.000000000015,51237.58269541162,1237.5826954116055,2.4751653908232103
248861,Daniele De Angelis,25000.000000000004,23740.36727409299,1259.632725907013,5.038530903628051
1137518,Henry Heroki Mochizuki,749999.9999999998,751270.6629580804,1270.6629580806475,0.1694217277440864
134999,Jens Toornstra,199999.99999999997,198723.27374129763,1276.7262587023433,0.6383631293511718
483717,Roman Shandruk,50000.000000000015,48667.3594375212,1332.6405624788167,2.6652811249576325
935554,Abdülmecid Dönmez,50000.000000000015,48648.061906376024,1351.9380936239904,2.70387618724798
675102,Dmytro Penteleychuk,50000.000000000015,51355.91894304265,1355.918943042634,2.7118378860852674
231387,Mikhail Merkulov,199999.99999999997,198629.75341520453,1370.2465847954445,0.6851232923977223
605746,Aleksander Paluszek,249999.9999999998,248579.6343760294,1420.3656239703996,0.5681462495881603
613498,Konstantinos Malaj,100000.00000000004,98574.60665538644,1425.393344613607,1.4253933446136065
931834,Felix Eriksson,349999.9999999997,351430.79659347975,1430.796593480045,0.4087990267085846
85602,Pires,50000.000000000015,48558.23181561046,1441.7681843895552,2.88353636877911
208819,David Reano,124999.9999999999,126453.59430522345,1453.5943052235525,1.1628754441788431
315965,Sam Dryden,50000.000000000015,51462.19019004393,1462.1901900439188,2.924380380087837
337083,Erik Majetschak,199999.99999999997,201478.02764185914,1478.0276418591675,0.7390138209295839
58178,David Abraham,999999.9999999997,998480.804772144,1519.1952278557,0.15191952278557005
199480,Donát Zsótér,249999.9999999998,248475.5028862393,1524.4971137605025,0.6097988455042015
338838,Muhammet Besir,124999.9999999999,123453.89924930595,1546.1007506939495,1.2368806005551605
28728,Colin Doyle,50000.000000000015,48453.5551404766,1546.4448595234135,3.092889719046826
915896,Oliver Lukic,999999.9999999997,1001551.5648349598,1551.5648349601543,0.1551564834960155
1047118,Bartu Kırtaş,50000.000000000015,48432.477337285694,1567.5226627143202,3.13504532542864
704709,Mattia Damiani,50000.000000000015,48421.28806371548,1578.7119362845333,3.157423872569066
86100,Vagiz Galiulin,100000.00000000004,101591.07935418584,1591.0793541858002,1.5910793541857995
797791,Antonio Tikvic,700000.0000000006,701595.9604522195,1595.9604522188893,0.227994350316984
882696,Borys Lototskyi,50000.000000000015,51596.54855712492,1596.5485571249083,3.1930971142498157
161046,Jurjan Wouda,50000.000000000015,51628.35236337921,1628.352363379192,3.2567047267583833
901236,Kilian Lokembo Lokaso,100000.00000000004,101634.66294755098,1634.6629475509399,1.634662947550939
451251,Nikita Makarov,75000.00000000004,73359.64774879345,1640.3522512065974,2.1871363349421284
44698,Mário Camora,124999.9999999999,123346.28945254032,1653.7105474595737,1.32296843796766
107803,Maksym Bilyi,100000.00000000004,101666.51991528166,1666.5199152816203,1.6665199152816195
94925,Yegor Kartushov,299999.99999999977,301675.6081867341,1675.6081867343164,0.5585360622447726
533902,Aristidis Kokkoris,124999.9999999999,123323.93809240102,1676.0619075988798,1.340849526079105
180061,Pål Alexander Kirkevold,199999.99999999997,201722.1960058479,1722.1960058479162,0.8610980029239582
16417,Ilias Kotsios,50000.000000000015,48261.873639971476,1738.1263600285383,3.4762527200570754
584087,Roni Arabaci,50000.000000000015,51743.371456157925,1743.3714561579109,3.4867429123158202
131664,Abdul Ajagun,349999.9999999997,348254.1876385853,1745.8123614144279,0.4988035318326941
97159,Anestis Nastos,75000.00000000004,76849.40967878356,1849.4096787835151,2.465879571711352
54565,Dusan Savic,50000.000000000015,51883.21386243321,1883.2138624331928,3.7664277248663844
655909,Ruhan Arda Aksoy,50000.000000000015,48103.85980787346,1896.140192126557,3.7922803842531128
45340,Alexandru Epureanu,100000.00000000004,101896.54881468316,1896.5488146831194,1.8965488146831184
12359,Niki Mäenpää,50000.000000000015,48102.30990150619,1897.6900984938256,3.79538019698765
1084065,Arielson,275000.0000000002,276902.0415740298,1902.0415740296012,0.6916514814653091
654681,Pier Paolo Salvati,25000.000000000004,23089.809708569286,1910.1902914307175,7.640761165722869
75680,Thomas Bertels,199999.99999999997,198079.60358208505,1920.3964179149189,0.9601982089574597
164208,João Pinho,100000.00000000004,98073.17078566983,1926.8292143302097,1.9268292143302088
197678,Nikomanolis Nyktaris,100000.00000000004,101942.0216738761,1942.02167387605,1.9420216738760492
637744,Hu-seong Oh,199999.99999999997,201999.16009197777,1999.1600919777993,0.9995800459888997
699322,Nikita Gloydman,124999.9999999999,122945.09771363557,2054.902286364333,1.643921829091468
901257,Ahmed Al-Nakhli,249999.9999999998,252065.90757268373,2065.9075726839365,0.8263630290735753
337385,Riccardo Gatti,150000.00000000006,147920.94864881542,2079.0513511846366,1.3860342341230907
231401,Mitchell Braafhart,50000.000000000015,52141.12606893744,2141.126068937425,4.282252137874849
743769,João Victor,324999.9999999999,322857.22721179394,2142.7727882059407,0.6593147040633667
38799,Oleg Kuzmin,50000.000000000015,52151.10721240073,2151.1072124007187,4.302214424801436
301571,Yüksel Kazdal,50000.000000000015,52166.89904391258,2166.899043912563,4.333798087825124
538968,Florian Baranik,150000.00000000006,152226.71084118786,2226.7108411878,1.4844738941251994
712042,Jacopo Ricco,50000.000000000015,52239.03984583548,2239.0398458354684,4.478079691670936
519897,Marcelo Santos,124999.9999999999,122747.81052901939,2252.1894709805056,1.8017515767844061
9988,Michael Dawson,199999.99999999997,197735.1502845368,2264.849715463177,1.1324248577315887
818507,Andrea Sorrentino,25000.000000000004,27268.210735312,2268.2107353119973,9.072842941247988
702361,Ümran Zambak,50000.000000000015,47730.118503068414,2269.881496931601,4.5397629938632
85861,Diogo Santos,50000.000000000015,47715.12667823963,2284.8733217603876,4.569746643520774
91251,Cuco Martina,249999.9999999998,252297.8878906978,2297.88789069801,0.9191551562792046
391497,Lucas Lovat,549999.9999999998,547669.3117673133,2330.688232686487,0.42376149685208875
349513,Neris,199999.99999999997,202340.07568921224,2340.0756892122736,1.170037844606137
1456731,Kokoro Maeda,100000.00000000004,97606.89380932685,2393.106190673192,2.393106190673191
212852,Markel Etxeberria,249999.9999999998,247577.2065740592,2422.7934259405883,0.9691173703762361
94924,Maksym Imerekov,249999.9999999998,252427.7156410974,2427.715641097602,0.9710862564390417
403800,Job Schuurman,50000.000000000015,52457.871043583895,2457.8710435838802,4.915742087167759
571896,Johan Caballero,349999.9999999997,352499.0727432419,2499.072743242199,0.7140207837834861
58568,Ruslan Kambolov,100000.00000000004,102515.25159013829,2515.251590138243,2.515251590138242
563696,Batuhan Yilmaz,50000.000000000015,47477.34789254686,2522.6521074531556,5.045304214906309
610479,Bafodé Dansoko,299999.99999999977,297476.3813689007,2523.6186310990597,0.8412062103663539
34195,Konstantinos Fliskas,100000.00000000004,102561.57628455972,2561.5762845596764,2.5615762845596755
351524,Eirik Wichne,349999.9999999997,352563.6291877732,2563.6291877735057,0.7324654822210022
916394,Erick Lemus,199999.99999999997,202597.84974998632,2597.8497499863442,1.2989248749931723
312486,Berend Schootstra,50000.000000000015,52631.19701587842,2631.1970158784025,5.262394031756804
377470,Sohel Rana,175000.00000000012,172368.40828262622,2631.5917173739,1.5037666956422275
211530,Omer Hanin,100000.00000000004,102680.04652161115,2680.0465216111043,2.680046521611103
452300,Tyron Ivanof,199999.99999999997,202712.94750827012,2712.947508270154,1.356473754135077
78507,Derrick Tshimanga,100000.00000000004,97273.43194234588,2726.5680576541636,2.726568057654162
553905,Kerim Calhanoglu,299999.99999999977,302726.74567910365,2726.745679103886,0.9089152263679626
211399,Ánderson Plata,50000.000000000015,52727.78664015227,2727.786640152255,5.455573280304509
75884,David Löfquist,150000.00000000006,152741.27015627455,2741.2701562744915,1.827513437516327
599421,Sergey Mizgirev,75000.00000000004,72248.46788978217,2751.5321102178714,3.6687094802904934
168338,Papa Ibrahima Sène,100000.00000000004,97227.40156040005,2772.5984395999985,2.7725984395999976
58514,Elis Bakaj,100000.00000000004,102783.3987699765,2783.398769976455,2.7833987699764537
668273,Ibra Cámara,50000.000000000015,47211.731933444535,2788.26806655548,5.576536133110959
206837,Pantelis Theologou,150000.00000000006,147204.17509362186,2795.8249063781986,1.8638832709187985
114899,Deniz Öksüz,50000.000000000015,52834.95562943972,2834.9556294397044,5.669911258879408
184299,Thomás,299999.99999999977,297161.08706085506,2838.912939144706,0.946304313048236
387407,Ayoub Boukhari,75000.00000000004,72126.55631040847,2873.4436895915715,3.8312582527887598
117107,Artur Denchuk,124999.9999999999,122091.54096729752,2908.459032702376,2.326767226161903
285796,Lorenzo Simonetti,75000.00000000004,77911.6389562669,2911.638956266863,3.882185275022482
55345,Dmitriy Grachev,100000.00000000004,102935.10197529836,2935.101975298312,2.935101975298311
213500,Mehmet Tatli,50000.000000000015,47062.459242244084,2937.540757755931,5.87508151551186
88373,Nicolai Jörgensen,50000.000000000015,52941.17795879968,2941.1779587996643,5.882355917599328
845834,Kagan Özkan,50000.000000000015,47046.23248526425,2953.767514735766,5.90753502947153
242672,Marios Tzanoulinos,124999.9999999999,127959.70575689265,2959.7057568927557,2.3677646055142065
27172,Pavlo Kutas,199999.99999999997,197006.6508637383,2993.349136261677,1.4966745681308387
927463,Róbert Frosti Thorkelsson,249999.9999999998,247003.7925039072,2996.2074960925966,1.1984829984370398
16968,Marcel de Jong,175000.00000000012,171992.85743292345,3007.142567076662,1.718367181186663
537845,Pavlo Shushko,50000.000000000015,53011.01628180335,3011.016281803335,6.022032563606668
422287,Konstantinos Panagou,175000.00000000012,178033.931319406,3033.9313194058777,1.7336750396605003
184131,Abdülkerim Kilic,50000.000000000015,46948.59726014785,3051.402739852165,6.102805479704328
1129217,Mohamed Al-Sarnukh,124999.9999999999,121932.97391448004,3067.0260855198576,2.453620868415888
292200,Mertcan Cam,124999.9999999999,121903.47659431031,3096.523405689586,2.477218724551671
470324,Juan Bauzá,399999.9999999999,396883.1002180724,3116.8997819274664,0.7792249454818668
44325,Dmitriy Molosh,150000.00000000006,153151.57292621475,3151.5729262146924,2.1010486174764607
4360,Arjen Robben,199999.99999999997,196839.03136490763,3160.968635092344,1.580484317546172
319661,Petter Strand,399999.9999999999,403162.1865675943,3162.1865675944136,0.7905466418986037
745483,Ilya Kuleshin,100000.00000000004,96795.38227469006,3204.6177253099886,3.204617725309987
118058,Charalampos Ikonomopoulos,175000.00000000012,171790.19305317884,3209.806946821278,1.8341753981835862
746584,Cristian Trujillo,399999.9999999999,403220.2951668837,3220.2951668837923,0.8050737917209483
45072,David Barron,249999.9999999998,253238.91399190426,3238.9139919044683,1.2955655967617883
76924,Felipe Pardo,100000.00000000004,96739.61712082621,3260.382879173834,3.2603828791738327
1433420,Hayato Hirao,75000.00000000004,71717.73312898754,3282.2668710125,4.376355828016664
1254152,Berkay Topdemir,50000.000000000015,53286.38628490765,3286.386284907632,6.572772569815262
851553,Bogdan Marinkovic,50000.000000000015,53305.93340306753,3305.9334030675163,6.611866806135031
541019,Jérémy Landu,100000.00000000004,103350.10239822068,3350.102398220639,3.3501023982206375
936565,Mattéo Nkurunziza,50000.000000000015,53357.85192797503,3357.851927975018,6.715703855950034
595751,Mikkel Michelsen,50000.000000000015,46578.80497446949,3421.1950255305273,6.842390051061052
740102,Mateja Djordjević,999999.9999999997,1003434.584919598,3434.584919598303,0.34345849195983036
123251,Cătălin Straton,100000.00000000004,103437.79859437389,3437.798594373846,3.4377985943738443
158427,Nildo Petrolina,75000.00000000004,71559.97718117187,3440.0228188281762,4.586697091770899
61953,Mikhail Bagaev,50000.000000000015,46462.08324704663,3537.916752953388,7.0758335059067745
499196,Adrian Durrer,249999.9999999998,253552.11107582776,3552.1110758279683,1.4208444303311885
25090,Anton Rogochiy,75000.00000000004,78555.5176492399,3555.5176492398605,4.740690198986478
95429,Osama Rashid,100000.00000000004,103555.78505960858,3555.7850596085336,3.555785059608532
22877,Mads Junker,399999.9999999999,396442.7702841797,3557.229715820169,0.8893074289550427
1250868,Mukhammad Dzhurabaev,50000.000000000015,46440.3329595512,3559.6670404488177,7.119334080897634
122559,Mikkel Bruhn,100000.00000000004,96437.33956836814,3562.660431631899,3.5626604316318975
189525,Roberto Chen,100000.00000000004,103591.65585594576,3591.655855945719,3.5916558559457177
69445,Ivan Sesar,150000.00000000006,146374.35075071218,3625.649249287875,2.417099499525249
155352,Matthew Cooper,50000.000000000015,53629.00673340918,3629.0067334091655,7.258013466818329
155617,Emil Scheel,100000.00000000004,96342.80360227865,3657.196397721389,3.6571963977213877
240083,George Byers,399999.9999999999,403659.8645686218,3659.8645686219097,0.9149661421554777
29039,Paulo Machado,50000.000000000015,46296.082680786305,3703.9173192137096,7.407834638427417
57013,Matias Iglesias,75000.00000000004,71292.38968508248,3707.6103149175615,4.943480419890079
124668,Pica,50000.000000000015,53719.255862758495,3719.2558627584804,7.438511725516958
25036,Renat Sabitov,50000.000000000015,46280.15565916534,3719.844340834672,7.439688681669342
983434,Giorgi Robakidze,75000.00000000004,71249.55858181001,3750.4414181900356,5.0005885575867115
921662,Charlie Tasker,199999.99999999997,196234.7903774508,3765.209622549184,1.8826048112745921
22516,Chris Sörensen,50000.000000000015,53810.83958578374,3810.839585783724,7.621679171567446
397090,Davidson,349999.9999999997,346183.82192857156,3816.1780714281485,1.0903365918366148
877945,Henry Gray,124999.9999999999,128842.37894377983,3842.378943779928,3.073903155023945
623160,Vasilios Sifakis,50000.000000000015,46134.632703691845,3865.36729630817,7.730734592616338
51733,Andrew Shinnie,50000.000000000015,46073.071737331156,3926.928262668858,7.853856525337714
229768,Djarno Hofland,50000.000000000015,46055.14966894244,3944.850331057576,7.88970066211515
42967,Andy Driver,199999.99999999997,196053.21703668294,3946.782963317033,1.973391481658517
74440,Ayron del Valle,50000.000000000015,46043.95742789065,3956.0425721093634,7.912085144218725
173835,Esmaël Gonçalves,199999.99999999997,196012.12815162516,3987.871848374809,1.9939359241874048
651139,Kirill Dontsov,75000.00000000004,79015.98046242676,4015.9804624267126,5.354640616568948
355497,Yoshi Verbrugge,50000.000000000015,45975.830890770776,4024.1691092292385,8.048338218458474
886841,Mohammed Al-Kunaydiri,175000.00000000012,179027.3369655533,4027.3369655531715,2.301335408887525
700065,Can Yazici,25000.000000000004,29035.59159366384,4035.5915936638376,16.14236637465535
744600,Niklas Jahn,175000.00000000012,179044.39723532432,4044.397235324199,2.311084134470969
698969,Max Williamsen,399999.9999999999,404053.71380193665,4053.7138019367703,1.0134284504841928
530965,Matthew Wright,75000.00000000004,70938.16419251633,4061.835807483716,5.415781076644952
82244,Manuel Pascali,50000.000000000015,45936.21854724919,4063.7814527508235,8.127562905501645
3441,Timmy Simons,100000.00000000004,95897.76703790015,4102.2329620998935,4.102232962099891
698637,Arjan Raikhy,150000.00000000006,154116.39175397446,4116.3917539744,2.7442611693162653
93701,Christopher Glombard,299999.99999999977,295848.5038591076,4151.496140892152,1.3838320469640517
668128,Maksim Vedeneev,124999.9999999999,120845.92504861724,4154.0749513826595,3.32325996110613
599678,Mads Steenberg,50000.000000000015,45817.43123361613,4182.5687663838835,8.365137532767765
296674,Kenneth Fournier,50000.000000000015,45813.248577918275,4186.751422081739,8.373502844163475
52376,Igor Rocha,75000.00000000004,70787.50409284614,4212.495907153905,5.616661209538537
817698,Aleksandr Grigorjev,50000.000000000015,54238.42140596927,4238.421405969253,8.476842811938504
77147,Thomas Verhaar,175000.00000000012,179272.74432129087,4272.744321290753,2.4415681835947143
85543,Niklas Lomb,249999.9999999998,245698.31438390244,4301.685616097355,1.7206742464389433
10642,Mike Williamson,249999.9999999998,245697.3113004387,4302.688699561084,1.721075479824435
294091,Sadik Bas,150000.00000000006,154340.379062013,4340.379062012944,2.8935860413419614
297241,Liam Burt,124999.9999999999,120628.98247028881,4371.017529711084,3.4968140237688696
7215,Ahmet Sahin,25000.000000000004,29385.304906904752,4385.304906904748,17.54121962761899
211017,Jorgen Rogiers,50000.000000000015,45614.29159422899,4385.7084057710235,8.771416811542045
402002,Mamady Diarra,299999.99999999977,304391.2680586736,4391.268058673828,1.4637560195579438
41351,Rihairo Meulens,199999.99999999997,195581.88354858878,4418.116451411188,2.2090582257055944
462830,Christoffer Petersen,50000.000000000015,54418.98007427716,4418.980074277148,8.837960148554293
143850,Georgios Katidis,199999.99999999997,195540.13042215566,4459.869577844307,2.229934788922154
81776,Jean-Paul Yontcha,499999.99999999977,495528.49890387803,4471.501096121734,0.8943002192243471
153022,Nicolás Blandi,249999.9999999998,245524.1796346992,4475.820365300606,1.7903281461202438
56066,Enzo Pérez,100000.00000000004,104492.66700313259,4492.667003132548,4.492667003132547
1297949,Leonit Zeqiri,100000.00000000004,104498.8945083921,4498.894508392055,4.498894508392053
93534,Sebastian Gärtner,75000.00000000004,70499.61015484687,4500.389845153171,6.000519793537559
495963,Richie Musaba,100000.00000000004,95492.93301247316,4507.0669875268795,4.507066987526877
199337,Rifat Erdem,50000.000000000015,45488.16075043595,4511.8392495640655,9.023678499128128
797358,Tunde Owolabi,124999.9999999999,129517.81827686513,4517.818276865233,3.6142546214921896
794298,Kyrylo Senko,50000.000000000015,45469.887230192384,4530.112769807631,9.060225539615258
924598,Dimitrios Naoumis,50000.000000000015,45428.79526456507,4571.2047354349415,9.14240947086988
320839,Pim ten Have,50000.000000000015,45419.80942259094,4580.190577409077,9.160381154818152
342253,Theodoros Mingos,124999.9999999999,129598.17099543744,4598.17099543754,3.678536796350035
131658,Luís Rocha,100000.00000000004,104640.39739902421,4640.397399024165,4.640397399024162
727102,Cem Özgener,75000.00000000004,79662.42655862702,4662.426558626976,6.216568744835964
56587,Yigit Gökoglan,50000.000000000015,54665.87486002626,4665.874860026248,9.331749720052493
726430,Konstantinos Isaakidis,50000.000000000015,45334.11142356398,4665.888576436031,9.331777152872059
402363,Kauê Silva,100000.00000000004,104667.86593305404,4667.865933053996,4.667865933053994
184932,Gbenga Arokoyo,150000.00000000006,154671.95112397667,4671.951123976614,3.114634082651075
582869,Jacob Kongsmark,50000.000000000015,45305.02781426001,4694.972185740007,9.389944371480013
57255,Abdülkadir Kayali,50000.000000000015,54696.24859723202,4696.248597232006,9.39249719446401
489345,Ümit Türker,50000.000000000015,54709.52998325083,4709.529983250817,9.419059966501631
12908,Alessandro Cordaro,299999.99999999977,295273.52960088575,4726.470399114012,1.5754901330380051
194562,David Puskac,175000.00000000012,179733.0327354443,4733.032735444198,2.7045901345395396
98067,Zander Clark,150000.00000000006,145260.4564045887,4739.543595411349,3.1596957302742315
453757,Julian Roloff,100000.00000000004,104767.17103832144,4767.171038321394,4.767171038321392
554390,Georgios Manisoglou,50000.000000000015,45226.20046909206,4773.799530907956,9.547599061815909
93243,Rafael Santos,75000.00000000004,70224.12569381951,4775.874306180529,6.367832408240702
330593,Jeff King,75000.00000000004,79812.49776479162,4812.49776479158,6.41666368638877
718515,Rustam Soirov,175000.00000000012,170168.86577439212,4831.134225607995,2.7606481289188527
22467,Christopher Poulsen,199999.99999999997,204833.25711136562,4833.257111365645,2.4166285556828226
270855,Oscar Johansson Schellhas,749999.9999999998,745157.1936028424,4842.806397157372,0.645707519620983
70412,Nemanja Milunovic,50000.000000000015,54849.21351999463,4849.213519994613,9.698427039989225
266239,Dawid Kudła,124999.9999999999,129859.02639483564,4859.026394835746,3.8872211158686
501065,Noa Williams,800000.0000000005,804859.2658443789,4859.265844378388,0.6074082305472981
181833,Dmitri Volkotrub,100000.00000000004,95134.21619408803,4865.783805912011,4.8657838059120095
156384,William Dutoit,100000.00000000004,104870.01625967855,4870.0162596785085,4.870016259678507
709654,Arda Keser,50000.000000000015,45115.294423603955,4884.70557639606,9.769411152792117
81979,Tomas Poznar,25000.000000000004,29903.862332996887,4903.862332996883,19.61544933198753
796212,Philipp Schulz,299999.99999999977,295089.62372689665,4910.376273103117,1.6367920910343736
920283,Matteo Pérez Vinlöf,2499999.9999999995,2495074.9690066734,4925.030993326101,0.1970012397330441
175739,Michael Ngoo,150000.00000000006,154930.49640051805,4930.496400517994,3.2869976003453276
584630,Fernando Castro,299999.99999999977,295052.2957205071,4947.704279492667,1.6492347598308903
14695,Michael Fraser,299999.99999999977,295027.44743173744,4972.5525682623265,1.6575175227541101
186891,Álex Martínez,199999.99999999997,204990.90520849332,4990.90520849335,2.495452604246675
347383,Arda Akbulut,100000.00000000004,94989.26191429459,5010.738085705452,5.010738085705451
54859,Álvaro Pereira,100000.00000000004,105017.87017417532,5017.870174175274,5.017870174175272
260301,Aleksandr Tashaev,150000.00000000006,144971.23978435385,5028.760215646209,3.3525068104308047
81433,Raul Rusescu,100000.00000000004,105029.92858083041,5029.928580830368,5.029928580830366
169696,Özgür Yilmaz,50000.000000000015,44962.141023955475,5037.858976044539,10.075717952089077
974387,Jude Bonnar,124999.9999999999,119954.20127158545,5045.798728414447,4.036638982731562
110671,Jimmy De Jonghe,150000.00000000006,144925.89371759546,5074.106282404595,3.3827375216030617
388988,Mikhail Kizeev,100000.00000000004,105110.44953812636,5110.449538126311,5.110449538126309
110577,Damiano Zanon,50000.000000000015,44872.661070615046,5127.338929384969,10.254677858769934
1127597,Luis Gómez,349999.9999999997,344799.93255661026,5200.0674433894455,1.4857335552541284
332134,Valentin Belon,150000.00000000006,155221.9982776591,5221.998277659033,3.481332185106021
390725,Andrea Masetti,50000.000000000015,44770.25793513248,5229.7420648675325,10.459484129735062
983943,Yuta Arai,225000.00000000015,219750.28025852583,5249.719741474313,2.333208773988582
564167,Adam Magri Overend,349999.9999999997,344749.5293759137,5250.470624085981,1.5001344640245673
41007,Sinan Özkan,50000.000000000015,44719.7931405993,5280.206859400714,10.560413718801426
707231,Simon Ramet,150000.00000000006,155292.36244579844,5292.362445798382,3.5282416305322535
695507,Anil Özcelik,50000.000000000015,44701.09899069914,5298.9010093008765,10.59780201860175
119472,Milan Heca,100000.00000000004,105318.47757716221,5318.477577162164,5.318477577162161
48895,Jens Rinke,100000.00000000004,94666.83810616957,5333.161893830475,5.333161893830472
842597,Dogac Cifci,25000.000000000004,30339.438815466132,5339.438815466128,21.35775526186451
62855,Alan Mannus,25000.000000000004,30351.857079685487,5351.857079685484,21.407428318741932
550106,Matteo Cancellieri,6999999.999999995,7005389.375226775,5389.375226779841,0.07699107466828349
292366,Bubacarr Sanneh,100000.00000000004,105395.4455272635,5395.445527263451,5.395445527263449
53139,Santiago Morero,50000.000000000015,44597.6445016596,5402.355498340417,10.804710996680832
249166,Marco Sordi,25000.000000000004,30408.224224990532,5408.2242249905285,21.632896899962113
68405,Xenofon Fetsis,349999.9999999997,344514.18470553064,5485.815294469066,1.5673757984197345
335547,Scott Lochhead,50000.000000000015,44501.430290554315,5498.569709445699,10.997139418891395
73373,Yaw Amankwah,100000.00000000004,105542.87949264214,5542.879492642096,5.5428794926420935
617178,Matteo Carnelos,25000.000000000004,30547.332902712304,5547.3329027123,22.189331610849198
257968,Tommy Robson,249999.9999999998,255566.75734889007,5566.757348890271,2.22670293955611
1216529,Guillem Trilla,50000.000000000015,55570.25586555284,5570.255865552826,11.140511731105649
25461,Javier Flaño,100000.00000000004,94403.60803356188,5596.391966438168,5.5963919664381665
832056,Mert Altinöz,50000.000000000015,55601.42705444375,5601.427054443739,11.202854108887474
454126,Iduitua David,100000.00000000004,94391.0828861474,5608.9171138526435,5.608917113852641
25860,Igor Kot,50000.000000000015,55637.710211145815,5637.710211145801,11.2754204222916
5892,Martin Jörgensen,100000.00000000004,105645.23651386042,5645.236513860378,5.645236513860376
656172,Jakov Basic,600000.0000000003,594332.8275961202,5667.172403880162,0.9445287339800265
818882,Riccardo Stivanello,199999.99999999997,205675.8246816799,5675.824681679922,2.8379123408399614
287032,Brian Meulmeester,50000.000000000015,44291.00309097643,5708.996909023583,11.417993818047162
23306,Alberto Rivera,199999.99999999997,205756.07884892976,5756.078848929785,2.878039424464893
447507,Rodrigo Alírio,100000.00000000004,105809.08819389582,5809.0881938957755,5.809088193895773
668041,Omar Faraj,749999.9999999998,755812.1277619923,5812.1277619925095,0.7749503682656682
89185,Martin Rauschenberg Brorsen,124999.9999999999,119171.69616745498,5828.303832544916,4.662643066035937
260298,Dmitriy Starodub,249999.9999999998,244171.23482528413,5828.765174715663,2.331506069886267
1179908,Awan Lual,100000.00000000004,94158.90099943541,5841.099000564631,5.841099000564628
208602,Can Bartu Günes,50000.000000000015,44156.042867197684,5843.95713280233,11.687914265604658
178349,Sana Zaniou,150000.00000000006,144152.0977934177,5847.9022065823665,3.89860147105491
193891,Jordan Stewart,75000.00000000004,69134.74666767148,5865.253332328561,7.820337776438076
233141,Junior Morias,150000.00000000006,155870.28641368315,5870.28641368309,3.9135242757887254
51819,Ugur Akdemir,50000.000000000015,55870.805123900784,5870.805123900769,11.741610247801534
49772,Mario Baric,249999.9999999998,244125.7881962178,5874.211803782004,2.3496847215128036
388121,Karlo Butic,324999.9999999999,330881.13472683716,5881.134726837277,1.8095799159499322
60028,Edgar Prib,150000.00000000006,155952.26617502252,5952.266175022465,3.968177450014975
7978,Luciano Galletti,199999.99999999997,205967.5746205777,5967.57462057774,2.98378731028887
447204,Saranon Anuin,249999.9999999998,244016.1289953903,5983.8710046095075,2.393548401843805
37981,Sebastian Prödl,199999.99999999997,205994.8138802522,5994.813880252215,2.9974069401261083
139914,Sinisa Babic,249999.9999999998,243993.37680421694,6006.623195782857,2.4026492783131443
926979,Sebastian Biller,100000.00000000004,106043.2545048363,6043.254504836252,6.043254504836249
1058851,Milos Soprenic,150000.00000000006,156078.3039694804,6078.30396948033,4.052202646320219
35645,Kamil Vacek,25000.000000000004,31092.278343527585,6092.2783435275815,24.36911337411032
75544,Uros Palibrk,100000.00000000004,93904.09129366065,6095.908706339396,6.095908706339394
15164,Keiren Westwood,199999.99999999997,193901.24873949488,6098.751260505087,3.049375630252544
322351,Abdoul Ba,199999.99999999997,206114.4720389373,6114.472038937325,3.057236019468663
632471,Cheikh Kane Sarr,100000.00000000004,93861.39981941102,6138.600180589026,6.138600180589024
495627,Álvaro Fernández,100000.00000000004,93822.26251007938,6177.7374899206625,6.17773748992066
241706,Danny Williams,249999.9999999998,243813.95495736698,6186.045042632817,2.4744180170531287
229330,Darwin Cerén,75000.00000000004,81213.52024570064,6213.520245700594,8.28469366093412
139339,João Amorim,199999.99999999997,193782.01345001993,6217.986549980036,3.108993274990018
814663,Zisis Saliaris,50000.000000000015,56243.085742717194,6243.0857427171795,12.486171485434355
53600,Stanislav Namasco,100000.00000000004,93717.30429224887,6282.695707751176,6.282695707751174
131758,Jesse Joronen,499999.99999999977,493671.7181142781,6328.281885721663,1.265656377144333
28026,Massimo Paci,75000.00000000004,68669.06613191958,6330.933868080465,8.441245157440616
140311,Takahiro Ogihara,249999.9999999998,243654.0963336673,6345.90366633251,2.538361466533006
922103,Mohamed Al-Thani,850000.0000000005,856375.2628709271,6375.262870926643,0.7500309259913693
1059298,Côme Bianay Balcot,199999.99999999997,206376.7985452192,6376.798545219237,3.188399272609619
1291385,Orest Lepskyi,50000.000000000015,56380.17068096338,6380.170680963369,12.760341361926733
344581,Kieran Freeman,324999.9999999999,318617.69815345417,6382.3018465457135,1.963785183552528
59383,Gavin Morrison,75000.00000000004,68609.97913860202,6390.020861398021,8.520027815197356
6090,Manuele Blasi,75000.00000000004,68608.42887752433,6391.571122475711,8.52209482996761
6873,Sinan Kaloglu,50000.000000000015,56401.158501808204,6401.15850180819,12.802317003616375
21972,Cristian Molinaro,249999.9999999998,243565.39578718896,6434.604212810838,2.5738416851243375
779752,Soufiane Hetli,449999.99999999994,443536.48822552036,6463.511774479586,1.4363359498843526
318084,Brian Vassallo,50000.000000000015,43512.52598787283,6487.4740121271825,12.974948024254363
156896,Noé Acosta,124999.9999999999,118512.17692056182,6487.82307943808,5.190258463550467
386021,Keram Onayli,50000.000000000015,56489.27748600322,6489.277486003208,12.978554972006412
927641,Diogo Costa,249999.9999999998,243469.47965255586,6530.520347443933,2.6122081389775755
52199,Benny Rogiest,50000.000000000015,43451.0963478839,6548.903652116118,13.097807304232232
848083,Cheick Thiam,100000.00000000004,106551.05051998675,6551.050519986704,6.551050519986701
98557,Artem Deljkin,124999.9999999999,131564.85622438806,6564.856224388161,5.251884979510533
269365,Oleksiy Zozulya,199999.99999999997,206616.20016932048,6616.200169320509,3.3081000846602553
80312,Mykyta Shevchenko,150000.00000000006,156679.0622801467,6679.062280146638,4.452708186764424
639711,Richecard Richard,100000.00000000004,106694.1494984007,6694.149498400657,6.6941494984006535
256996,Guido Guerrieri,50000.000000000015,56725.88514852218,6725.885148522168,13.451770297044332
200953,Kieran Gibbons,75000.00000000004,68265.59859863017,6734.401401369876,8.979201868493163
216701,Jung-hyun Kim,249999.9999999998,243263.32383244415,6736.676167555648,2.6946704670222617
330930,Jelle van der Heyden,199999.99999999997,206737.9835867285,6737.983586728515,3.368991793364258
667902,Brett Minnema,50000.000000000015,56742.245763976774,6742.24576397676,13.484491527953516
874114,Kaan Cinkaya,75000.00000000004,68255.50028016437,6744.499719835672,8.992666293114224
80188,Benoît Poulain,150000.00000000006,143235.2339056332,6764.766094366845,4.509844062911228
491391,Leonel Montano,150000.00000000006,143230.23845528488,6769.761544715177,4.513174363143449
77797,Christiaan Cicek,75000.00000000004,68227.47618925918,6772.523810740866,9.030031747654482
59084,Fernando Varela,100000.00000000004,106784.47764471904,6784.477644718994,6.784477644718992
237334,Lukas Klemenz,399999.9999999999,393196.3046036934,6803.695396306459,1.7009238490766152
200481,Simone Aldrovandi,75000.00000000004,81819.90055218167,6819.900552181629,9.093200736242167
50135,Nikita Rukavytsya,150000.00000000006,156834.33474262722,6834.334742627165,4.556223161751442
79132,Chumbinho,150000.00000000006,143109.9471830826,6890.05281691745,4.593368544611632
248551,Álvaro Ratón,150000.00000000006,156891.0773383625,6891.077338362433,4.594051558908287
419427,Bob Straetman,150000.00000000006,143082.63455055948,6917.365449440578,4.611576966293717
576997,Burak Evren,50000.000000000015,43063.352963869904,6936.647036130111,13.873294072260217
25520,Remko Pasveer,100000.00000000004,106962.87343511301,6962.873435112968,6.962873435112965
120070,Paul McGinn,100000.00000000004,106968.7481339976,6968.748133997549,6.968748133997546
186878,Jordon Forster,199999.99999999997,206986.0630720493,6986.063072049321,3.493031536024661
57944,Sergio Pelegrín,100000.00000000004,107005.86752092566,7005.867520925618,7.005867520925616
165717,Sahinali Terzi,100000.00000000004,92993.85755373545,7006.1424462645955,7.006142446264592
1104727,Sotiri Phillis,199999.99999999997,192972.12877562977,7027.871224370203,3.5139356121851018
1003583,Rakan Al-Tulayhi,175000.00000000012,167964.9171953564,7035.082804643724,4.020047316939268
58660,Ibrahim Öztürk,25000.000000000004,32059.016280856853,7059.016280856849,28.236065123427394
26797,Julien Gorius,150000.00000000006,157072.57405848015,7072.574058480095,4.7150493723200615
1169198,Abdulaziz Al-Hatila,175000.00000000012,182075.98216483044,7075.982164830319,4.043418379903037
928359,Myron Mau-Asam,50000.000000000015,42889.835412328684,7110.16458767133,14.220329175342656
39924,Anthony Robic,150000.00000000006,157117.2234041362,7117.223404136137,4.744815602757423
4311,Maarten Stekelenburg,75000.00000000004,67876.11130808613,7123.888691913919,9.49851825588522
810894,Mayssam Benama,199999.99999999997,192838.13500170843,7161.864998291538,3.580932499145769
418165,Jeffrey Rijkers,50000.000000000015,42830.60717032671,7169.392829673307,14.338785659346609
829873,Mattéo Corduan,100000.00000000004,92766.97200438885,7233.027995611192,7.233027995611188
347546,Ross MacLean,100000.00000000004,92726.75654318635,7273.243456813696,7.2732434568136926
177276,Bogdan Sarnavskyi,150000.00000000006,157274.02337865415,7274.023378654092,4.849348919102726
330331,Georgios Vasiliadis,100000.00000000004,92711.54748838338,7288.452511616662,7.28845251161666
166753,Armin Hodzic,249999.9999999998,242707.50554464178,7292.4944553580135,2.916997782143208
51260,Adlan Katsaev,100000.00000000004,107355.80003613998,7355.800036139932,7.355800036139929
18900,Hatem Ben Arfa,199999.99999999997,207363.91541907395,7363.915419073979,3.6819577095369898
29594,Graziano Pellè,100000.00000000004,92626.16128474008,7373.838715259961,7.373838715259957
886252,Isaiah Ahmed,124999.9999999999,132380.11745307993,7380.1174530800345,5.9040939624640325
14403,Júnior,100000.00000000004,107397.59562723624,7397.595627236195,7.397595627236192
48805,Mads Albaek,100000.00000000004,92563.13377559945,7436.866224400597,7.436866224400594
334774,Brian Oppong,50000.000000000015,57452.19165777631,7452.191657776297,14.904383315552588
627407,Jonathan Núñez,249999.9999999998,257468.72623186195,7468.726231862151,2.9874904927448624
44714,Costin Lazar,50000.000000000015,42523.85127156136,7476.148728438653,14.9522974568773
288832,Gökhan Köseoglu,50000.000000000015,57480.50175845106,7480.501758451042,14.96100351690208
130824,Yevgen Zubeyko,150000.00000000006,142505.81533824134,7494.184661758714,4.996123107839141
944187,Sovannmakara Sin,75000.00000000004,67500.41631965814,7499.583680341908,9.99944490712254
971137,Peter Ambrose,399999.9999999999,407521.1824058528,7521.182405852887,1.8802956014632226
885237,Nazım Özcan,50000.000000000015,57540.24743454867,7540.247434548655,15.080494869097304
1293451,Oleksandr Feshchenko,50000.000000000015,57591.60751949228,7591.607519492267,15.18321503898453
18223,Anssi Jaakkola,75000.00000000004,82593.62651008368,7593.626510083632,10.12483534677817
171374,Robbie Crawford,299999.99999999977,307600.5003369919,7600.500336992147,2.5335001123307177
833315,Novatus Miroshi,4999999.999999999,4992394.476058275,7605.52394172363,0.15211047883447262
1000752,Panagiotis Kalampoukas,50000.000000000015,57611.64309118854,7611.643091188525,15.223286182377047
461954,Berke Önde,50000.000000000015,57632.45725331117,7632.457253311157,15.26491450662231
296471,Koya Yuruki,600000.0000000003,607634.5485751026,7634.548575102235,1.2724247625170386
69004,Yevgen Khacheridi,100000.00000000004,107641.96407857929,7641.9640785792435,7.64196407857924
800021,Alexandros Doumas,50000.000000000015,42356.865964002165,7643.134035997849,15.286268071995696
77740,Alassane Touré,249999.9999999998,242297.39533805096,7702.604661948833,3.081041864779536
255682,Ilias Polimos,150000.00000000006,157747.51046289815,7747.510462898092,5.165006975265393
88327,Bilal Ouali,150000.00000000006,142200.6641484127,7799.335851587355,5.199557234391568
44629,Manolis Papasterianos,100000.00000000004,107805.00417539132,7805.004175391281,7.805004175391278
617982,Sef Van Damme,50000.000000000015,42172.56760350411,7827.432396495904,15.654864792991804
519879,Guilherme Romão,399999.9999999999,392141.8826207018,7858.117379298084,1.9645293448245216
7028,Filip Daems,100000.00000000004,107859.56546402465,7859.565464024607,7.8595654640246035
34561,Johan Djourou,199999.99999999997,207859.98918468677,7859.989184686798,3.929994592343399
119223,Ruslan Mukhametshin,25000.000000000004,32913.68690454014,7913.686904540136,31.65474761816054
223248,Tom Rosenthal,124999.9999999999,132925.65380961171,7925.6538096118165,6.340523047689459
892049,Marko Sapuga,499999.99999999977,507943.0920162559,7943.092016256123,1.5886184032512254
40995,Neven Subotic,199999.99999999997,192050.14778222528,7949.852217774693,3.974926108887347
432225,Diego Medina,800000.0000000005,807950.8226829236,7950.822682923172,0.9938528353653959
560991,Majid Al-Saadi,175000.00000000012,167022.01407523136,7977.985924768756,4.558849099867858
301666,Oktay Aykurt,50000.000000000015,58039.27227178495,8039.272271784932,16.07854454356986
87512,Matías Castro,124999.9999999999,133064.05335828025,8064.053358280347,6.4512426866242825
616893,Murat Berk Colak,50000.000000000015,41915.401052430665,8084.59894756935,16.169197895138694
292353,Victor Massaia,199999.99999999997,208104.95177971243,8104.951779712457,4.05247588985623
538994,Pierre Ekwah,499999.99999999977,508118.6259335195,8118.625933519739,1.6237251867039486
48512,Kazbek Geteriev,75000.00000000004,83131.9700022039,8131.97000220386,10.84262666960514
81786,Masato Morishige,75000.00000000004,66826.41986168902,8173.580138311023,10.898106851081357
60951,Funso Ojo,225000.00000000015,216790.74377022323,8209.256229776918,3.6485583243452946
334432,Savva Knyazev,50000.000000000015,58225.42013645841,8225.420136458393,16.450840272916782
26562,Filippos Darlas,199999.99999999997,191760.06344058338,8239.936559416587,4.119968279708294
876716,Emre Şimşek,50000.000000000015,41755.50062595648,8244.499374043531,16.48899874808706
1315494,Chih-Yu Kung,75000.00000000004,66742.62890042579,8257.371099574259,11.009828132765671
450427,Vasilios Xenopoulos,299999.99999999977,308262.1598773408,8262.159877341008,2.7540532924470047
305423,Ivan Zotko,150000.00000000006,158275.44020623981,8275.440206239757,5.516960137493169
567123,Ciaran Dickson,100000.00000000004,91703.1427523489,8296.857247651147,8.296857247651143
620892,Arad Bar,249999.9999999998,241700.25642350278,8299.743576497014,3.3198974305988083
282819,Ilias Stavropoulos,100000.00000000004,91649.75386643784,8350.246133562207,8.350246133562203
271516,Valeriy Voskonyan,199999.99999999997,191615.28065495528,8384.719345044694,4.192359672522348
581140,Joelson Fernandes,999999.9999999997,991586.063221107,8413.936778892647,0.8413936778892649
185823,Gökhan Korkmaz,50000.000000000015,58442.651631304914,8442.6516313049,16.885303262609792
58267,Castro,50000.000000000015,58452.08677597076,8452.086775970747,16.90417355194149
37221,Thomas Enevoldsen,124999.9999999999,116539.55387520888,8460.446124791022,6.768356899832824
7682,Ariel Ibagaza,199999.99999999997,191530.95771772324,8469.042282276729,4.234521141138365
620091,Ahmet Celalettin Seckinli,50000.000000000015,41511.61305978436,8488.386940215656,16.976773880431306
257751,Simone Bastoni,1499999.9999999986,1491497.6604081893,8502.339591809316,0.5668226394539548
859733,Safarmad Gafforov,100000.00000000004,108583.96486860086,8583.964868600815,8.58396486860081
44422,Jan Seda,75000.00000000004,66401.51133701245,8598.488662987598,11.464651550650125
296781,Stanislav Kulish,75000.00000000004,66377.8532092956,8622.146790704443,11.496195720939252
163675,Filippo Moscati,150000.00000000006,158645.0630389958,8645.063038995751,5.763375359330499
1145212,Nathan Barrie,150000.00000000006,141346.30470437987,8653.695295620186,5.769130197080122
1159759,Adam Nhaili,150000.00000000006,141332.2965828412,8667.70341715886,5.7784689447725714
7311,Serdar Kulbilge,25000.000000000004,33669.677267306026,8669.677267306022,34.678709069224084
150080,Daniel Mesenhöler,150000.00000000006,158691.30873345787,8691.308733457816,5.794205822305208
20137,José Sosa,50000.000000000015,41283.75922584758,8716.240774152437,17.432481548304867
287631,Pierluigi Cappelluzzo,50000.000000000015,58724.37837003888,8724.378370038867,17.448756740077727
138456,Wojciech Pawlowski,100000.00000000004,91270.5121636147,8729.48783638535,8.729487836385346
565523,Edu Espiau,199999.99999999997,208737.847292259,8737.847292259015,4.368923646129509
73092,Rene Krhin,249999.9999999998,258751.84302218325,8751.843022183457,3.5007372088733857
93759,Matthieu Saunier,249999.9999999998,241237.45215799325,8762.547842006548,3.505019136802622
991751,Lovro Golic,299999.99999999977,291226.89089090104,8773.109109098732,2.924369703032913
13368,Bernd Thijs,150000.00000000006,141221.9548148425,8778.045185157564,5.852030123438373
1035758,Andy Musayev,175000.00000000012,183791.63812126347,8791.638121263357,5.023793212150486
286288,Mario Prezioso,199999.99999999997,208796.42185930695,8796.421859306982,4.398210929653492
12112,Per Kröldrup,199999.99999999997,208798.7802998888,8798.780299888836,4.399390149944419
342913,Georgios Bletsas,150000.00000000006,158829.98702853013,8829.987028530071,5.886658019020046
125829,Adem Candir,50000.000000000015,41158.09539733411,8841.904602665905,17.683809205331805
52044,Georgios Lazaridis,100000.00000000004,108842.21052862109,8842.210528621043,8.842210528621038
31089,Barel Mouko,299999.99999999977,291150.25220525597,8849.747794743802,2.9499159315812697
161517,Gareth Rodger,50000.000000000015,58862.412649048485,8862.41264904847,17.724825298096935
79128,Braga,75000.00000000004,83872.59217072804,8872.592170727992,11.830122894303981
582100,Marcus Melchior,449999.99999999994,441119.7551080676,8880.24489193235,1.973387753762745
7528,Valdo,50000.000000000015,41112.14571872441,8887.854281275606,17.775708562551205
483047,Seyi Adekoya,175000.00000000012,166109.73767675398,8890.262323246134,5.080149898997787
310004,Michael Zacho,50000.000000000015,58956.08416182437,8956.084161824358,17.91216832364871
190924,Joey Potveer,50000.000000000015,58960.55280408144,8960.552804081424,17.921105608162843
748065,Ivo Mammini,249999.9999999998,258978.18233107432,8978.182331074524,3.591272932429813
285091,Luca Bruno,50000.000000000015,59021.19315868111,9021.193158681097,18.042386317362187
243819,Allan Blaze,124999.9999999999,134033.62989871073,9033.629898710831,7.22690391896867
40023,Jonas Brix-Damborg,100000.00000000004,90965.02838244397,9034.971617556075,9.03497161755607
199297,Jacek Goralski,700000.0000000006,709057.6356982081,9057.635698207538,1.29394795688679
393010,Marten Schevenels,50000.000000000015,59096.48519143784,9096.485191437823,18.192970382875643
278958,Brian Jacobs,75000.00000000004,65849.64494563844,9150.3550543616,12.20047340581546
896140,Thomas Vrakas,50000.000000000015,40846.903272914235,9153.09672708578,18.306193454171556
223908,Ismail Mohamad,100000.00000000004,90843.16482458789,9156.835175412154,9.156835175412152
1243013,Arda Öztürk,100000.00000000004,109162.40533482324,9162.405334823197,9.162405334823195
808889,Valeriy Daskalytsya,50000.000000000015,40785.98049047155,9214.019509528465,18.428039019056925
538973,Samuel Yépié Yépié,124999.9999999999,115774.42963357754,9225.570366422355,7.38045629313789
199470,Onurcan Piri,199999.99999999997,209230.89140850335,9230.891408503376,4.615445704251689
1130602,Melih Şen,25000.000000000004,34247.406423427055,9247.406423427052,36.9896256937082
349107,Oleg Synytsya,349999.9999999997,359254.2183181309,9254.21831813117,2.644062376608908
28306,Gennaro Bracigliano,249999.9999999998,240738.11788146643,9261.882118533365,3.7047528474133493
293731,Dan Higgins,50000.000000000015,59321.928593106444,9321.92859310643,18.643857186212852
60653,Dmitriy Abakumov,124999.9999999999,115673.64675455744,9326.353245442457,7.461082596353971
637117,Altin Kryeziu,199999.99999999997,209372.86218279882,9372.862182798854,4.686431091399427
49589,Ali Gadzhibekov,100000.00000000004,109374.57701236043,9374.577012360387,9.374577012360383
566046,Nikita Kotin,249999.9999999998,259384.5417148454,9384.541714845604,3.7538166859382445
250416,Frane Cirjak,150000.00000000006,159393.50589731897,9393.505897318915,6.262337264879274
2374,Patrick Owomoyela,199999.99999999997,190564.94238414502,9435.057615854952,4.717528807927477
668013,Kerem Hayta,50000.000000000015,40557.42993009727,9442.570069902744,18.885140139805483
434015,Terry Ablade,199999.99999999997,209443.4145526573,9443.414552657341,4.721707276328671
295342,Musa Muhammed,199999.99999999997,190529.26932796897,9470.730672031,4.7353653360155015
289614,Nando Nöstlinger,100000.00000000004,109476.5404290058,9476.540429005763,9.476540429005759
168968,Nikola Cirkovic,100000.00000000004,90521.27296973308,9478.727030266964,9.47872703026696
1109358,Lachlan Bayliss,549999.9999999998,540510.0194640132,9489.9805359866,1.725451006543019
108372,Aliosman Aydin,75000.00000000004,84498.75660061343,9498.756600613386,12.665008800817839
168427,Dawid Abramowicz,75000.00000000004,84505.81003329188,9505.81003329184,12.674413377722447
274484,Youssouf Koné,800000.0000000005,790491.9954225887,9508.004577411804,1.188500572176475
623071,Konstantinos Tsirigotis,150000.00000000006,159514.82736824796,9514.827368247905,6.343218245498601
574215,Oleksandr Kozhevnikov,75000.00000000004,65479.185316679424,9520.81468332062,12.694419577760819
147007,Lennert Vanherberghen,100000.00000000004,109548.22861366258,9548.228613662533,9.548228613662529
662810,Yılmaz Aktaş,50000.000000000015,59568.03500364292,9568.035003642908,19.13607000728581
419117,Petro Kharzhevskyi,50000.000000000015,59579.966567747746,9579.966567747731,19.159933135495457
1298885,Diego Ferrer,50000.000000000015,40398.72656541114,9601.273434588875,19.202546869177745
476735,Mikkel Qvist,100000.00000000004,109602.51505139355,9602.515051393508,9.602515051393503
876858,Kerem Altunisik,50000.000000000015,40353.48486540523,9646.515134594782,19.293030269189558
605427,Johan Guadagno,100000.00000000004,90352.87851093632,9647.12148906372,9.647121489063716
686005,Jonas Lange Hjorth,399999.9999999999,409671.9686603136,9671.968660313694,2.417992165078424
111200,Fábio Pacheco,75000.00000000004,84672.38922816749,9672.389228167449,12.896518970889925
1115028,Ali Hajabi,150000.00000000006,159674.77065636756,9674.770656367502,6.4498471042449985
149444,Saliou Ciss,199999.99999999997,209689.22268029678,9689.222680296807,4.844611340148404
642947,Elias Telles,899999.9999999995,890296.6191216147,9703.380878384807,1.0781534309316458
661257,Alexandre Tégar,199999.99999999997,190276.90936997216,9723.090630027815,4.861545315013908
240349,Cristiano Lombardi,100000.00000000004,109731.89078446841,9731.89078446837,9.731890784468366
241365,Vangelis Tsiamis,150000.00000000006,159733.93940048708,9733.939400487026,6.489292933658016
493332,Nikolaos Kenourgios,150000.00000000006,140261.23035876072,9738.769641239342,6.492513094159559
190900,Kenan Karisik,50000.000000000015,59781.81258435218,9781.812584352163,19.56362516870432
170359,Reiner Ferreira,150000.00000000006,159812.897846041,9812.897846040956,6.5419318973606355
787301,Aleksey Kornienko,25000.000000000004,34841.61756351646,9841.617563516458,39.366470254065824
207571,Alex Soares,199999.99999999997,190119.50786036585,9880.492139634123,4.9402460698170625
208773,Connor McManus,50000.000000000015,59884.17758324749,9884.177583247474,19.768355166494942
182079,İbrahim Akdağ,150000.00000000006,159889.6995405146,9889.699540514528,6.593133027009683
374213,Jari Vlak,499999.99999999977,490106.7257568559,9893.274243143853,1.9786548486287716
282382,Roman Salimov,124999.9999999999,115102.41346689207,9897.586533107824,7.918069226486265
203851,Yevgen Troyanovskyi,100000.00000000004,109931.90989717792,9931.909897177873,9.931909897177869
238883,Andrés Sampedro,100000.00000000004,109939.6734299052,9939.67342990516,9.939673429905156
626655,Gurmeet Singh,175000.00000000012,184939.7140011969,9939.714001196786,5.679836572112445
6893,Gabriel Tamas,100000.00000000004,90043.53581540496,9956.464184595083,9.95646418459508
876646,Mehmet Kuzucu,50000.000000000015,40029.82867665387,9970.171323346141,19.940342646692276
383211,Yaroslav Deda,50000.000000000015,40007.35296211455,9992.647037885465,19.985294075770923
222905,Badara Sarr,50000.000000000015,39987.54776374131,10012.452236258701,20.024904472517395
467940,Vitinho,299999.99999999977,289986.4800880147,10013.519911985088,3.3378399706616984
355051,Luigi D'Ignazio,75000.00000000004,64971.889527627565,10028.110472372478,13.370813963163297
180437,Kadir Ari,100000.00000000004,110029.11762002126,10029.117620021221,10.029117620021216
287653,Diego Rossetto,50000.000000000015,39969.88969568616,10030.110304313857,20.06022060862771
726860,Jay Turner-Cooke,175000.00000000012,164952.86958017378,10047.130419826339,5.741217382757904
320426,Andrea Gulli,75000.00000000004,64913.79843346375,10086.201566536292,13.448268755381715
1092674,Anaru Cassidy,124999.9999999999,114888.72127220954,10111.278727790355,8.089022982232292
13946,Steven MacLean,199999.99999999997,210183.42034057804,10183.420340578072,5.091710170289036
1135452,Jorge Benito,25000.000000000004,35188.10773261978,10188.107732619774,40.752430930479086
193680,Nikolaj Hansen,150000.00000000006,160200.84481704593,10200.844817045872,6.8005632113639125
169511,Uros Radakovic,399999.9999999999,410221.21908252116,10221.219082521275,2.5553047706303196
58713,Murat Kayali,75000.00000000004,85223.48995355917,10223.489953559125,13.631319938078827
126770,Dominik Masek,124999.9999999999,114744.76599063094,10255.234009368956,8.20418720749517
268214,Joost Krijns,50000.000000000015,39740.677366520635,10259.32263347938,20.518645266958753
198570,Rui Vieira,150000.00000000006,139679.8950937798,10320.104906220251,6.880069937480164
1225292,Gonzalo Siri,249999.9999999998,239678.77226916247,10321.22773083733,4.128491092334936
44727,Grégory Bettiol,249999.9999999998,239665.9569165588,10334.043083441007,4.133617233376406
324338,Andreas Dermitzakis,150000.00000000006,160334.11835247622,10334.118352476158,6.889412234984103
33549,Marco Soares,50000.000000000015,60337.86808233739,10337.868082337372,20.67573616467474
13217,João Pereira,299999.99999999977,310359.8001929499,10359.800192950119,3.4532667309833758
90983,Ridvan Simsek,75000.00000000004,85363.72602579015,10363.726025790107,13.818301367720135
62462,Kenan Hajdarevic,100000.00000000004,110366.88046348983,10366.880463489782,10.366880463489778
348523,Konstantinos Chatzidimpas,150000.00000000006,160406.4530366731,10406.453036673047,6.937635357782028
182813,Youssef Ben Ali,299999.99999999977,310408.0423394162,10408.042339416454,3.4693474464721543
743494,Amay Caprice,100000.00000000004,110427.1279528991,10427.127952899056,10.42712795289905
47994,Simon King,199999.99999999997,189563.80294379505,10436.197056204925,5.218098528102463
816143,Robson Reis,199999.99999999997,210439.2657847425,10439.265784742543,5.219632892371273
1168837,Abdalellah Hawsawi,249999.9999999998,239541.70480376575,10458.295196234045,4.183318078493621
157912,Nicolai Geertsen,150000.00000000006,160505.39644685143,10505.396446851373,7.003597631234245
1154396,Calan Ledingham,50000.000000000015,60507.35790043259,10507.357900432573,21.01471580086514
163291,Gianluca Draghetti,50000.000000000015,60533.51993261937,10533.519932619354,21.0670398652387
19083,Mikael Antonsson,150000.00000000006,160542.75495778577,10542.754957785713,7.028503305190473
130347,Filippo Boniperti,75000.00000000004,85553.32140299096,10553.321402990914,14.071095203987877
400534,Josh Heaton,75000.00000000004,64439.04580489263,10560.954195107413,14.08127226014321
1000157,İbrahim Demir,50000.000000000015,39417.4983007041,10582.501699295914,21.16500339859182
367443,Jonas Wendlinger,225000.00000000015,214404.88655703486,10595.113442965288,4.708939307984569
7023,Bekir Ozan Has,50000.000000000015,60625.3886647941,10625.388664794089,21.25077732958817
382533,Timur Pukhov,175000.00000000012,185671.41967506346,10671.419675063342,6.097954100036191
35853,Daniele Paponi,100000.00000000004,110691.03713960586,10691.037139605818,10.691037139605813
136005,Fáiner Torijano,50000.000000000015,60696.6540408513,10696.654040851288,21.39330808170257
106605,Mostafa Shebeita,100000.00000000004,110737.51138010982,10737.511380109776,10.73751138010977
1031028,Oleksandr Vivdych,299999.99999999977,310756.1501832404,10756.15018324065,3.5853833944135527
37340,Antonio Tomás,150000.00000000006,139241.30044429062,10758.699555709434,7.172466370472954
749133,Maksat Alygulov,299999.99999999977,310767.9657979328,10767.965797933051,3.589321932644353
187077,Oliver Thychosen,100000.00000000004,110769.57440298956,10769.574402989514,10.769574402989509
44421,Cédric Avinel,249999.9999999998,260777.96014045848,10777.960140458687,4.311184056183478
292488,Ely Fernandes,50000.000000000015,60816.90476023835,10816.904760238336,21.633809520476667
185031,Vasiliy Lukichev,100000.00000000004,89167.30440002261,10832.695599977436,10.832695599977432
161757,Yasin Kocatepe,50000.000000000015,60839.24523946975,10839.245239469732,21.67849047893946
237294,Mahmut Metin,50000.000000000015,39152.516929981044,10847.48307001897,21.694966140037934
192192,Arman Hovhannisyan,150000.00000000006,139091.9094358043,10908.090564195765,7.272060376130507
162551,Federico Serra,75000.00000000004,64088.72785010644,10911.2721498936,14.548362866524792
25879,Pavel Alikin,25000.000000000004,35929.199921387895,10929.199921387892,43.716799685551564
344312,Marian Pisoja,349999.9999999997,339037.75371838035,10962.246281619358,3.132070366176962
212275,Yuichi Maruyama,100000.00000000004,89020.1992810941,10979.800718905943,10.979800718905938
678491,Martijn Beernaert,50000.000000000015,60980.28301698538,10980.283016985362,21.960566033970718
207109,Dale Keenan,50000.000000000015,60981.76374633165,10981.763746331635,21.963527492663264
558542,Jun-beom Kim,299999.99999999977,288999.1040940803,11000.89590591949,3.666965301973166
51225,Hernán Rengifo,25000.000000000004,36007.79714491278,11007.797144912776,44.0311885796511
610239,Yigit Kafkasyali,50000.000000000015,61023.84161111913,11023.841611119118,22.04768322223823
838813,Abderahmane Soussi,100000.00000000004,88970.40402821232,11029.595971787727,11.029595971787721
226980,Viktor Budinsky,124999.9999999999,113947.97913313587,11052.020866864026,8.841616693491227
140780,Senad Karahmet,199999.99999999997,188931.00613598924,11068.993864010728,5.534496932005365
476755,Mateo Les,399999.9999999999,411125.1660305632,11125.166030563298,2.7812915076408253
44778,Vítor Silva,75000.00000000004,86137.91012651604,11137.910126515999,14.850546835354656
200320,Kevin Koubemba,199999.99999999997,211144.20286422587,11144.202864225896,5.572101432112948
337699,Mattia Cella,25000.000000000004,36206.706001962986,11206.706001962983,44.826824007851926
869978,Luca Banu,150000.00000000006,138784.3308198029,11215.669180197146,7.477112786798094
266269,Karol Szymański,100000.00000000004,111221.94718205417,11221.947182054122,11.221947182054118
634117,Pablo Valencia,150000.00000000006,161301.82123266102,11301.821232660965,7.534547488440641
244272,Sam Wardrop,100000.00000000004,111309.47084259907,11309.470842599025,11.309470842599021
625861,Pierre Ramses Akono,100000.00000000004,88668.45335715036,11331.546642849687,11.331546642849682
410831,Mehmet Enes Öztürk,50000.000000000015,38663.207353472906,11336.792646527108,22.67358529305421
1368,Guy Demel,150000.00000000006,138641.27916381374,11358.720836186316,7.572480557457541
61258,David Vázquez,150000.00000000006,161467.4467836324,11467.446783632331,7.64496452242155
942083,Karim Mohamed,100000.00000000004,111482.6637890578,11482.663789057755,11.48266378905775
102569,Carlos Lampe,50000.000000000015,38499.244426074045,11500.75557392597,23.001511147851932
527139,Mostafa Maarouf,75000.00000000004,63484.34268535721,11515.657314642835,15.354209752857104
561974,Vladyslav Veremeev,75000.00000000004,63471.55099555495,11528.449004445094,15.371265339260114
124915,Sean McCarthy,50000.000000000015,38404.61525458895,11595.384745411066,23.190769490822124
965954,Jake Burger,100000.00000000004,88379.72641373973,11620.273586260315,11.62027358626031
583607,William de Camargo,100000.00000000004,88378.87287776577,11621.127122234277,11.621127122234272
371927,Caíque Lemes,150000.00000000006,161634.93220066497,11634.932200664916,7.756621467109941
213499,Resul Özgen,50000.000000000015,38339.25157154613,11660.748428453888,23.32149685690777
129646,Artur Rudko,150000.00000000006,161667.98867081074,11667.988670810679,7.778659113873783
922825,Morten Olsen,100000.00000000004,111693.11060123,11693.110601229957,11.693110601229952
200558,Petros,800000.0000000005,788294.0096223769,11705.990377623588,1.4632487972029475
128042,Mark van der Maarel,199999.99999999997,211716.53955835712,11716.539558357152,5.858269779178577
18429,Denis Epstein,100000.00000000004,88214.50511955885,11785.494880441198,11.785494880441192
187359,Ben Garuccio,399999.9999999999,411794.3821032929,11794.382103293028,2.948595525823258
340065,Yoan Severin,600000.0000000003,588192.9612207797,11807.03877922066,1.9678397965367755
600693,Milan Ilic,299999.99999999977,288190.4353881574,11809.56461184239,3.9365215372807993
211740,Aleksey Pugin,50000.000000000015,61820.44878433228,11820.448784332264,23.64089756866452
371981,Sem Custers,50000.000000000015,61840.11678540977,11840.116785409758,23.68023357081951
99296,Sema Velázquez,199999.99999999997,211870.49755058155,11870.497550581582,5.935248775290792
149724,André Teixeira,299999.99999999977,288126.5463504281,11873.45364957169,3.957817883190566
290040,Dario Ulrich,199999.99999999997,211887.64806728996,11887.648067289992,5.943824033644997
212432,Christos Donis,299999.99999999977,311896.8927485122,11896.892748512444,3.9656309161708174
453865,Kimberly Ezekwem,349999.9999999997,338080.96509231185,11919.034907687863,3.405438545053678
61779,Vadym Zhuk,199999.99999999997,188059.42944797492,11940.570552025049,5.9702852760125245
38642,Alessandro Sgrigna,75000.00000000004,63047.15836194352,11952.841638056525,15.937122184075358
90960,Burak Calik,50000.000000000015,62022.27939616955,12022.279396169535,24.044558792339064
153365,Furkan Alakmak,50000.000000000015,62024.1465603562,12024.146560356188,24.04829312071237
78047,Brice Maubleu,150000.00000000006,162027.32765832325,12027.327658323193,8.018218438882126
521843,Igor Nekhaev,50000.000000000015,37931.33229394412,12068.667706055894,24.13733541211178
974995,Dalangunypole Gomis,199999.99999999997,187905.7045013721,12094.295498627878,6.04714774931394
45185,Tomasz Kupisz,199999.99999999997,187899.97500999656,12100.02499000341,6.050012495001706
34193,Christos Aravidis,75000.00000000004,62881.62585185473,12118.37414814531,16.15783219752707
93549,Manuel Ott,150000.00000000006,137867.21797649685,12132.782023503212,8.088521349002137
627756,Athanasios Michopoulos,50000.000000000015,62157.45528956819,12157.455289568177,24.31491057913635
1172610,Ivan Baric,199999.99999999997,212157.58840604388,12157.588406043913,6.078794203021958
741587,Juho Talvitie,700000.0000000006,687820.1456220712,12179.854377929354,1.7399791968470493
208604,Ramazan Övüc,50000.000000000015,62209.17722739212,12209.177227392109,24.41835445478421
706329,Wai-Him Ng,100000.00000000004,87780.32497734409,12219.675022655952,12.219675022655947
251492,Mark Foden,50000.000000000015,62229.50432646101,12229.504326460992,24.459008652921977
26721,Lucas Biglia,249999.9999999998,262249.4962360125,12249.496236012696,4.899798494405083
60960,Scott Robinson,199999.99999999997,187747.15816004228,12252.841839957691,6.126420919978846
244263,Aidan Nesbitt,150000.00000000006,162267.00019856612,12267.000198566064,8.178000132377372
189863,Cedric Mingiedi Mpembele,100000.00000000004,87725.2676252344,12274.732374765648,12.274732374765643
514904,Rudy Clavel,249999.9999999998,237704.4710348603,12295.5289651395,4.918211586055804
286373,Alhassane Soumah,150000.00000000006,137700.11965007696,12299.8803499231,8.199920233282064
1194286,Gregorio Salvati,50000.000000000015,37698.37259992603,12301.627400073987,24.603254800147965
15427,Georgios Abaris,100000.00000000004,112308.55950178106,12308.559501781012,12.308559501781007
36785,Martin Bernburg,199999.99999999997,187672.61301680433,12327.38698319564,6.1636934915978205
440312,Bryan Reyna,700000.0000000006,712384.7251487052,12384.725148704601,1.7692464498149416
1262359,Fedir Zadorozhnyi,100000.00000000004,112385.84646154185,12385.846461541805,12.3858464615418
19940,Leandro Álvarez,499999.99999999977,487613.2244708976,12386.77552910219,2.477355105820439
21703,Scott Brown,100000.00000000004,112412.54396266764,12412.543962667594,12.41254396266759
1156272,Koki Kumasaka,399999.9999999999,412414.13118488726,12414.131184887374,3.1035327962218444
59253,Andriy Boyko,50000.000000000015,62422.886789206896,12422.886789206881,24.845773578413755
808070,Novak Tepsic,349999.9999999997,362433.1252297251,12433.125229725381,3.5523214942072547
363009,Vladislav Suslov,100000.00000000004,112437.6758830609,12437.67588306086,12.437675883060855
467474,Murat Aktas,50000.000000000015,37555.20118546502,12444.798814534995,24.889597629069986
197307,Saverio Madrigali,75000.00000000004,62537.089265416114,12462.91073458393,16.617214312778565
936470,Dixon Ramírez,199999.99999999997,212469.35885029833,12469.358850298362,6.2346794251491815
417414,Davide Marfella,50000.000000000015,37507.30320167604,12492.696798323974,24.98539359664794
324152,Joel Nouble,150000.00000000006,137494.26964288464,12505.730357115419,8.337153571410276
685848,Vladimir Abramov,50000.000000000015,62523.519698392185,12523.51969839217,25.04703939678433
261406,Seung-woo Ryu,324999.9999999999,312465.3041593528,12534.695840647095,3.856829489429877
1163952,Alexandru Soare,25000.000000000004,37558.579558487436,12558.579558487432,50.23431823394973
100693,Giacomo Brichetto,100000.00000000004,112594.54112555289,12594.541125552845,12.594541125552839
160670,Joe Gyau,349999.9999999997,362613.8063313173,12613.80633131758,3.60394466609074
457107,Ángel López,199999.99999999997,187376.64851469506,12623.351485304913,6.311675742652458
181766,Pedro Paulo,199999.99999999997,212645.1845739022,12645.184573902225,6.322592286951114
27644,Morten Moldskred,100000.00000000004,87344.36923027731,12655.630769722731,12.655630769722725
73327,Arild Østbø,150000.00000000006,137307.71468101832,12692.28531898174,8.461523545987824
235769,Jay Cheyne,25000.000000000004,37732.377976260126,12732.377976260123,50.92951190504048
330472,Alessio Iovine,399999.9999999999,387258.95497955626,12741.04502044362,3.185261255110906
79404,Hiroki Iikura,50000.000000000015,62746.553792863364,12746.55379286335,25.493107585726694
795086,Lorenzo Offermann,100000.00000000004,112765.9206322477,12765.920632247653,12.76592063224765
294197,Eren Can Özcelik,50000.000000000015,37233.945319970706,12766.054680029309,25.53210936005861
670800,Mauricio Cuevas,600000.0000000003,587225.9699310529,12774.030068947468,2.1290050114912433
16828,Alessandro Potenza,100000.00000000004,112805.73646493194,12805.736464931892,12.805736464931886
696883,Juan Brunet,100000.00000000004,87151.3023943858,12848.697605614245,12.84869760561424
724134,Abdulsamet Kaya,25000.000000000004,37865.15919826575,12865.159198265745,51.460636793062974
160172,Zakaria M'Sila,150000.00000000006,137101.9027873231,12898.097212676948,8.598731475117964
1002057,Cengizhan Sen,50000.000000000015,62898.28602567784,12898.286025677822,25.79657205135564
4205,Bobby Zamora,749999.9999999998,737086.9328006069,12913.067199392826,1.7217422932523774
165722,Antonio Di Gaudio,175000.00000000012,187913.36770694077,12913.367706940655,7.37906726110894
211157,Batuhan Türkmen,50000.000000000015,37083.50416604076,12916.495833959256,25.832991667918503
554250,Morgan Boyes,299999.99999999977,287062.5774937338,12937.422506265983,4.3124741687553305
755174,Danyil Alefirenko,499999.99999999977,487060.31420922617,12939.685790773598,2.5879371581547206
490760,Tchamba,800000.0000000005,787049.8358103395,12950.164189660922,1.6187705237076144
74314,Edimar,100000.00000000004,112960.32303126443,12960.323031264386,12.960323031264382
976129,Gerald Taylor,199999.99999999997,212967.46456226194,12967.464562261972,6.483732281130987
736752,Benji Kikanović,800000.0000000005,812976.6362494846,12976.636249484145,1.6220795311855174
242257,Davide Zuccolini,25000.000000000004,37978.85011915044,12978.850119150437,51.91540047660174
33793,Gökhan Gönül,50000.000000000015,36992.232076201,13007.767923799016,26.015535847598027
325801,Oleksiy Tyshchenko,75000.00000000004,61971.3772285479,13028.622771452145,17.37149702860285
432682,Lars Olden Larsen,600000.0000000003,613041.0967643581,13041.09676435776,2.1735161273929586
77066,Teófilo Gutiérrez,50000.000000000015,36925.750412432266,13074.249587567749,26.14849917513549
320825,Delvechio Blackson,150000.00000000006,163075.76747215245,13075.767472152394,8.717178314768258
241500,Dabney dos Santos,150000.00000000006,163102.7333498138,13102.73334981373,8.735155566542483
144236,Pablo Magnin,100000.00000000004,113109.88367454568,13109.883674545636,13.10988367454563
92569,Ousmane Coulibaly,199999.99999999997,213128.28007465438,13128.280074654409,6.564140037327205
37635,Jesper Lange,100000.00000000004,113163.71605610018,13163.716056100136,13.16371605610013
82377,Dodo Elgabas,100000.00000000004,86818.17951162336,13181.820488376688,13.181820488376683
332061,Azad Toptik,50000.000000000015,63193.96908221262,13193.969082212607,26.387938164425208
387241,Ramón ten Hove,150000.00000000006,136799.3236627879,13200.67633721215,8.800450891474764
295755,Georgios Saramantas,100000.00000000004,113222.7106862022,13222.710686202161,13.222710686202156
649996,Kağan Moradaoğlu,50000.000000000015,63347.88565519879,13347.885655198777,26.695771310397546
28037,Pa Saikou Kujabi,150000.00000000006,136647.7809164945,13352.219083505566,8.901479389003708
662147,Emirhan Tak,50000.000000000015,63364.13835773284,13364.138357732823,26.728276715465636
980152,Bianneider Tamayo,375000.00000000006,361634.36141847144,13365.63858152862,3.564170288407631
54528,Ioan Hora,100000.00000000004,86630.67806329652,13369.32193670352,13.369321936703516
1000136,Gorka Rivera,100000.00000000004,113371.62824287747,13371.628242877428,13.371628242877422
51660,Tevfik Altindag,50000.000000000015,63410.60647049438,13410.606470494364,26.82121294098872
185191,Omri Altman,299999.99999999977,286563.9819252576,13436.01807474217,4.4786726915807265
79571,Marcus Törnstrand,124999.9999999999,138437.11108663402,13437.111086634119,10.749688869307304
542394,Carmine Iannone,25000.000000000004,38440.23880890085,13440.23880890085,53.76095523560339
386576,Simone Mancini,50000.000000000015,36544.090788374015,13455.909211626,26.911818423251994
790969,Jakob Okkels,50000.000000000015,63461.7900024928,13461.790002492788,26.92358000498557
30882,Cristian Llama,50000.000000000015,63462.994533861536,13462.994533861522,26.925989067723034
222642,Cédric Mitu,100000.00000000004,86492.04903472152,13507.95096527852,13.507950965278514
855160,Guédé Nadje,150000.00000000006,136458.23464872656,13541.765351273498,9.027843567515662
35837,Nassir Maachi,249999.9999999998,263553.0341190174,13553.034119017626,5.421213647607055
211317,Robert Gegedosh,150000.00000000006,163559.66628219828,13559.666282198217,9.039777521465474
244252,Steven Boyd,175000.00000000012,188594.03441666637,13594.034416666254,7.768019666666426
168787,Roel Janssen,199999.99999999997,213633.66065533843,13633.660655338463,6.816830327669232
610616,Germán Guiffrey,399999.9999999999,386344.66200087836,13655.337999121519,3.4138344997803807
275361,Karim Azamoum,199999.99999999997,213704.59009783814,13704.590097838169,6.8522950489190855
708868,Amadou Diambo,50000.000000000015,63727.600594835654,13727.60059483564,27.455201189671268
461882,Khanya Leshabela,100000.00000000004,86260.44270388395,13739.557296116094,13.73955729611609
593315,Thomas Callens,249999.9999999998,236255.84440115583,13744.155598843965,5.49766223953759
530675,George Caramalău,199999.99999999997,186237.41948869856,13762.580511301407,6.881290255650704
1170416,Scott Constable,50000.000000000015,63766.34154524928,13766.341545249263,27.532683090498516
154612,Aleksandr Kryuchkov,50000.000000000015,36225.005335010996,13774.994664989019,27.549989329978033
199597,Giuseppe Zampano,124999.9999999999,111215.25971661502,13784.740283384876,11.02779222670791
483945,Suhaimi Husin,150000.00000000006,136215.22903498684,13784.770965013216,9.189847310008807
514891,Mads Frederiksen,50000.000000000015,63788.57784511372,13788.577845113708,27.577155690227407
257252,Ferhat Aksoy,25000.000000000004,38852.14607429693,13852.146074296925,55.40858429718769
900024,Bora Aydınlık,100000.00000000004,86145.41637851846,13854.583621481579,13.854583621481572
306198,Stefanos Dogos,100000.00000000004,86133.43454531982,13866.565454680225,13.866565454680218
342139,Bogdan Sukhodub,75000.00000000004,61127.823594817,13872.176405183047,18.49623520691072
457620,Vasilios Athanasiou,199999.99999999997,186111.9817596051,13888.018240394857,6.944009120197429
34529,Ismaël Bangoura,199999.99999999997,213894.36230552083,13894.362305520859,6.947181152760431
1029293,Antoine Nuss,100000.00000000004,86103.44498263024,13896.5550173698,13.896555017369794
949874,Mark Hoekstra,75000.00000000004,88920.3059485567,13920.305948556663,18.560407931408875
124234,Artur Ryabokobylenko,199999.99999999997,213966.06272614532,13966.062726145348,6.9830313630726755
457731,Ryan Trotman,100000.00000000004,86033.80650842167,13966.193491578379,13.966193491578371
69905,Emil Lyng,150000.00000000006,136010.8448076746,13989.155192325445,9.326103461550293
985797,Luca Tevere,199999.99999999997,214002.66093889452,14002.66093889455,7.001330469447277
423606,Bogdan Lednev,499999.99999999977,514003.3982371387,14003.398237138928,2.800679647427787
38073,Martin Olsson,299999.99999999977,285937.2981815554,14062.701818444359,4.68756727281479
157373,Vladlen Yurchenko,249999.9999999998,235906.28228093917,14093.71771906063,5.637487087624257
64385,José Manuel Catalá,100000.00000000004,85817.45554756379,14182.544452436254,14.182544452436247
17370,Albert Meyong,100000.00000000004,114209.72366542545,14209.723665425408,14.209723665425402
357802,Duje Javorcic,75000.00000000004,89210.88971268323,14210.889712683187,18.947852950244236
391337,Berker Öncü,50000.000000000015,35780.364638264255,14219.63536173576,28.43927072347151
1170153,Dimitrije Nikolic,100000.00000000004,114247.03262621987,14247.032626219821,14.247032626219816
700365,Sinan Ayhan,50000.000000000015,64258.55988395048,14258.559883950467,28.51711976790093
20855,Jerry Lucena,150000.00000000006,135731.49968549272,14268.500314507342,9.512333543004893
315910,Alessio Gionta,25000.000000000004,39276.986138797714,14276.98613879771,57.10794455519084
112237,Freire,150000.00000000006,164299.19965663835,14299.199656638288,9.532799771092188
251086,Recep Karabacak,25000.000000000004,39344.870983463166,14344.870983463163,57.37948393385264
119622,Javi Lara,100000.00000000004,114346.80821762068,14346.808217620637,14.34680821762063
73523,Guillermo Allison,124999.9999999999,139368.9323795016,14368.932379501712,11.495145903601378
91366,Oleksandr Akymenko,50000.000000000015,64391.00858194727,14391.008581947259,28.78201716389451
68980,Daniel Stenderup,100000.00000000004,114402.68633865942,14402.686338659376,14.40268633865937
311212,Roman Bodnya,25000.000000000004,39409.101428657894,14409.10142865789,57.63640571463156
693037,Ayumu Ohata,449999.99999999994,464415.7554210975,14415.755421097565,3.2035012046883486
260160,Ári Mohr Jónsson,100000.00000000004,114449.36216699597,14449.362166995925,14.449362166995918
111191,Jeffrey Rijsdijk,124999.9999999999,110514.7205157559,14485.279484244005,11.588223587395213
21770,Gennaro Sardo,100000.00000000004,85512.67801536771,14487.321984632334,14.48732198463233
933815,Ahmed Al-Rawi,175000.00000000012,189491.28434901405,14491.284349013935,8.280733913722244
229657,Jamal Arago,249999.9999999998,264509.2905584401,14509.29055844029,5.803716223376121
629301,Jorge Cruz,249999.9999999998,235459.3115319118,14540.688468087988,5.8162753872352
192601,Pedro Guedes,100000.00000000004,85456.38904183013,14543.610958169913,14.543610958169905
166470,Hilaire Momi,199999.99999999997,185444.82605949964,14555.173940500332,7.277586970250168
21829,Francesco Benussi,100000.00000000004,85429.64876220866,14570.351237791387,14.570351237791378
58855,Erdem Özgenç,50000.000000000015,64576.883926987786,14576.883926987772,29.153767853975538
256349,Keynes Nouck Bong,100000.00000000004,85392.05729740013,14607.942702599918,14.60794270259991
257676,Imanol Iriberri,100000.00000000004,114613.1185164043,14613.118516404254,14.613118516404247
43402,Shamil Asildarov,25000.000000000004,39623.96043216373,14623.960432163727,58.495841728654895
330839,Ramazan Keskin,100000.00000000004,85339.41403348402,14660.585966516024,14.660585966516019
15486,Aristide Bancé,199999.99999999997,185311.35584290826,14688.644157091709,7.344322078545855
222330,Roman Chanturia,100000.00000000004,85311.03344400207,14688.966555997977,14.68896655599797
653667,Mateo Rodas,249999.9999999998,264731.57082163467,14731.570821634872,5.892628328653954
50470,Jan Hable,299999.99999999977,314741.99280266144,14741.992802661669,4.913997600887226
1145063,Naif Asiri,199999.99999999997,185250.53335374763,14749.466646252346,7.374733323126175
328966,Christos Paschalakis,100000.00000000004,85247.04846275022,14752.951537249828,14.752951537249823
1130961,Eran Tuypens,299999.99999999977,314757.6666443434,14757.66664434364,4.919222214781217
735953,Zin Nyi Nyi Aung,150000.00000000006,164812.6675372089,14812.66753720885,9.875111691472563
229031,Vegard Moberg,199999.99999999997,185163.67167191152,14836.32832808845,7.418164164044226
5794,Obafemi Martins,100000.00000000004,114848.62429490943,14848.624294909387,14.84862429490938
115898,Julio Segundo,199999.99999999997,214989.27118642576,14989.271186425787,7.4946355932128945
55976,Giorgi Loria,25000.000000000004,39999.492134778295,14999.492134778291,59.99796853911315
296659,Dmytro Rudyk,100000.00000000004,84977.57949634554,15022.420503654503,15.022420503654496
42457,Dayro Moreno,50000.000000000015,34969.86038567673,15030.139614323285,30.060279228646564
165532,Yanick Brecher,150000.00000000006,165052.94922670972,15052.949226709665,10.035299484473107
652948,Nicolás Cordero,299999.99999999977,315053.62497602834,15053.624976028572,5.017874992009528
616537,Mustafa Kutay Peksen,50000.000000000015,34944.74350742024,15055.256492579778,30.11051298515955
208512,Álex Craninx,150000.00000000006,134942.35092296044,15057.64907703962,10.038432718026408
124866,Lorenzo Burnet,249999.9999999998,265073.1428606919,15073.142860692082,6.029257144276837
350709,Sondre Sørløkk,499999.99999999977,484917.2219782898,15082.778021709993,3.016555604342
242242,Lorenzo Gallotti,25000.000000000004,40111.338378949455,15111.338378949451,60.4453535157978
354910,Raul Zucchetti,50000.000000000015,65115.412802290295,15115.41280229028,30.230825604580552
780908,Elmer Cardoza,199999.99999999997,184866.5189113625,15133.481088637462,7.566740544318732
1343439,Óscar López,199999.99999999997,215181.880872826,15181.880872826034,7.590940436413018
7914,Carlos Kameni,50000.000000000015,65182.966599615465,15182.96659961545,30.365933199230895
65298,Ilie Sánchez,199999.99999999997,215194.43130077797,15194.431300778,7.597215650389002
59826,Oleg Gerasymyuk,124999.9999999999,109723.24810014965,15276.75189985025,12.22140151988021
187299,Jordy Tutuarima,249999.9999999998,234698.10083450723,15301.899165492563,6.1207596661970305
488768,Ilias Takidine,150000.00000000006,165342.81154718256,15342.8115471825,10.228541031454997
897509,Luka Djordjevic,299999.99999999977,315346.65634298825,15346.656342988485,5.115552114329499
42029,Blazej Augustyn,150000.00000000006,134641.2179779386,15358.782022061467,10.239188014707642
282280,Vadym Strashkevych,75000.00000000004,90364.75218387037,15364.752183870325,20.486336245160423
501156,Ákos Onódi,150000.00000000006,165416.27394213408,15416.273942134023,10.27751596142268
168161,Anil Koc,100000.00000000004,115442.76047786043,15442.760477860385,15.442760477860379
177776,César,100000.00000000004,115446.02352251747,15446.023522517426,15.446023522517418
265590,Danilo Ortiz,100000.00000000004,115466.81197824999,15466.811978249942,15.466811978249934
271513,Vitaliy Tymofienko,100000.00000000004,115474.65402291906,15474.654022919014,15.474654022919006
13872,Zé Castro,25000.000000000004,40478.70453107751,15478.704531077503,61.91481812431
271509,Maksim Terentjev,75000.00000000004,90490.11353960914,15490.113539609098,20.653484719478783
523476,Thomas Santos,700000.0000000006,684453.2646907885,15546.73530921212,2.2209621870303007
237000,Afonso Figueiredo,175000.00000000012,190551.0898428239,15551.08984282377,8.886337053042148
686150,Anderson Cordeiro,299999.99999999977,284407.7878786579,15592.212121341843,5.197404040447285
221295,Borja Galán,299999.99999999977,284392.13006443833,15607.869935561437,5.2026233118538165
60710,Ahmet Kesim,25000.000000000004,40626.894428788946,15626.894428788943,62.50757771515576
124125,Adrien Saussez,150000.00000000006,134369.33839104953,15630.661608950526,10.420441072633679
59979,Volodymyr Zhuk,100000.00000000004,84360.16048865423,15639.83951134581,15.639839511345805
59248,Miguel Lopes,50000.000000000015,65651.04863347326,15651.048633473241,31.302097266946472
96327,John Culma,999999.9999999997,1015727.955194393,15727.955194393406,1.5727955194393413
73257,Nagore,100000.00000000004,84221.46636620641,15778.533633793631,15.778533633793623
107282,Damián Martínez,100000.00000000004,115817.48319703623,15817.483197036185,15.817483197036179
1223800,Blessing Asumang,349999.9999999997,334155.52284060884,15844.477159390866,4.52699347411168
34375,Jeffrey Altheer,199999.99999999997,215878.2177458738,15878.217745873815,7.9391088729369095
199859,Owusu-Ansah Kontor,175000.00000000012,159078.15018013876,15921.849819861352,9.098199897063623
106641,Kane Hemmings,150000.00000000006,165940.4569644886,15940.456964488549,10.626971309659028
199730,Claudio Andreoli,25000.000000000004,40953.57094755506,15953.570947555058,63.814283790220216
258049,Lorenzo Gordinho,299999.99999999977,283999.4090281335,16000.590971866273,5.333530323955428
21382,Rory Loy,150000.00000000006,166029.38786170643,16029.387861706375,10.686258574470912
802547,Lasse Flø,749999.9999999998,733942.4806840812,16057.519315918558,2.1410025754558086
44717,Nicolaj Agger,100000.00000000004,116070.09520589469,16070.095205894642,16.070095205894635
99495,Esquerdinha,199999.99999999997,216080.2618225075,16080.261822507542,8.040130911253772
347804,Andriy Korobenko,199999.99999999997,216130.96105507962,16130.96105507965,8.065480527539826
16843,Wolfgang Hesl,124999.9999999999,108858.91495009304,16141.085049906862,12.9128680399255
93841,Ben Zolinski,349999.9999999997,333831.5551081885,16168.444891811232,4.619555683374641
192077,Scott McMann,349999.9999999997,333768.14535202587,16231.854647973843,4.637672756563959
542858,Simon Graves,1499999.9999999986,1483757.7914076685,16242.208592330106,1.0828139061553415
21942,Davide Moscardelli,75000.00000000004,58752.34254196143,16247.657458038615,21.663543277384807
582292,Md Sohel Rana,199999.99999999997,216250.93484198858,16250.934841988608,8.125467420994305
90466,Gylfi Sigurdsson,749999.9999999998,766257.4084654053,16257.408465405577,2.167654462054078
49409,James Perch,75000.00000000004,91307.2425582776,16307.242558277561,21.742990077703404
170961,Thomas Delaine,499999.99999999977,483682.5436364589,16317.456363540841,3.2634912727081695
265092,Ridvan Özkan,50000.000000000015,33660.62681829714,16339.373181702875,32.67874636340574
240374,Lorenzo Dall'Osso,100000.00000000004,116356.66788174363,16356.66788174359,16.356667881743583
911946,Jorge Hurtado,399999.9999999999,416368.58862293954,16368.588622939656,4.092147155734915
435418,Hilmi Resiti,25000.000000000004,41379.61111617986,16379.611116179858,65.51844446471942
618087,Max Wolfs,25000.000000000004,41461.16328241715,16461.163282417143,65.84465312966856
57135,Claude Dielna,199999.99999999997,216476.2835160249,16476.283516024938,8.23814175801247
327870,Marios Ilia,249999.9999999998,233519.27324681453,16480.72675318527,6.592290701274113
35583,Daniel Pudil,299999.99999999977,283518.4640585907,16481.535941409064,5.493845313803025
440525,Guillaume Sarrabayrouse,150000.00000000006,133517.8861523376,16482.113847662462,10.988075898441638
441238,Yannick Brugger,150000.00000000006,166489.67117431437,16489.67117431431,10.993114116209536
124080,Marcel Engelhardt,175000.00000000012,158487.3339615319,16512.666038468218,9.435809164838975
16891,Paolo Castellini,100000.00000000004,83485.84600790926,16514.15399209078,16.514153992090776
930096,Nando Almodóvar,50000.000000000015,66520.9552668268,16520.955266826786,33.041910533653564
561921,Wei Yu,25000.000000000004,41535.98983700558,16535.989837005578,66.1439593480223
12597,Alan Maybury,75000.00000000004,91573.82513586975,16573.8251358697,22.098433514492925
34200,Christos Pipinis,150000.00000000006,133413.95937621855,16586.040623781504,11.057360415854331
54175,Gökhan Süzen,25000.000000000004,41600.39066440104,16600.39066440104,66.40156265760415
176406,Oleksiy Bashtanenko,75000.00000000004,58394.95311802778,16605.046881972266,22.140062509296342
83943,Engin Bekdemir,75000.00000000004,91615.9748035643,16615.974803564255,22.154633071418996
36847,Aleksandar Simcevic,100000.00000000004,83377.0113050166,16622.988694983447,16.62298869498344
7054,Ali Tandogan,50000.000000000015,33358.71682903798,16641.283170962037,33.28256634192407
424759,Francesco Latella,25000.000000000004,41659.313407829664,16659.31340782966,66.63725363131864
1125493,Divine Chinedu Otani,100000.00000000004,116666.53343070623,16666.533430706186,16.666533430706178
188838,Bruno González,299999.99999999977,316674.14820780966,16674.148207809892,5.558049402603301
412158,Birkan Öksüz,50000.000000000015,66682.21356946848,16682.21356946847,33.36442713893693
696762,Jonathan Tomkinson,150000.00000000006,166684.95680403637,16684.95680403631,11.1233045360242
310782,Andriy Batsula,124999.9999999999,141699.4789852623,16699.47898526241,13.359583188209939
348519,Georgios Tzelepis,100000.00000000004,83295.68733377762,16704.312666222424,16.704312666222418
342013,Trevor David,175000.00000000012,158278.70707177272,16721.292928227398,9.55502453041565
444641,Louie Moulden,175000.00000000012,158239.3277221188,16760.672277881327,9.57752701593218
187726,Dylan Carton,50000.000000000015,66812.07111451773,16812.07111451772,33.62414222903543
52261,Volkan Babacan,50000.000000000015,66814.90741880325,16814.90741880324,33.62981483760647
364404,Kiko,150000.00000000006,166822.58793032708,16822.58793032702,11.21505862021801
825444,Panagiotis Avgerinos,75000.00000000004,58168.89277515462,16831.107224845422,22.441476299793884
234019,Kwanda Mngonyama,150000.00000000006,166852.595151295,16852.595151294954,11.235063434196633
562287,Christian Celesia,124999.9999999999,108103.10892266422,16896.891077335677,13.517512861868553
59372,Clemente,75000.00000000004,91907.58825344793,16907.588253447888,22.54345100459717
937727,Gil Martins,199999.99999999997,183086.65874335196,16913.34125664801,8.456670628324007
1304031,Taha Emre İnce,100000.00000000004,116914.4341023554,16914.434102355357,16.91443410235535
137293,Abdou Dampha,150000.00000000006,133035.74553004725,16964.254469952808,11.309502979968535
700074,Muhammed Ergin,50000.000000000015,66964.41853133065,16964.418531330637,33.928837062661266
86751,Aristidis Lottas,100000.00000000004,116978.80316250758,16978.80316250754,16.978803162507532
168253,Tiziano Scarfagna,25000.000000000004,41979.97979226749,16979.979792267488,67.91991916906994
134712,Billy Ketkeophomphone,199999.99999999997,217009.31734652823,17009.31734652826,8.504658673264132
268708,Adrián Saballs,50000.000000000015,32976.82494060791,17023.175059392102,34.0463501187842
81998,Jaime Romero,150000.00000000006,167024.93921268842,17024.93921268836,11.34995947512557
477936,Taha Tunc,50000.000000000015,67035.29327207054,17035.29327207053,34.070586544141044
536535,Josh Jack,75000.00000000004,92037.85565042745,17037.855650427402,22.717140867236523
286168,Mehdi Akgül,50000.000000000015,32930.7118385685,17069.288161431512,34.13857632286301
218085,André Rømer,249999.9999999998,232929.51702135502,17070.48297864478,6.828193191457918
263294,Serge N'Guessan,199999.99999999997,217089.1535000579,17089.15350005793,8.544576750028968
340260,Raúl Asencio,349999.9999999997,367097.2122591203,17097.2122591206,4.884917788320175
24226,Georgios Bantis,100000.00000000004,117179.17879995002,17179.17879994998,17.17917879994997
737982,Julio Cesar,249999.9999999998,267202.12760535465,17202.12760535485,6.880851042141946
14066,Wayne Routledge,249999.9999999998,232788.6617869817,17211.338213018083,6.884535285207239
50477,Yohan Benalouane,124999.9999999999,107778.29817260991,17221.70182738999,13.777361461912003
805215,Tobias Gruber,249999.9999999998,232750.9387436132,17249.0612563866,6.899624502554646
463795,Filippo Gilli,25000.000000000004,42264.720577595705,17264.7205775957,69.0588823103828
5928,Sergio Pellissier,199999.99999999997,182731.22257471876,17268.77742528121,8.634388712640606
738693,Kaan Özder,25000.000000000004,42273.84278913033,17273.842789130325,69.0953711565213
85119,Björn Daníel Sverrisson,150000.00000000006,132709.28259394245,17290.717406057607,11.527144937371734
336252,Mustafa Apardi,75000.00000000004,57707.37413120608,17292.625868793963,23.05683449172527
491026,Alexander Satariano,299999.99999999977,317316.8190359495,17316.81903594971,5.77227301198324
293339,Muhsin Yildirim,75000.00000000004,57632.233049533585,17367.76695046646,23.157022600621932
385839,Jordan Renson,349999.9999999997,367373.8143688145,17373.814368814812,4.963946962518522
875412,Manssour Fofana,249999.9999999998,232614.0275632779,17385.972436721902,6.954388974688766
635163,Cenk Alptekin,25000.000000000004,42420.714535158404,17420.7145351584,69.6828581406336
185566,Anouar Kali,225000.00000000015,207554.75221417734,17445.24778582281,7.753443460365688
134354,Ian Raeymaekers,50000.000000000015,67449.19465157717,17449.194651577156,34.8983893031543
101000,Jonas Henriksen,100000.00000000004,117496.2034709325,17496.20347093245,17.496203470932443
719857,Mustafa Erdilman,124999.9999999999,107414.38235210726,17585.617647892635,14.06849411831412
1375572,Eli Jones,75000.00000000004,57396.15242850365,17603.847571496393,23.47179676199518
26574,Masoud Shojaei,100000.00000000004,82377.69197905573,17622.308020944314,17.622308020944306
451113,Sean Slaven,25000.000000000004,42684.41714805067,17684.417148050667,70.73766859220265
56815,Alexandre Raineau,199999.99999999997,217690.90754595827,17690.907545958296,8.845453772979148
328962,Georgios Sofianis,100000.00000000004,82302.12382811258,17697.87617188746,17.697876171887454
64868,Sebastián Soria,50000.000000000015,32299.202338264797,17700.797661735218,35.401595323470424
435147,Louka Franco,50000.000000000015,67710.7506888578,17710.750688857792,35.42150137771557
145339,Radomir Milosavljevic,199999.99999999997,182271.47939250674,17728.520607493236,8.86426030374662
395777,Paolo Matera,25000.000000000004,42739.41077762046,17739.41077762046,70.95764311048183
457235,Devid Eugene Bouah,299999.99999999977,317771.0750812224,17771.075081222632,5.9236916937408814
393604,Giacomo Piccardo,75000.00000000004,57218.37093227106,17781.629067728987,23.70883875697197
467247,Yaroslav Gomenko,25000.000000000004,42829.411244324714,17829.41124432471,71.31764497729883
495683,Bader Hassan,50000.000000000015,67835.83392366003,17835.833923660015,35.67166784732002
121188,Anton Kramar,150000.00000000006,132154.4841521324,17845.515847867646,11.897010565245091
223973,Stefan Peric,349999.9999999997,367879.92193210794,17879.921932108235,5.1085491234595
16420,Dimitrios Koutsopoulos,50000.000000000015,32118.143684489885,17881.85631551013,35.76371263102025
313691,Brayan Riascos,549999.9999999998,567934.420538054,17934.420538054197,3.260803734191674
48634,Fedor Kudryashov,100000.00000000004,117958.48748010561,17958.48748010557,17.95848748010556
21700,Simone Tiribocchi,75000.00000000004,92997.18077460068,17997.180774600638,23.996241032800835
13315,Nicky Hayen,199999.99999999997,181939.88693148922,18060.11306851075,9.030056534255376
876710,Musa Koc,25000.000000000004,43061.651203960275,18061.65120396027,72.24660481584108
1004344,Ali Dembélé,299999.99999999977,281937.3962644569,18062.603735542856,6.020867911847624
48987,Andrey Eshchenko,50000.000000000015,31920.11218394156,18079.887816058454,36.1597756321169
860048,Mehdi Boukamir,499999.99999999977,481902.9259904968,18097.074009502947,3.619414801900591
58532,Martí Crespí,50000.000000000015,68107.96232391833,18107.962323918313,36.215924647836616
481676,Georgios Liavas,700000.0000000006,681881.283017531,18118.716982469545,2.58838814035279
1255236,Juan José Cataño,150000.00000000006,131880.54075971313,18119.45924028693,12.079639493524615
55977,Giorgi Makaridze,199999.99999999997,218139.60214311615,18139.60214311618,9.069801071558091
82508,Libor Hrdlicka,100000.00000000004,81842.30191974972,18157.698080250324,18.157698080250317
52313,Marcelo Grohe,199999.99999999997,218166.44720741484,18166.447207414865,9.083223603707435
515925,Sachiro Toshima,349999.9999999997,331826.90877825784,18173.091221741866,5.192311777640538
27613,Theodoros Tripotseris,75000.00000000004,93176.59120726297,18176.59120726293,24.235454943017224
845559,Nemanja Vidojevic,649999.9999999995,668197.3511656952,18197.351165695698,2.799592487030109
342684,Jair Oosterlen,50000.000000000015,68211.11260759139,18211.112607591378,36.42222521518275
113872,Mitch Apau,150000.00000000006,131784.52218246102,18215.47781753904,12.143651878359355
631693,Jesús Owono,999999.9999999997,981757.8093444938,18242.190655505867,1.8242190655505874
193097,Jordan Moore,50000.000000000015,68252.81890601681,18252.818906016793,36.50563781203358
430120,Maksym Bah,50000.000000000015,68256.43123465846,18256.43123465845,36.512862469316886
447143,Florimond Smars,50000.000000000015,68288.05478764101,18288.054787641,36.57610957528198
865587,Young-whan Kim,150000.00000000006,168289.86352089047,18289.863520890416,12.193242347260274
490511,Tapmahoe Sopacua,75000.00000000004,56703.86421883523,18296.135781164812,24.394847708219736
65236,Walter Fernández,124999.9999999999,143312.54116580452,18312.54116580462,14.650032932643708
55737,Artur Yedigaryan,150000.00000000006,168314.48339568707,18314.483395687013,12.209655597124671
194218,Yeltsin Tejeda,275000.0000000002,256669.9379704901,18330.062029510067,6.66547710164002
1042647,Daniel Jóhannesson,50000.000000000015,68333.60610533792,18333.60610533791,36.66721221067581
1111569,Owen Panneflek,100000.00000000004,81665.09725842674,18334.9027415733,18.33490274157329
24064,Dmytro Vorobyov,100000.00000000004,81639.65432698037,18360.345673019678,18.36034567301967
1171600,Alamara Djabi,199999.99999999997,181598.63545230665,18401.364547693316,9.20068227384666
462781,Berat Sahiner,50000.000000000015,68415.56079909156,18415.560799091545,36.83112159818308
341140,Nicolae Carnat,150000.00000000006,168444.06760156638,18444.06760156632,12.296045067710875
23674,Erkan Zengin,299999.99999999977,318492.8238140261,18492.823814026313,6.164274604675443
57285,Simone Colombi,249999.9999999998,231484.75779312674,18515.242206873052,7.406096882749227
335635,Jan Finger,100000.00000000004,118515.87765192504,18515.877651924995,18.515877651924985
400671,Daan Klomp,199999.99999999997,181472.07653101956,18527.923468980414,9.26396173449021
1142136,Ilias El Hari,100000.00000000004,118528.00079726292,18528.00079726288,18.528000797262873
191556,Burak Öğür,50000.000000000015,68530.80078877286,18530.800788772845,37.06160157754568
40326,Herve Tchami,150000.00000000006,168533.48284555424,18533.482845554186,12.355655230369452
23523,Thomas Mikkelsen,25000.000000000004,43549.066021986495,18549.06602198649,74.19626408794595
746778,Harry Boyes,249999.9999999998,231420.45366758763,18579.546332412167,7.431818532964872
57510,Aldo Angoula,150000.00000000006,168606.88987777795,18606.889877777896,12.404593251851924
7079,Volkan Demirel,100000.00000000004,118608.12577300121,18608.12577300117,18.608125773001163
36293,Serge Gakpé,100000.00000000004,118660.96410401985,18660.964104019804,18.660964104019794
59129,Vadym Sapay,100000.00000000004,118683.63512969812,18683.635129698072,18.683635129698065
569662,Lasse Haysen,50000.000000000015,68684.49007466927,18684.49007466926,37.368980149338505
339560,Αbdul Razak,100000.00000000004,118748.65749401257,18748.65749401253,18.74865749401252
362571,Nikita Dorofeev,100000.00000000004,118771.0465480973,18771.046548097263,18.771046548097257
16756,Oleg Ivanov,100000.00000000004,81212.85865853154,18787.14134146851,18.787141341468498
460114,Nicolò Radaelli,25000.000000000004,43799.02720270424,18799.027202704234,75.19610881081692
486084,Daniil Chernyakov,175000.00000000012,193815.89230457944,18815.89230457932,10.751938459759604
343870,Dmitriy Pletnev,225000.00000000015,206127.9318031555,18872.06819684466,8.387585865264287
72799,Samuel Scheimann,199999.99999999997,218928.87134498145,18928.871344981482,9.464435672490742
58425,Igor Oshchypko,100000.00000000004,81062.1993904449,18937.80060955514,18.93780060955513
214144,Wanderson,124999.9999999999,106051.10278358418,18948.897216415717,15.159117773132586
6666,Mijat Maric,100000.00000000004,81030.8440797284,18969.155920271645,18.96915592027164
591848,Jonathan Marulanda,199999.99999999997,218975.01839285795,18975.01839285798,9.487509196428991
396005,Richelor Sprangers,124999.9999999999,106023.67544806999,18976.32455192991,15.18105964154394
23205,Steffen Ernemann,50000.000000000015,68979.13442662245,18979.134426622433,37.95826885324485
811332,Eren Kiryolcu,25000.000000000004,44045.38558618472,19045.385586184715,76.18154234473884
973704,Thiago Cunha,100000.00000000004,80952.8317103526,19047.168289647438,19.047168289647427
241375,Roland Baas,199999.99999999997,180902.37893344124,19097.621066558728,9.548810533279365
432222,Héctor Holguín,349999.9999999997,330893.8620616672,19106.13793833251,5.458896553809294
862787,Hee-dong Roh,124999.9999999999,105886.22682945713,19113.773170542772,15.291018536434231
238632,Emmanuel Debordeaux,150000.00000000006,130881.60840934023,19118.391590659827,12.745594393773214
222024,Nathan Thomas,199999.99999999997,180851.49212675818,19148.50787324179,9.574253936620897
1016375,Amin Al-Hamawi,249999.9999999998,269149.5778352517,19149.577835251897,7.659831134100766
1025981,Sabil Hansen,600000.0000000003,619160.976017749,19160.976017748704,3.1934960029581156
249356,Jack Stacey,2199999.9999999995,2219161.7088220245,19161.708822024986,0.8709867646374995
339238,Harvey St Clair,100000.00000000004,80833.47296587485,19166.52703412519,19.16652703412518
462829,Thomas Christiansen,150000.00000000006,130828.46918691769,19171.53081308237,12.781020542054907
1475114,Előd Tóth-Pál,25000.000000000004,44172.468977975965,19172.46897797596,76.68987591190384
656108,Jonas Yderholm,50000.000000000015,69179.38254144292,19179.3825414429,38.358765082885796
73215,Joan Oriol,100000.00000000004,80762.67860417123,19237.32139582881,19.2373213958288
130257,Miquel Nelom,199999.99999999997,219246.8949583198,19246.89495831984,9.623447479159921
1320347,Bogdan Levytskyi,100000.00000000004,119265.38344285692,19265.38344285688,19.265383442856873
63422,David Moberg Karlsson,749999.9999999998,730723.9664003904,19276.033599609393,2.5701378132812533
311397,Johane Nizeyimana,100000.00000000004,119309.27882224807,19309.27882224803,19.30927882224802
708731,Xisco Pires,199999.99999999997,219352.491797632,19352.491797632043,9.676245898816022
917398,Aleksey Mutovkin,50000.000000000015,30639.239563754654,19360.76043624536,38.721520872490714
623059,Spyros Skondras,150000.00000000006,169367.4322818772,19367.432281877147,12.911621521251426
1219990,Elton Hedström,100000.00000000004,119386.78881376632,19386.78881376628,19.386788813766273
51369,Fabien Robert,249999.9999999998,230589.08406249055,19410.915937509242,7.7643663750037035
336566,Ruslan Dzhamalutdinov,124999.9999999999,105525.3971921286,19474.6028078713,15.579682246297052
79242,Gabriel,449999.99999999994,469483.71686985606,19483.716869856114,4.329714859968026
648091,Itamar Noy,600000.0000000003,580514.8879666348,19485.112033365527,3.247518672227586
344595,Aurélien Nguiamba,249999.9999999998,269485.1742988435,19485.17429884369,7.7940697195374815
75035,Franco Jara,150000.00000000006,130477.05368374448,19522.946316255577,13.015297544170378
657435,Pedro Santos,600000.0000000003,619552.2589111391,19552.25891113875,3.2587098185231227
348255,Caner Koca,124999.9999999999,105412.50285592907,19587.497144070832,15.669997715256677
653349,Jáderson,749999.9999999998,769611.2908204336,19611.290820433875,2.6148387760578506
149946,Raphael Martinho,199999.99999999997,219612.4670848154,19612.467084815435,9.80623354240772
26303,Martin Bogatinov,50000.000000000015,69616.62458186403,19616.624581864016,39.233249163728026
167555,Oleksandr Chornomorets,150000.00000000006,169624.6837532625,19624.68375326245,13.083122502174959
390048,Furkan Kacar,25000.000000000004,44641.165216714224,19641.16521671422,78.56466086685687
90885,Uros Matic,199999.99999999997,180322.55124347474,19677.448756525235,9.838724378262619
2989,Paolo Guerrero,50000.000000000015,69688.64563069977,19688.645630699757,39.377291261399506
197484,Federico Varano,50000.000000000015,69696.8927158417,19696.892715841692,39.39378543168337
159748,Raphaël Lecomte,150000.00000000006,169715.72834626216,19715.728346262098,13.14381889750806
118397,Alessandro Schöpf,800000.0000000005,780270.2095279051,19729.790472095367,2.466223809011919
226074,Alen Halilovic,399999.9999999999,380256.02110158233,19743.978898417554,4.93599472460439
550137,Danylo Ryabenko,50000.000000000015,69803.75954454704,19803.75954454702,39.607519089094026
164594,Yousef Al-Shammari,175000.00000000012,194853.36940516855,19853.36940516843,11.344782517239095
238029,Liam Gordon,249999.9999999998,269864.67062663665,19864.670626636856,7.945868250654748
343153,Yevgen Cheberko,1200000.0000000005,1219875.4260112294,19875.426011228934,1.656285500935744
121260,Conor McAleny,175000.00000000012,155117.5110772842,19882.488922715915,11.361422241551944
315845,Alessio Donnarumma,75000.00000000004,55104.38044264139,19895.619557358652,26.527492743144855
322912,Andriy Nykytyuk,50000.000000000015,69895.74871976358,19895.748719763564,39.79149743952712
163673,Diego Mella,50000.000000000015,69907.76934660965,19907.76934660964,39.81553869321927
810067,Louis Mouquet,150000.00000000006,169919.22451269862,19919.224512698565,13.279483008465705
111830,Jack Hamilton,100000.00000000004,119925.76935886494,19925.769358864898,19.92576935886489
358727,Carlos Moura,124999.9999999999,144984.67039497077,19984.670394970875,15.987736315976713
465307,Jordy Gillekens,199999.99999999997,179979.95580307874,20020.044196921226,10.010022098460615
686454,Ivann Botella,349999.9999999997,329977.9823809773,20022.0176190224,5.720576462577834
537198,Islam Issa,700000.0000000006,679956.3463550293,20043.653644971317,2.863379092138757
15055,Martin Retov,100000.00000000004,79954.1888316907,20045.811168309345,20.045811168309335
77639,Marian Kello,124999.9999999999,104905.72596372785,20094.27403627205,16.075419229017655
657791,Jeriel de Santis,349999.9999999997,370147.16555121826,20147.165551218553,5.756333014633877
351503,Kevin Silva,100000.00000000004,79847.55623149834,20152.443768501704,20.152443768501698
29007,Brian McLean,50000.000000000015,70171.65427771109,20171.654277711074,40.343308555422134
39918,Régis Gurtner,100000.00000000004,79813.26762927046,20186.732370729587,20.18673237072958
727084,Mert Kabasakal,75000.00000000004,95190.56754604663,20190.567546046586,26.920756728062102
39198,Didier Ya Konan,199999.99999999997,179795.90454423908,20204.095455760893,10.102047727880448
311713,Ruslan Suanov,150000.00000000006,129785.39626278094,20214.60373721912,13.476402491479408
68973,Jesper Christjansen,124999.9999999999,104734.0517854085,20265.948214591393,16.212758571673128
24861,Minas Tzanis,50000.000000000015,29715.160132846555,20284.83986715346,40.56967973430691
240194,Raffaele Dalle Vedove,75000.00000000004,54689.347088700044,20310.6529113,27.080870548399982
40116,Benjamin Kessel,199999.99999999997,220319.43727854153,20319.43727854156,10.159718639270782
1292610,Vasyl Burtnyk,150000.00000000006,170350.06721118971,20350.067211189657,13.566711474126434
105500,Antonio German,150000.00000000006,129646.93532834355,20353.06467165651,13.568709781104335
61682,Amine Chermiti,199999.99999999997,179633.95311900845,20366.04688099152,10.18302344049576
321685,Mirza Mustafic,324999.9999999999,304627.6497227354,20372.350277264486,6.268415469927537
612830,Furkan Sahin,25000.000000000004,45376.87513744144,20376.87513744144,81.50750054976574
921224,Abdulrahman Al-Dakheel,299999.99999999977,320387.99104562076,20387.99104562099,6.795997015207002
297007,Dmytro Klochko,50000.000000000015,70400.96584027362,20400.96584027361,40.80193168054721
250838,Dijan Vukojevic,249999.9999999998,270403.90587075043,20403.905870750634,8.161562348300262
12804,Barry Robson,249999.9999999998,229579.3404687029,20420.6595312969,8.168263812518767
121378,Jason Banton,100000.00000000004,120437.75759947427,20437.757599474222,20.437757599474214
92567,Andriy Bogdanov,199999.99999999997,220460.4061430822,20460.40614308222,10.23020307154111
651552,Mishel Pukhaev,50000.000000000015,70493.6345300718,20493.63453007178,40.98726906014355
315788,Tommaso Cucchietti,150000.00000000006,170562.05788352873,20562.057883528672,13.70803858901911
392334,Giuseppe Esposito,50000.000000000015,29410.954730014495,20589.04526998552,41.17809053997103
1174453,Ángel Leyva,100000.00000000004,120595.60813959053,20595.60813959049,20.59560813959048
4538,Theo Zwarthoed,100000.00000000004,120597.66484271712,20597.664842717073,20.597664842717066
174563,Nikola Zizic,249999.9999999998,270614.43221005826,20614.43221005847,8.245772884023395
1174744,Emmanuel Fully,449999.99999999994,470633.4006181032,20633.400618103275,4.585200137356284
126700,Florian Pinteaux,199999.99999999997,179362.05046292467,20637.9495370753,10.318974768537652
34838,Stephen Ireland,999999.9999999997,979337.6367798753,20662.36322012439,2.06623632201244
451311,Giannis Kiakos,249999.9999999998,270668.3529682302,20668.352968230407,8.26734118729217
286259,Davide Riccardi,199999.99999999997,220764.54026382783,20764.54026382786,10.382270131913932
396681,Roberto Biancu,199999.99999999997,220797.0012867546,20797.001286754617,10.39850064337731
139923,Matías Pisano,150000.00000000006,170806.3715035825,20806.371503582428,13.870914335721613
40407,Guy Dufour,199999.99999999997,179118.33381681357,20881.666183186404,10.440833091593204
236960,Tomas Dabo,150000.00000000006,170931.52936148405,20931.52936148399,13.954352907655988
350894,Markus Fjörtoft,199999.99999999997,179024.4518609477,20975.548139052262,10.487774069526132
163279,Matteo Boccaccini,100000.00000000004,120984.8968859164,20984.896885916358,20.98489688591635
322309,Gaël Ondoua,249999.9999999998,270997.44807747914,20997.44807747935,8.398979230991745
59187,Oleg Shatov,299999.99999999977,278958.0333743437,21041.96662565606,7.0139888752186925
79415,Shu Kurata,75000.00000000004,53941.17165991252,21058.828340087523,28.078437786783343
91450,Oleg Mishchenko,175000.00000000012,153935.79017065602,21064.209829344094,12.03669133105376
923532,William Osnes-Ringen,399999.9999999999,378924.55730029417,21075.442699705716,5.268860674926431
35871,Fernando Tissone,75000.00000000004,96093.2616975931,21093.261697593058,28.12434893012406
541894,Craig Henderson,50000.000000000015,71099.24425680714,21099.244256807127,42.198488513614244
38584,Ciro Capuano,100000.00000000004,78897.33645659506,21102.663543404982,21.102663543404972
27307,Nicolas Fauvergue,249999.9999999998,271125.7471273878,21125.747127387993,8.450298850955203
345714,Stefan Jevtoski,175000.00000000012,196147.32450391277,21147.32450391265,12.084185430807219
106569,Ivan Markelov,75000.00000000004,53821.29959647108,21178.700403528965,28.23826720470527
234132,Pantelis Antoniadis,150000.00000000006,128802.29583397305,21197.704166027004,14.131802777351329
369675,Magnus Christensen,399999.9999999999,378800.34763425076,21199.65236574912,5.299913091437281
381134,Johannes Wolff,100000.00000000004,121225.72095505304,21225.720955052995,21.225720955052985
3666,Jason Roberts,249999.9999999998,271259.04508906713,21259.04508906734,8.503618035626943
715635,Alex Rodríguez,50000.000000000015,71260.7035699321,21260.703569932084,42.52140713986415
399782,Vicente Bellmunt,25000.000000000004,46263.94227215016,21263.942272150158,85.05576908860061
72166,Aleksey Shumskikh,199999.99999999997,178718.08443258697,21281.915567413,10.640957783706503
373358,Enrico Vencato,25000.000000000004,46290.62088913599,21290.62088913599,85.16248355654395
72578,Mauro Goicoechea,100000.00000000004,121301.68841340886,21301.688413408818,21.301688413408808
670061,Santiago Córdoba,349999.9999999997,328665.84132130176,21334.158678697946,6.095473908199418
58972,Denys Shelikhov,50000.000000000015,71344.83052653175,21344.830526531732,42.68966105306345
95987,Mitch Megginson,225000.00000000015,246376.11913984848,21376.119139848335,9.500497395488143
369086,Jurrian Jouvenaar,50000.000000000015,71398.65113554592,21398.651135545908,42.7973022710918
17422,Fousseni Diawara,150000.00000000006,171407.8075897965,21407.80758979643,14.27187172653095
136605,Carlos Carbonero,299999.99999999977,278536.7902236558,21463.209776343952,7.154403258781324
45383,Adrián López,199999.99999999997,178523.3894958463,21476.61050415368,10.738305252076842
720868,Lamine Tall,100000.00000000004,121478.8075959723,21478.807595972263,21.478807595972256
451576,Nathan Markelo,249999.9999999998,271482.2151272284,21482.215127228614,8.592886050891453
612572,Yavuz Özbakan,75000.00000000004,53511.52934925121,21488.470650748837,28.651294200998436
504254,Enzo Copetti,2499999.9999999995,2478483.507297277,21516.49270272255,0.8606597081089021
83895,Marcelo Díaz,25000.000000000004,46528.2721121706,21528.272112170594,86.11308844868236
185363,Almahdi Ali,124999.9999999999,103458.7966193637,21541.2033806362,17.232962704508974
1004479,Zoumana Diallo,150000.00000000006,128422.39211366478,21577.607886335274,14.38507192422351
61511,Camillo Ciano,349999.9999999997,328400.68257627485,21599.31742372486,6.17123354963568
74421,Andrés Mosquera,100000.00000000004,78393.4344097162,21606.565590283848,21.60656559028384
9814,Bruno Moraes,150000.00000000006,171607.47826846302,21607.47826846296,14.404985512308635
196427,Leo Weinkauf,249999.9999999998,228357.5238615957,21642.476138404105,8.65699045536165
667915,Yavuz Ulas Genc,10000.00000000001,31707.09756586035,21707.097565860342,217.0709756586032
131918,Ziri Hammar,175000.00000000012,153279.82169772583,21720.17830227429,12.411530458442442
416472,Giannis Nikopolidis,100000.00000000004,78241.3534693099,21758.646530690137,21.75864653069013
299400,Pedro Sá,399999.9999999999,421781.57324433705,21781.573244337167,5.445393311084294
16353,Mickaël Chrétien Basser,249999.9999999998,228217.6995532664,21782.300446733396,8.712920178693366
13073,Mohamed Messoudi,150000.00000000006,128215.03437085022,21784.96562914984,14.523310419433223
160831,Nikolaos Karanikas,124999.9999999999,146797.90581263183,21797.90581263193,17.438324650105557
116791,Don Cowan,50000.000000000015,71846.4925126653,21846.49251266528,43.69298502533055
461608,Iván Morales,999999.9999999997,1021872.5305304399,21872.530530440272,2.187253053044028
45001,Murat Duruer,175000.00000000012,153123.8356810346,21876.164318965515,12.500665325123142
24805,Efthymios Kotitsas,124999.9999999999,146899.59839412966,21899.59839412976,17.519678715303822
1144235,Osama Al-Bawardi,225000.00000000015,246943.4278178284,21943.427817828255,9.75263458570144
37442,Danny Simpson,299999.99999999977,321962.4469485649,21962.446948565135,7.320815649521717
684699,Göktan Cörüt,25000.000000000004,47016.20422800638,22016.20422800638,88.0648169120255
172333,Bill Tuiloma,399999.9999999999,377953.5867039073,22046.413296092593,5.51160332402315
104586,Lee Tomlin,349999.9999999997,327908.9799822604,22091.020017739327,6.311720005068384
307805,Alberto López,199999.99999999997,177895.21903326953,22104.78096673044,11.05239048336522
148344,Lucas Andersen,499999.99999999977,522107.3528390656,22107.352839065832,4.421470567813168
397222,Lorenzo Rivi,10000.00000000001,32161.31976278015,22161.319762780142,221.6131976278012
396744,Ikki Arai,275000.0000000002,252795.11563090174,22204.884369098436,8.07450340694488
34372,Landry N'Guémo,100000.00000000004,122247.21746414115,22247.21746414111,22.2472174641411
559482,Naorem Roshan Singh,225000.00000000015,247266.0083300292,22266.008330029057,9.89600370223513
122695,Martin Angha,399999.9999999999,377732.24417700944,22267.75582299044,5.566938955747611
910864,Ilyes Ziani,349999.9999999997,327731.6156307181,22268.384369281586,6.362395534080459
881497,Mauricio Cerritos,225000.00000000015,202731.10675612124,22268.893243878905,9.897285886168396
471127,Daniel Eid,549999.9999999998,572309.7819598732,22309.78195987339,4.056323992704255
255913,Simon Vetter,50000.000000000015,72329.4595454803,22329.45954548029,44.658919090960566
1133732,Abdou Aziz Fall,100000.00000000004,77655.13749489431,22344.86250510573,22.344862505105723
261988,Filip Krovinovic,1499999.9999999986,1477625.8203872896,22374.179612708976,1.4916119741806
71830,Bruno Wilson,899999.9999999995,877622.9238475448,22377.076152454712,2.4863417947171915
748204,Anas Yusuf,199999.99999999997,177622.07674394306,22377.923256056907,11.188961628028455
685011,Masahiro Sekiguchi,449999.99999999994,427607.38314018404,22392.6168598159,4.97613707995909
293523,Junior Oto'o,199999.99999999997,222423.65943854107,22423.6594385411,11.211829719270552
330574,Oleg Boroday,100000.00000000004,122441.67679726535,22441.676797265303,22.441676797265295
12517,Oguchi Onyewu,199999.99999999997,177550.76735986702,22449.23264013295,11.224616320066476
536521,Romaric Yapi,299999.99999999977,322487.36823717586,22487.368237176095,7.495789412392037
928955,Emerson Mauricio,399999.9999999999,422489.3198890057,22489.319889005797,5.6223299722514515
197739,Gianny Vanhaecke,75000.00000000004,52484.59375877141,22515.406241228637,30.0205416549715
45343,Oleg Gumenyuk,100000.00000000004,77472.4819678505,22527.518032149543,22.527518032149533
255353,Christian Doidge,199999.99999999997,177470.47531049562,22529.524689504353,11.264762344752178
465495,Kemar Reid,299999.99999999977,277467.38958412,22532.610415879753,7.510870138626591
56841,Michelangelo Albertazzi,100000.00000000004,77457.78301077733,22542.21698922271,22.5422169892227
1052350,Nick Rothweiler,249999.9999999998,272612.8749358217,22612.874935821892,9.045149974328764
46715,Frédéric Frans,100000.00000000004,122700.48018646908,22700.480186469038,22.700480186469026
58378,Mehmet Batdal,50000.000000000015,72715.10450872793,22715.10450872792,45.43020901745582
461653,Artem Malysh,75000.00000000004,52283.30803173879,22716.691968261257,30.288922624348324
711907,Rim Egofarov,25000.000000000004,47728.14413819118,22728.144138191175,90.91257655276469
11359,Peter MacDonald,199999.99999999997,177268.82683363932,22731.173166360648,11.365586583180326
673976,Anders Hoff,50000.000000000015,72733.95075851123,22733.950758511215,45.46790151702242
34577,Tomislav Bozic,50000.000000000015,27247.47809531912,22752.521904680896,45.50504380936178
18759,Nana Asare,150000.00000000006,127237.25668498588,22762.743315014173,15.175162210009443
211734,Artem Filimonov,100000.00000000004,77176.07526645773,22823.924733542313,22.823924733542302
1089156,Aboubacar Cisse,349999.9999999997,327168.6882257359,22831.3117742638,6.523231935503948
485592,Max de Waal,150000.00000000006,127155.42382302842,22844.576176971634,15.229717451314418
42539,Arnaud Djoum,225000.00000000015,202145.72575121553,22854.27424878461,10.157455221682044
86827,Jon Robertson,199999.99999999997,177115.14692707357,22884.853072926402,11.442426536463204
53534,Julian Koch,199999.99999999997,222886.67925690752,22886.679256907548,11.443339628453776
220851,Razvan Popa,75000.00000000004,97908.84838414573,22908.84838414569,30.545131178860903
1050221,Dmytro Romanov,50000.000000000015,27024.463091836333,22975.53690816368,45.95107381632735
73321,Jony Ñiguez,50000.000000000015,72981.55419162517,22981.554191625153,45.963108383250294
13979,Ashkan Dejagah,75000.00000000004,97998.68852961395,22998.688529613908,30.664918039485194
132647,Nikolaos Tsoumanis,124999.9999999999,148008.3997615454,23008.399761545516,18.406719809236428
3321,Luke Wilkshire,100000.00000000004,76981.70086581707,23018.299134182977,23.018299134182964
74071,David Silva,50000.000000000015,26979.154939565324,23020.84506043469,46.04169012086937
80339,Graham Carey,25000.000000000004,48021.13363449128,23021.133634491274,92.08453453796508
21086,Jakub Navratil,25000.000000000004,48025.49769901606,23025.497699016054,92.1019907960642
286945,Pablo Gállego,150000.00000000006,173048.7215413273,23048.72154132725,15.365814360884828
36821,Vladimir Bozovic,249999.9999999998,273063.9245242599,23063.924524260132,9.22556980970406
310721,Konstantinos Kamperis,100000.00000000004,123076.33661174418,23076.336611744133,23.07633661174412
284983,Nikolaos Kalfas,100000.00000000004,76920.55755838114,23079.4424416189,23.079442441618887
292809,Mathias Janssens,75000.00000000004,51905.22070266264,23094.7792973374,30.793039063116517
37414,David Caiado,50000.000000000015,73180.62415217642,23180.624152176402,46.36124830435279
340289,Alessandro Dalmasso,75000.00000000004,51785.76169982172,23214.238300178324,30.95231773357108
166608,Pasquale De Vita,75000.00000000004,51756.28870664324,23243.711293356806,30.991615057809057
361124,Joey Jacobs,349999.9999999997,326749.63336072006,23250.366639279644,6.642961896937047
881438,Sulaiman Hazazi,175000.00000000012,198270.20862466312,23270.208624663006,13.297262071235993
396746,Oguzhan Acil,100000.00000000004,76701.49591743694,23298.5040825631,23.298504082563092
1122334,Gökdeniz Tunç,75000.00000000004,51677.16608092511,23322.833919074932,31.097111892099893
214838,Samican Keskin,50000.000000000015,73323.84626537422,23323.846265374203,46.647692530748394
1356043,Max Floriani,399999.9999999999,423324.961784747,23324.961784747138,5.831240446186786
975321,Mohamed Yasser,399999.9999999999,376666.92242624564,23333.077573754243,5.833269393438562
1003546,Mark Ugboh,100000.00000000004,76629.15454951064,23370.845450489403,23.370845450489394
26980,Jovan Kostovski,150000.00000000006,126622.3476953817,23377.652304618357,15.585101536412232
808646,Raphaël Eyongo,75000.00000000004,98392.58555990366,23392.585559903615,31.190114079871467
19299,Peter van der Vlag,50000.000000000015,73414.95286487894,23414.952864878927,46.82990572975784
606067,Marcelo Marques,175000.00000000012,198421.14360964875,23421.14360964863,13.383510634084923
277009,Mike Tros,50000.000000000015,73446.48848080085,23446.488480800836,46.892976961601654
522121,Yaroslav Ivakin,124999.9999999999,101533.12346805361,23466.876531946284,18.773501225557045
123894,Lens Annab,199999.99999999997,176529.6824808323,23470.31751916767,11.735158759583838
46007,Ronnie Schwartz,150000.00000000006,126521.81604862107,23478.18395137899,15.652122634252652
928276,Sergiy Kopyl,75000.00000000004,98480.76263917885,23480.762639178807,31.307683518905062
146038,Christopher Geertsen,50000.000000000015,73480.8955371491,23480.89553714909,46.96179107429816
347595,Clément Depres,399999.9999999999,376515.6312713835,23484.36872861639,5.8710921821541
918157,Aymeric Ahmed,150000.00000000006,173499.66478479013,23499.664784790075,15.666443189860043
225886,Denzel Slager,150000.00000000006,173518.92003927502,23518.920039274963,15.679280026183301
153667,Bartłomiej Pawłowski,150000.00000000006,173559.6815436823,23559.681543682236,15.706454362454819
981517,Dinh Trieu Nguyen,124999.9999999999,101425.85663523912,23574.143364760777,18.85931469180864
449086,Nazar Stasyshyn,25000.000000000004,48577.16989436065,23577.16989436065,94.30867957744259
19979,Germán Lux,50000.000000000015,73577.88660260849,23577.886602608472,47.15577320521693
68203,Moussa Maazou,100000.00000000004,123579.91477981595,23579.91477981591,23.5799147798159
46687,Marko Blazic,10000.00000000001,33652.44977431761,23652.449774317603,236.52449774317583
249566,Holly Tshimanga,100000.00000000004,76288.83135450231,23711.16864549773,23.71116864549772
93976,Stanislav Pechenkin,100000.00000000004,123732.14421923229,23732.144219232243,23.732144219232232
270878,Diego Reyes,100000.00000000004,123734.0465833892,23734.04658338915,23.73404658338914
579206,Federico Zanchetta,100000.00000000004,123765.3029467284,23765.302946728363,23.765302946728355
398827,Dmitri Khristis,100000.00000000004,76229.23446827725,23770.76553172279,23.77076553172278
291352,Cammy Ballantyne,150000.00000000006,173795.61250120823,23795.612501208176,15.863741667472112
55756,Agil Etemadi,75000.00000000004,98808.02485554504,23808.024855544994,31.74403314072664
333386,Jérémy Houzé,100000.00000000004,76182.4687114362,23817.53128856384,23.81753128856383
588108,Ömer Caki,10000.00000000001,33829.84558607531,23829.845586075302,238.29845586075282
214243,Dmitriy Efremov,199999.99999999997,176097.90602588656,23902.093974113406,11.951046987056705
12575,David McCracken,150000.00000000006,126036.2637618274,23963.736238172656,15.975824158781766
1321410,Joey Garuccio,150000.00000000006,126025.25978859818,23974.740211401877,15.98316014093458
35554,Ustaritz,349999.9999999997,326003.40304605727,23996.59695394244,6.856170558269274
418881,Riccardo Doratiotto,50000.000000000015,73997.47360964034,23997.47360964032,47.994947219280625
189690,Harallamb Qaqi,150000.00000000006,174015.0227838329,24015.02278383283,16.01001518922188
608212,Daniel Dos Santos,2499999.9999999995,2475969.8460850273,24030.15391497221,0.9612061565988885
547743,Carlo Zammit Lonardelli,299999.99999999977,324052.6023721398,24052.60237214004,8.017534124046687
589933,Airfan Doloh,249999.9999999998,274074.32115275675,24074.32115275695,9.629728461102788
27292,Daniel Larsson,175000.00000000012,199076.13067699302,24076.130676992907,13.757788958281653
70359,David Simão,100000.00000000004,124136.03129951101,24136.03129951097,24.13603129951096
363064,Yegor Chegurko,100000.00000000004,75846.05150035468,24153.94849964537,24.15394849964536
195840,Lincoln Zvasiya,249999.9999999998,274179.8526700411,24179.85267004129,9.671941068016524
337388,Roberto Ranieri,275000.0000000002,250794.1640898123,24205.83591018789,8.802122149159226
280125,Boris Rasevic,50000.000000000015,74223.04478794622,24223.0447879462,48.44608957589239
331208,Petros Orfanidis,150000.00000000006,125767.8840772957,24232.115922704354,16.154743948469562
380445,Miguel Batista,75000.00000000004,50763.209586717436,24236.790413282608,32.315720551043455
293956,Hüseyin Altintas,100000.00000000004,75753.09719191358,24246.902808086466,24.246902808086457
1162593,Mohamed Hassan Fofana,50000.000000000015,74349.34172343246,24349.341723432444,48.69868344686488
48514,Yaroslav Godzyur,75000.00000000004,50644.63488126125,24355.365118738795,32.473820158318375
406776,Dmytro Gaponchuk,100000.00000000004,75610.32202714363,24389.677972856414,24.3896779728564
48206,Nuno Pinto,50000.000000000015,74403.23294226167,24403.23294226166,48.806465884523305
238521,Travis Cooper,100000.00000000004,75592.49886927057,24407.501130729477,24.407501130729468
160512,Kubilay Sönmez,124999.9999999999,100532.91629810035,24467.08370189955,19.573666961519656
17675,Florian Jarjat,150000.00000000006,174529.61116040064,24529.611160400586,16.353074106933718
744942,Gaël Nsombi,199999.99999999997,175452.76206540017,24547.237934599805,12.273618967299903
1073997,Shio Fukuda,800000.0000000005,824558.2448250201,24558.244825019618,3.0697806031274504
419448,Oguzhan Malci,50000.000000000015,74626.99447281308,24626.994472813065,49.25398894562611
1028828,Ha-jun Kim,275000.0000000002,299640.258088755,24640.25808875484,8.9600938504563
378316,Lance Duijvestijn,800000.0000000005,824643.2137523072,24643.213752306765,3.0804017190383437
73700,Nikolaos Kaltsas,124999.9999999999,149650.53639455696,24650.536394557057,19.72042911564566
52595,Fabian Frei,199999.99999999997,175340.59920645008,24659.400793549896,12.32970039677495
146210,Nikolay Fadeev,75000.00000000004,99661.15369107321,24661.153691073167,32.8815382547642
255626,Conor Shaughnessy,199999.99999999997,224661.68456280473,24661.68456280476,12.330842281402383
132323,Denis Streker,100000.00000000004,124664.96541558641,24664.965415586368,24.664965415586355
503683,Anthony Driscoll-Glennon,249999.9999999998,225306.5126909443,24693.48730905549,9.877394923622203
493899,Luca Bazzoli,225000.00000000015,249703.2040220463,24703.20402204615,10.97920178757606
221986,Héctor Hernández,199999.99999999997,224705.84455613064,24705.844556130673,12.35292227806534
25396,China,75000.00000000004,50266.76531006743,24733.234689932615,32.97764625324347
251444,Süheyl Cetin,124999.9999999999,100234.44587086333,24765.554129136566,19.81244330330927
383453,Mert Güney,25000.000000000004,49791.73453418452,24791.734534184518,99.16693813673805
107368,Maksym Lavrenyuk,100000.00000000004,75173.69944899307,24826.300551006978,24.826300551006966
18532,Landry Mulemo,199999.99999999997,175165.2782233053,24834.72177669467,12.417360888347337
901072,Nawaf Al-Harthi,175000.00000000012,199871.23760426624,24871.23760426612,14.212135773866343
172137,Tiago Caeiro,100000.00000000004,124912.26714451791,24912.26714451787,24.91226714451786
1367276,Ibrahim Alani,499999.99999999977,475082.2951212023,24917.704878797464,4.983540975759495
51178,Julian Schauerte,100000.00000000004,124950.60522940135,24950.605229401306,24.950605229401297
1045071,Enes Öğrüce,150000.00000000006,125024.55339492904,24975.446605071018,16.650297736714005
707915,Erkam Kömür,50000.000000000015,74994.15248365006,24994.152483650047,49.98830496730008
1293400,Roman Kuzyk,50000.000000000015,75015.71510642905,25015.715106429037,50.03143021285806
4158,Anthony Lurling,100000.00000000004,74950.96363022673,25049.036369773312,25.049036369773305
260063,Panagiotis Sampanidis,100000.00000000004,74949.56281290282,25050.437187097225,25.050437187097213
258887,Tafari Moore,100000.00000000004,125051.24430825314,25051.244308253095,25.051244308253086
181690,Shota Arai,50000.000000000015,75053.7179723409,25053.71797234089,50.10743594468177
396337,Miguel San Román,499999.99999999977,474832.4328144998,25167.56718549994,5.03351343709999
233654,Francesco Fedato,199999.99999999997,225216.99100064652,25216.99100064655,12.608495500323277
57349,Jonathan Ayité,100000.00000000004,125281.00633064631,25281.00633064627,25.281006330646257
16693,Hakan Arikan,50000.000000000015,24700.730969831882,25299.269030168132,50.59853806033625
56607,Anco Jansen,249999.9999999998,275323.15425381006,25323.154253810266,10.129261701524115
844176,Gabriel Villamíl,1200000.0000000005,1174649.5529152683,25350.44708473212,2.1125372570610095
735349,Rafail Sgouros,100000.00000000004,74624.19105605727,25375.80894394277,25.37580894394276
40022,Thomas Dalgaard,50000.000000000015,75428.87930738923,25428.879307389216,50.85775861477841
1173472,Marko Petrovic,100000.00000000004,125536.68521931641,25536.685219316365,25.53668521931635
287903,Simone Minelli,50000.000000000015,75611.8583715421,25611.858371542083,51.22371674308415
601577,André Anderson,124999.9999999999,150641.12068430698,25641.120684307083,20.512896547445685
718764,Ivan Pyatkin,150000.00000000006,124339.86658594676,25660.1334140533,17.10675560936886
20296,Steve Colpaert,150000.00000000006,175681.2112687368,25681.211268736748,17.120807512491158
264770,Ibrahim Alan,50000.000000000015,75755.22916460193,25755.229164601915,51.510458329203814
331574,Valentin Baume,100000.00000000004,125763.29138045794,25763.2913804579,25.763291380457886
115183,Milton Casco,75000.00000000004,100798.70485551303,25798.704855512988,34.39827314068397
308432,Julien Remiti,100000.00000000004,74192.44267999832,25807.557320001724,25.807557320001713
295766,Alessandro Livieri,349999.9999999997,324134.4474263607,25865.552573639026,7.390157878182585
449385,Roman Minaev,175000.00000000012,200900.57725695363,25900.57725695352,14.800329861116287
431809,Azzedine Zaidi,50000.000000000015,75925.4879072075,25925.487907207484,51.85097581441496
320828,Mark Bruintjes,75000.00000000004,100926.17039038076,25926.17039038072,34.56822718717427
95377,Tom Pettersson,199999.99999999997,225933.56178826082,25933.56178826085,12.966780894130425
297277,Aidan Wilson,124999.9999999999,150960.84944089246,25960.84944089256,20.76867955271407
200248,Adi Gotlieb,399999.9999999999,425973.72108244075,25973.72108244087,6.493430270610219
66110,Jon Gaztañaga,249999.9999999998,275980.5722734158,25980.572273416008,10.392228909366413
117925,Evgeniy Konyukhov,75000.00000000004,49004.213434916004,25995.78656508404,34.661048753445364
990262,Taxiarchis Filon,399999.9999999999,373997.2155362768,26002.784463723074,6.50069611593077
42792,Sander Puri,100000.00000000004,126004.6973358848,26004.69733588476,26.004697335884753
62524,Vladimir Khozin,100000.00000000004,73976.68574613276,26023.314253867284,26.023314253867273
398809,Aly Malle,199999.99999999997,173965.63172941888,26034.368270581093,13.017184135290549
462784,Jourdain Assen,50000.000000000015,76042.25264030947,26042.252640309453,52.084505280618885
700400,Tibet Öniz,25000.000000000004,51052.172250738746,26052.172250738742,104.20868900295494
458499,Vasilios Tsimopoulos,75000.00000000004,101069.15695514875,26069.156955148705,34.75887594019825
378746,Laurentiu Corbu,124999.9999999999,151078.17241482186,26078.172414821966,20.862537931857588
399593,Alper Önal,25000.000000000004,51101.85616528891,26101.856165288908,104.40742466115563
1144,Christofer Heimeroth,100000.00000000004,126119.56842144014,26119.568421440097,26.119568421440086
371318,Petro Pereverza,75000.00000000004,48872.66575318439,26127.334246815655,34.83644566242085
5336,Anastasios Tsokanis,150000.00000000006,123839.88632293833,26160.11367706173,17.440075784707815
1293579,Dmytro Matkivskyi,75000.00000000004,48814.685311033296,26185.314688966748,34.91375291862231
133392,Billy Knott,150000.00000000006,176199.53900602207,26199.53900602201,17.466359337348
237732,Leandro Putaro,225000.00000000015,251223.71755316757,26223.71755316743,11.654985579185517
315437,Furkan Zorba,75000.00000000004,101271.32391171444,26271.323911714397,35.028431882285844
199793,Orlando Held,75000.00000000004,48724.37654591189,26275.623454088156,35.034164605450854
96881,Dimitrios Amarantidis,75000.00000000004,48710.783480853206,26289.216519146838,35.052288692195766
33781,Vito Mannone,199999.99999999997,173691.46310572643,26308.536894273537,13.154268447136772
406694,Jamie Brandon,249999.9999999998,223659.70688182034,26340.293118179456,10.536117247271791
342703,Pieter Bos,50000.000000000015,76387.94320081838,26387.943200818365,52.77588640163672
500087,Boris Mathis,199999.99999999997,173584.38772760466,26415.612272395316,13.20780613619766
537611,Doğukan Özkan,50000.000000000015,76427.1091533413,26427.109153341284,52.854218306682554
694236,Craig Ross,25000.000000000004,51427.3762293929,26427.3762293929,105.70950491757158
69132,Daniel Christensen,150000.00000000006,123502.49423698075,26497.505763019304,17.665003842012865
456184,Ivan Tarasov,75000.00000000004,101510.52474638209,26510.52474638204,35.347366328509366
233268,Georgios Zygogiannis,100000.00000000004,73393.97021759916,26606.02978240089,26.606029782400874
203057,David Mbodj Mbaye,50000.000000000015,76611.00003610615,26611.00003610614,53.22200007221226
685756,Aleksandr Gapechkin,25000.000000000004,51614.02393419707,26614.023934197063,106.45609573678823
1147385,Fletcher Boyd,199999.99999999997,226619.7449562471,26619.74495624713,13.309872478123566
349717,Daniele Cipolla,25000.000000000004,51654.41642853893,26654.416428538923,106.61766571415568
653906,Moises Tablante,100000.00000000004,126660.88266007185,26660.882660071802,26.66088266007179
563734,Mamadou Fofana,299999.99999999977,273314.91172303667,26685.0882769631,8.895029425654373
742014,Tim Paumgartner,150000.00000000006,176714.4564826554,26714.45648265534,17.809637655103554
33710,Semedo,50000.000000000015,76731.91482000893,26731.91482000891,53.4638296400178
55150,Jorge Broun,100000.00000000004,73247.71856686281,26752.281433137236,26.752281433137227
207487,Fabián Muñoz,199999.99999999997,173233.699911855,26766.300088144984,13.383150044072496
265159,Joshua Bitter,199999.99999999997,173191.08763330514,26808.91236669483,13.404456183347415
1143804,Daniil Teplyakov,10000.00000000001,36809.94979444236,26809.94979444235,268.09949794442326
44072,Marcos Tébar,199999.99999999997,226859.053987918,26859.053987918043,13.429526993959023
560110,Ivan Kovalenko,100000.00000000004,126922.15461033129,26922.154610331243,26.922154610331233
200467,Jean-Claude Bozga,50000.000000000015,76938.36142767126,26938.361427671247,53.87672285534247
336303,Bart Straalman,249999.9999999998,276944.3270396199,26944.32703962011,10.777730815848054
375340,Nanda Kyaw,150000.00000000006,176950.59695635494,26950.596956354886,17.96706463756992
346528,Stefano Mazzini,75000.00000000004,101964.06067560837,26964.06067560833,35.95208090081108
677186,Alihan Kalkan,25000.000000000004,51980.73961379856,26980.73961379856,107.92295845519422
208384,Mathias Andersen,75000.00000000004,101999.7451805891,26999.74518058906,35.99966024078539
195730,Mihail Platica,199999.99999999997,227007.90161971588,27007.901619715907,13.503950809857956
381585,Mykhaylo Udod,25000.000000000004,52032.230457881255,27032.23045788125,108.12892183152498
1223408,Samet Akif Duyur,25000.000000000004,52048.84239125427,27048.842391254268,108.19536956501705
641441,Ali Koiki,199999.99999999997,172944.79932604425,27055.200673955726,13.527600336977866
255891,Alexandros Poptsis,100000.00000000004,72902.92330773312,27097.076692266928,27.097076692266914
344588,Glenn Middleton,349999.9999999997,322892.7475286904,27107.25247130933,7.744929277516959
449575,Aleksandr Saplinov,150000.00000000006,122882.36188282375,27117.638117176306,18.078425411450862
569365,Soudeysse Kari,100000.00000000004,127131.25081310625,27131.250813106206,27.131250813106195
229797,Mathias Thrane,150000.00000000006,122842.53518258664,27157.46481741342,18.10497654494227
118582,Giorgi Rekhviashvili,50000.000000000015,77206.6496177425,27206.649617742485,54.413299235484956
212372,Hakan Cinemre,75000.00000000004,102223.80380925484,27223.803809254794,36.29840507900637
1095318,Carlão,100000.00000000004,72739.06222093,27260.93777907004,27.260937779070026
456113,Enrique Serje,299999.99999999977,272728.9117372468,27271.08826275298,9.090362754251
484215,Toby Sibbick,549999.9999999998,577278.1094579673,27278.10945796757,4.959656265085015
542680,Kasper Kristensen,175000.00000000012,147671.0922918132,27328.907708186918,15.616518690392514
138662,Álvaro Arroyo,199999.99999999997,172622.66668327726,27377.33331672271,13.688666658361356
371319,Gabriel Okechukwu,175000.00000000012,147610.86248376977,27389.137516230345,15.650935723560186
1232652,Xavier Stella,175000.00000000012,202393.58756663074,27393.587566630624,15.653478609503201
30666,Haris Medunjanin,50000.000000000015,77429.06743752633,27429.06743752632,54.85813487505262
58402,Maksym Kovalyov,100000.00000000004,127443.9628935287,27443.96289352866,27.44396289352865
59596,Lucas Pratto,249999.9999999998,222544.71592459275,27455.28407540705,10.982113630162829
110082,Darren Keet,175000.00000000012,147499.22655041522,27500.7734495849,15.714727685477076
385794,Bruno Sousa,150000.00000000006,177506.69813352352,27506.69813352346,18.3377987556823
14944,Anatoliy Tymoshchuk,50000.000000000015,77524.22961177504,27524.229611775023,55.048459223550026
93664,Abdelaziz Barrada,199999.99999999997,172429.4255886214,27570.574411378562,13.785287205689285
723084,Kota Kawano,299999.99999999977,272423.6350381052,27576.36496189458,9.192121653964866
1022398,Hinata Yamauchi,249999.9999999998,277611.0055845765,27611.00558457672,11.044402233830697
655901,Abdullah Şahindere,50000.000000000015,77612.74597708588,27612.74597708587,55.22549195417172
65262,Rubén Martínez,199999.99999999997,172381.89712086905,27618.10287913092,13.809051439565462
392951,Roberto Taliento,25000.000000000004,52646.808762009074,27646.80876200907,110.58723504803626
35530,Murat Yildirim,75000.00000000004,47333.4994978796,27666.50050212044,36.888667336160566
196836,Devante Parker,100000.00000000004,127693.70435207812,27693.70435207807,27.693704352078058
198008,André Silva,3000000.000000001,3027713.184588892,27713.18458889099,0.9237728196296993
1532,Wesley Sonck,199999.99999999997,227716.8004249163,27716.80042491632,13.858400212458163
808907,Bilal Mazhar,249999.9999999998,222279.41712770538,27720.582872294413,11.088233148917775
396399,Yevgen Prodanov,25000.000000000004,52759.86706849044,27759.86706849044,111.03946827396175
6791,Kai Herdling,399999.9999999999,372203.0176209387,27796.98237906117,6.949245594765295
1087013,Benjamin Laturnus,100000.00000000004,127805.35088165633,27805.350881656283,27.80535088165627
41653,Johan Dahlin,100000.00000000004,127811.80723591054,27811.8072359105,27.811807235910486
364708,Hatem Al-Juhani,100000.00000000004,127827.73061034878,27827.730610348735,27.827730610348723
45613,Sergey Kislyak,50000.000000000015,77840.23073845521,27840.230738455197,55.68046147691038
511118,Murat Sevimler,50000.000000000015,77890.95987221206,27890.959872212043,55.781919744424066
448890,Aleksandr Golovnya,124999.9999999999,97098.93198221581,27901.068017784084,22.320854414227284
1000925,Ralph Rutherford,150000.00000000006,122070.94190308645,27929.058096913606,18.619372064609063
441444,Konstantinos Makris,100000.00000000004,127933.2514354201,27933.251435420054,27.933251435420043
51356,Raúl Bobadilla,175000.00000000012,147063.50821088045,27936.491789119667,15.963709593782657
543098,Josip Silic,150000.00000000006,177957.29427603644,27957.29427603638,18.638196184024245
287662,Ilias Tselios,249999.9999999998,222019.57394820146,27980.426051798335,11.192170420719343
3292,Joey Barton,999999.9999999997,1028019.1342993114,28019.134299311787,2.8019134299311794
240218,Tiberio Velocci,75000.00000000004,46962.87109401146,28037.128905988582,37.38283854131809
450956,Jamie Semple,25000.000000000004,53066.45201286403,28066.452012864025,112.26580805145609
435497,China,199999.99999999997,228135.42173968436,28135.42173968439,14.067710869842195
1377531,Talal Al-Shbely,50000.000000000015,78141.22050172673,28141.22050172671,56.28244100345341
637122,Nigatu Gebreselassie,50000.000000000015,78142.07208940655,28142.07208940653,56.284144178813044
720488,Alejandro Alfaro,50000.000000000015,78160.76147766599,28160.761477665976,56.321522955331936
371089,Alex Coppola,25000.000000000004,53220.90456390104,28220.904563901033,112.88361825560412
1187337,Noel Rivera,199999.99999999997,171778.0096110431,28221.99038895688,14.110995194478443
42948,Ari Freyr Skúlason,150000.00000000006,121755.97725764503,28244.022742355024,18.829348494903343
536455,Mory Bamba,50000.000000000015,78284.99165326671,28284.991653266698,56.56998330653338
132236,Josh Parker,199999.99999999997,228287.05205440297,28287.052054403,14.143526027201503
339089,Abdou Aziz Thiam,150000.00000000006,121697.10334251463,28302.896657485428,18.868597771656944
707530,Ardian Bajrami,75000.00000000004,103320.5722898989,28320.57228989886,37.76076305319846
244915,Oleksiy Zinkevych,25000.000000000004,53339.34494530739,28339.344945307388,113.35737978122953
856746,Khonesavanh Keonuchanh,25000.000000000004,53358.71319406525,28358.713194065243,113.43485277626095
50346,Krsevan Santini,50000.000000000015,78359.01670511109,28359.016705111077,56.718033410222134
93768,Richard Strebinger,199999.99999999997,228363.00687819463,28363.00687819466,14.181503439097332
34531,Milan Cerny,150000.00000000006,178432.6143911025,28432.614391102456,18.955076260734963
122649,Onur Bayramoglu,25000.000000000004,53451.79609211556,28451.796092115557,113.80718436846222
150070,Izwan Mahbud,75000.00000000004,103470.20919980157,28470.209199801524,37.96027893306867
152420,Paul Grant,50000.000000000015,78519.72635172769,28519.726351727673,57.03945270345533
13371,Tom Van Imschoot,100000.00000000004,128521.18402243344,28521.1840224334,28.52118402243339
706699,Lennon Walker,25000.000000000004,53591.73756350284,28591.737563502833,114.36695025401131
133100,Aytac Öden,50000.000000000015,78596.56179551553,28596.561795515518,57.19312359103101
106196,Andrey Sinitsyn,50000.000000000015,78620.67567623185,28620.67567623184,57.24135135246367
1407924,Malte Persson,25000.000000000004,53654.84914022263,28654.849140222625,114.61939656089048
598608,Sergi García,199999.99999999997,171288.3817999268,28711.618200073164,14.355809100036584
22642,Nicolas Seube,199999.99999999997,228723.25264084598,28723.25264084601,14.361626320423007
204138,Emil Peter Jörgensen,124999.9999999999,96236.41377643652,28763.586223563383,23.010868978850727
614195,Dani Plomer,150000.00000000006,178773.58181615925,28773.58181615919,19.182387877439453
1047622,Kağan Arıcan,100000.00000000004,71188.59195833263,28811.40804166741,28.8114080416674
831948,Berat Pınar,50000.000000000015,78824.367872258,28824.36787225798,57.648735744515946
57581,Michal Peskovic,25000.000000000004,53841.76043945931,28841.760439459304,115.36704175783721
358421,Jakob Johansson,150000.00000000006,121152.7536211486,28847.246378851458,19.231497585900964
280066,Morten Beck,50000.000000000015,78852.81094076714,28852.81094076713,57.70562188153424
817709,Artur Maksetsov,100000.00000000004,128859.25579659971,28859.255796599668,28.859255796599655
11765,Aytac Sulu,124999.9999999999,153887.5837727732,28887.583772773316,23.110067018218672
857076,Kang-jun Heo,75000.00000000004,103890.1545399233,28890.154539923256,38.520206053230986
44368,Federico Gerardi,100000.00000000004,128906.48951805664,28906.489518056595,28.90648951805658
1094,Emanuel Pogatetz,199999.99999999997,171083.69502495244,28916.304975047533,14.458152487523767
199064,Daniele Vacondio,25000.000000000004,53921.4080903896,28921.4080903896,115.68563236155838
30473,Fred Benson,150000.00000000006,178938.7594734012,28938.75947340115,19.29250631560076
256423,Paraskevas Zannias,100000.00000000004,71042.26791278528,28957.73208721477,28.957732087214755
238654,Jaime Báez,899999.9999999995,871011.8660021367,28988.13399786281,3.220903777540314
210153,Alberto Martín,100000.00000000004,128992.15419589133,28992.154195891286,28.992154195891274
36364,Mikhail Sivakov,100000.00000000004,128995.47542448601,28995.475424485965,28.99547542448595
230845,Ylldren Ibrahimaj,449999.99999999994,421004.3267739791,28995.673226020823,6.443482939115739
14365,Ricardo Fernandes,199999.99999999997,171003.41694576447,28996.583054235496,14.498291527117752
538608,Gabriel Compagnucci,124999.9999999999,153998.84327520072,28998.843275200823,23.19907462016068
107612,Daniel Sundgren,150000.00000000006,120999.32720544153,29000.67279455853,19.33378186303901
241701,Devrim Taskaya,124999.9999999999,95987.35580189849,29012.644198101407,23.210115358481147
876866,Umut Tanis,10000.00000000001,39012.82324800645,29012.82324800644,290.1282324800641
277,Sérgio da Silva Pinto,150000.00000000006,120943.04048146686,29056.9595185332,19.371306345688794
827285,Mayer Gil,349999.9999999997,320938.5229873198,29061.477012679912,8.303279146479982
939150,Sarantis Tselempakis,50000.000000000015,79097.83789810799,29097.837898107973,58.19567579621593
457068,Dion van Horne,25000.000000000004,54127.59439728374,29127.594397283738,116.51037758913493
875117,Caner Doğan,25000.000000000004,54158.27766892325,29158.277668923245,116.63311067569295
458178,Jack Taylor,3000000.000000001,3029171.072925193,29171.07292519184,0.9723690975063943
28004,Javito,100000.00000000004,129188.38923084452,29188.389230844477,29.188389230844464
118997,Aitor Fernández,499999.99999999977,529196.0356629645,29196.035662964685,5.83920713259294
532464,Daniel Adshead,124999.9999999999,154216.1167262324,29216.116726232503,23.37289338098602
24379,Samuel Holmén,100000.00000000004,129230.63930030448,29230.639300304436,29.23063930030442
661322,Dimitrios Tsipouras,75000.00000000004,45748.31876977532,29251.681230224727,39.00224164029961
138691,Stijn Wertelaers,75000.00000000004,45734.712169901286,29265.287830098758,39.02038377346499
52403,Dimitrios Siovas,50000.000000000015,79268.33883635658,29268.33883635656,58.5366776727131
45455,Geoffrey Mujangi Bia,100000.00000000004,129295.26306838926,29295.26306838922,29.29526306838921
186858,Lesly de Sa,150000.00000000006,179304.72168881673,29304.721688816673,19.536481125877774
61854,Tim Siekman,249999.9999999998,220688.71093349007,29311.289066509722,11.724515626603898
588635,Omurwa,499999.99999999977,529372.947107739,29372.94710773928,5.874589421547858
247415,Mark Williams,50000.000000000015,79377.65171764395,29377.651717643937,58.75530343528786
183744,Jean Alassane Mendy,150000.00000000006,179447.53284374962,29447.532843749563,19.6316885624997
235863,Thallyson,299999.99999999977,270539.40243048477,29460.597569514997,9.82019918983834
237599,Giannis Domatas,150000.00000000006,120516.51024319923,29483.48975680083,19.655659837867212
125505,Gonzalo Barreto,199999.99999999997,229498.87588818462,29498.875888184644,14.749437944092325
230361,Morten Bjørlo,899999.9999999995,929505.4013108338,29505.40131083422,3.278377923426026
412610,Marcelo Rangel,50000.000000000015,79545.67355101163,29545.673551011612,59.09134710202321
140778,Koenraad Hendrickx,100000.00000000004,70451.61659605145,29548.383403948596,29.54838340394858
617164,Pietro Passador,100000.00000000004,129549.2421261842,29549.242126184152,29.54924212618414
41362,Gustav Svensson,249999.9999999998,220413.2905026055,29586.709497394302,11.83468379895773
1099425,Jordan Lauton,349999.9999999997,379601.6389411342,29601.6389411345,8.457611126038437
1294052,João Barros,199999.99999999997,229602.84717173115,29602.847171731177,14.801423585865592
423666,Miko Virtanen,175000.00000000012,145388.79133159676,29611.208668403357,16.92069066765905
355092,Muhammed Can,25000.000000000004,54617.11785886626,29617.117858866255,118.46847143546499
536510,Louis Torres,199999.99999999997,170326.0148897601,29673.985110239882,14.836992555119943
513332,Kian Slor,100000.00000000004,70312.1317647401,29687.868235259943,29.687868235259927
225591,Antonio Mance,449999.99999999994,420281.49555701675,29718.50444298319,6.60411209844071
45951,Ugur Demirkol,100000.00000000004,70249.11364855028,29750.886351449764,29.75088635144975
201671,Igor Perduta,100000.00000000004,129763.31063932639,29763.310639326344,29.763310639326328
156137,Redvan Memeshev,150000.00000000006,120158.09277265743,29841.907227342628,19.894604818228412
261498,Diego Altamirano,50000.000000000015,79847.242573676,29847.24257367599,59.69448514735196
44735,Aythami Artiles,100000.00000000004,129858.2573149278,29858.25731492776,29.858257314927744
341087,Alberto Tronco,25000.000000000004,54864.0926856422,29864.092685642197,119.45637074256877
45701,Vicente Monje,499999.99999999977,529889.2965356464,29889.29653564666,5.977859307129334
265267,Viktor Khomchenko,100000.00000000004,70086.18180261337,29913.818197386674,29.91381819738666
619045,Mads Sylvan Jensen,25000.000000000004,54930.61634841775,29930.61634841775,119.72246539367097
161267,Josep Señé,399999.9999999999,370045.77842940995,29954.22157058993,7.488555392647485
38449,Wouter Corstjens,50000.000000000015,79980.44052558958,29980.44052558957,59.960881051179115
648541,Gabi Caschili,124999.9999999999,95012.04100354217,29987.95899645773,23.990367197166204
8176,Oier Olazábal,199999.99999999997,230016.65878128872,30016.658781288745,15.008329390644374
340292,Matteo Procopio,75000.00000000004,44982.87116621418,30017.128833785864,40.022838445047796
341266,Darío Ramos,150000.00000000006,119952.84229613924,30047.157703860823,20.03143846924054
5597,Chaouki Ben Saada,150000.00000000006,119944.04303527655,30055.956964723504,20.037304643148996
322784,Kyle McClean,175000.00000000012,205064.70012414642,30064.7001241463,17.1798286423693
195652,Jordon Ibe,299999.99999999977,269916.9498291238,30083.05017087597,10.027683390291998
657724,Stefan Parkes,150000.00000000006,119873.62122140349,30126.37877859657,20.08425251906437
104495,Lyle Taylor,299999.99999999977,330149.9882198593,30149.988219859544,10.049996073286522
656441,Jean Onana,999999.9999999997,1030159.3972953715,30159.397295371862,3.0159397295371875
118048,Savvas Siatravanis,225000.00000000015,194839.5482048295,30160.451795170637,13.404645242298052
58076,Piti,100000.00000000004,69798.72972130709,30201.27027869296,30.20127027869294
227602,Jesús Rubio,175000.00000000012,205209.13423589585,30209.134235895734,17.262362420511838
571079,Facundo García,199999.99999999997,169786.25615602458,30213.74384397539,15.106871921987697
743040,Dante Rossi,10000.00000000001,40213.89832820026,30213.898328200252,302.13898328200224
737772,Carnejy Antoine,199999.99999999997,230214.86139733542,30214.86139733545,15.107430698667729
755758,Bereket Wolde,124999.9999999999,155216.77646677117,30216.776466771276,24.17342117341704
566572,Oğuzhan Matur,124999.9999999999,94773.76738300985,30226.232616990048,24.180986093592058
104324,Luciano Balbi,75000.00000000004,105236.40487426078,30236.40487426074,40.3152064990143
103516,Alessandro Marchi,75000.00000000004,105239.72560744279,30239.725607442742,40.31963414325696
42624,Sergiy Davydov,25000.000000000004,55314.84078300819,30314.84078300819,121.25936313203273
81743,Fausto Rossi,299999.99999999977,269681.64973335987,30318.3502666399,10.106116755546642
352653,Ömer Faruk Canbirdi,25000.000000000004,55321.30877698063,30321.308776980626,121.28523510792249
26774,Atle Roar Haland,100000.00000000004,130334.44647029895,30334.446470298906,30.334446470298893
35650,Jean Calvé,100000.00000000004,130362.56560351762,30362.565603517578,30.362565603517567
1234622,Majed Dawran,175000.00000000012,144602.73110928427,30397.268890715844,17.3698679375519
12654,David Clarkson,225000.00000000015,194592.2254128325,30407.77458716766,13.514566483185616
37217,Pär Hansson,299999.99999999977,269509.0569943856,30490.943005614157,10.16364766853806
91722,Anton Golenkov,124999.9999999999,155564.64854871156,30564.64854871166,24.451718838969345
82367,Petar Sliskovic,249999.9999999998,280574.0812146487,30574.081214648875,12.22963248585956
9698,Stefanos Kotsolis,150000.00000000006,119410.2649826705,30589.735017329556,20.393156678219697
525320,Gaultiér Overman,25000.000000000004,55622.22620646822,30622.226206468218,122.48890482587285
660059,Maxim Mariani,124999.9999999999,155661.80290089487,30661.802900894967,24.529442320715994
34116,Krisztián Vadócz,25000.000000000004,55707.469972085884,30707.46997208588,122.82987988834351
238868,Rubén Peña,600000.0000000003,569273.4041569097,30726.595843090676,5.121099307181776
16433,Manolis Kallergis,124999.9999999999,155728.40568389947,30728.405683899575,24.582724547119682
130622,Tiago Mesquita,100000.00000000004,130737.70548274384,30737.705482743797,30.73770548274378
724530,Leigh Kavanagh,199999.99999999997,230748.51021537956,30748.51021537959,15.374255107689796
173674,Erik Cummins,150000.00000000006,180755.80705501075,30755.807055010693,20.503871370007122
646333,Ben Greenwood,199999.99999999997,230759.4639772536,30759.463977253617,15.37973198862681
221687,Alex Gilliead,225000.00000000015,255759.60500948492,30759.605009484774,13.670935559771003
58392,Vitaliy Fedoriv,100000.00000000004,69222.72280253338,30777.27719746667,30.777277197466656
436419,Maxim Nys,100000.00000000004,69093.68928217948,30906.31071782057,30.906310717820556
15872,Roman Sharonov,100000.00000000004,130944.98348491782,30944.98348491777,30.94498348491776
93177,Aleksandr Zotov,100000.00000000004,69040.33195303478,30959.668046965264,30.95966804696525
114340,Gabriel Silva,700000.0000000006,730992.7920972572,30992.792097256635,4.4275417281795155
486040,Nicolas Alavoine,50000.000000000015,81006.53359788623,31006.533597886213,62.01306719577241
86936,Zarko Udovicic,25000.000000000004,56024.914612853354,31024.91461285335,124.09965845141338
352721,İlker Karakaş,124999.9999999999,93973.24752609378,31026.75247390612,24.821401979124914
27151,Pavlo Ivanov,50000.000000000015,81064.25595791766,31064.255957917645,62.12851191583527
913387,Danylo Kolesnyk,100000.00000000004,68905.64596843196,31094.354031568088,31.094354031568074
108831,Khalil Chemmam,100000.00000000004,131104.93151281294,31104.931512812895,31.104931512812882
42976,Marcelo Oliveira,50000.000000000015,81154.18413934126,31154.184139341247,62.30836827868248
37873,Aykut Akgün,25000.000000000004,56182.773076422505,31182.7730764225,124.73109230569
480457,Thomas Poll,324999.9999999999,293796.002567408,31203.99743259186,9.601229979259037
932021,Reiju Tsuruno,199999.99999999997,231322.10402364793,31322.10402364796,15.661052011823983
764683,Charly Jan,100000.00000000004,131372.09007286708,31372.09007286704,31.372090072867024
464604,Bruno Bogojevic,499999.99999999977,531397.8276912615,31397.827691261773,6.279565538252357
335027,Koen Bucker,124999.9999999999,156408.0991367953,31408.099136795397,25.126479309436338
192992,Joren Dehond,100000.00000000004,68587.2096128957,31412.790387104338,31.412790387104323
548128,Giacomo D'Asaro,25000.000000000004,56468.64115277495,31468.641152774948,125.87456461109979
113619,Emilijus Zubas,249999.9999999998,218521.62020764654,31478.379792353255,12.591351916941312
186604,Cédric Buekers,124999.9999999999,93519.04339331684,31480.95660668306,25.184765285346465
21191,Alkis Dimitris,100000.00000000004,131489.26221989107,31489.262219891025,31.48926221989101
72189,Álex Bergantiños,50000.000000000015,81500.20524543605,31500.20524543604,63.00041049087206
25229,Filipe Mendes,50000.000000000015,81533.80564685185,31533.805646851833,63.06761129370365
122374,Iheb Mbarki,225000.00000000015,256548.44769968017,31548.447699680022,14.02153231096889
71019,Bartosz Salamon,399999.9999999999,431583.62028900866,31583.620289008773,7.895905072252196
339474,Renato Maia,50000.000000000015,81607.2507671263,31607.250767126287,63.214501534252555
912447,Florian Dimmer,100000.00000000004,131608.20127951558,31608.20127951553,31.60820127951552
364038,Tymofiy Sheremeta,50000.000000000015,81622.818476231,31622.818476230983,63.24563695246195
224098,Javi Rey,199999.99999999997,231625.61567700052,31625.615677000547,15.812807838500277
10121,Orhan Sam,50000.000000000015,81643.47392910538,31643.47392910537,63.286947858210716
88983,Nathan Eccleston,100000.00000000004,131654.68570292328,31654.685702923234,31.654685702923217
483593,Harry Sawyer,349999.9999999997,381656.3074606772,31656.30746067752,9.044659274479299
225736,Arthur Hannes,25000.000000000004,56674.8160718255,31674.8160718255,126.69926428730199
997472,Zinho,399999.9999999999,431686.73121480487,31686.731214804982,7.921682803701248
237829,Mathias Schils,199999.99999999997,231689.10511388545,31689.105113885482,15.844552556942743
56183,Bruno Moreira,50000.000000000015,81695.36355709452,31695.363557094504,63.39072711418899
337282,Jake Brimmer,549999.9999999998,518260.1171919186,31739.882808081165,5.770887783287487
1122485,Bera Çeken,25000.000000000004,56744.99092310037,31744.990923100366,126.97996369240145
45319,Gabriel Mercado,100000.00000000004,131774.67427111525,31774.674271115204,31.774674271115188
56386,Volkan Sen,25000.000000000004,56776.15466174078,31776.154661740777,127.1046186469631
234449,Fabrice Fokobo,100000.00000000004,131828.56370526733,31828.563705267283,31.82856370526727
369678,Moses Opondo,299999.99999999977,331828.6477541132,31828.647754113423,10.60954925137115
1020855,Osama Al-Mermesh,50000.000000000015,81831.59110891083,31831.591108910812,63.6631822178216
175573,Nacho Porcar,100000.00000000004,131856.47381078277,31856.47381078273,31.856473810782717
52470,Andrey Ivanov,150000.00000000006,118130.24286481194,31869.75713518812,21.246504756792074
7041,Servet Cetin,299999.99999999977,268122.3319184205,31877.668081579264,10.625889360526429
217477,Alex Kitchen,50000.000000000015,81912.6034640062,31912.603464006184,63.82520692801235
418144,Joe Wollacott,199999.99999999997,231943.15125139084,31943.151251390867,15.971575625695436
320107,Rüstü Hanli,50000.000000000015,81952.19271883853,31952.192718838516,63.904385437677014
615316,Andrey Evdokimov,299999.99999999977,268030.46446404926,31969.535535950505,10.656511845316844
51268,Zaur Sadaev,100000.00000000004,131998.57748734698,31998.577487346935,31.998577487346918
119717,Sergiy Basov,25000.000000000004,57010.069499707635,32010.06949970763,128.0402779988305
95431,Adama Guira,50000.000000000015,82021.4188746132,32021.418874613184,64.04283774922635
45395,Jonathan Howson,249999.9999999998,282047.1732963113,32047.173296311492,12.818869318524605
27941,Danijel Subasic,50000.000000000015,82069.71294636006,32069.712946360043,64.13942589272007
269010,Espen Garnås,299999.99999999977,332116.9301189278,32116.930118928023,10.705643372976017
40555,Serginho,25000.000000000004,57146.444717342965,32146.44471734296,128.58577886937184
8487,Serdar Özkan,25000.000000000004,57169.33421101786,32169.334211017853,128.6773368440714
260918,Kosuke Shirai,349999.9999999997,317825.5885849286,32174.41141507111,9.19268897573461
479019,Marokhy Ndione,175000.00000000012,142817.37724839867,32182.622751601448,18.390070143772245
226009,Cléber Reis,299999.99999999977,267747.48668362835,32252.51331637142,10.750837772123816
713649,Miguel Ángel Brau,150000.00000000006,117746.62902570337,32253.37097429669,21.502247316197785
206844,Tomas Švedkauskas,399999.9999999999,367720.06402996887,32279.935970031016,8.069983992507757
96788,Georgios Margaritis,199999.99999999997,167711.62502644717,32288.374973552796,16.144187486776403
160893,Konstantinos Peristeridis,175000.00000000012,142700.97124509665,32299.02875490347,18.45658785994483
361083,Ian Smeulers,249999.9999999998,217695.02342929685,32304.976570702944,12.921990628281188
52101,Abdul Osman,100000.00000000004,132353.10147135568,32353.101471355636,32.35310147135562
618505,Davide Costanzo,50000.000000000015,82373.27398130478,32373.273981304766,64.74654796260951
201427,Kasper Enghardt,249999.9999999998,217623.95937840213,32376.04062159767,12.95041624863908
998970,Damoth Thongkhamsavath,150000.00000000006,182386.2266479986,32386.226647998556,21.590817765332364
201193,Dominik Kun,249999.9999999998,217586.76490894996,32413.235091049835,12.965294036419944
1266615,Bayron Caicedo,150000.00000000006,117559.5611391065,32440.438860893555,21.626959240595696
628330,Titos Koutentakis,199999.99999999997,167559.51828812307,32440.4817118769,16.220240855938453
720973,Ilya Moskalenchik,249999.9999999998,217476.84208736708,32523.157912632712,13.009263165053095
419666,Rail Abdullin,50000.000000000015,82524.00258107834,32524.002581078326,65.04800516215663
127693,Stelios Tsoukanis,150000.00000000006,117471.55599267306,32528.444007326994,21.68562933821799
685938,Dmitri Sesyavin,50000.000000000015,82528.8177277905,32528.81772779049,65.05763545558096
831591,Marko Gudžulić,299999.99999999977,267437.8477664441,32562.15223355568,10.854050744518569
282372,Devlin Mackay,50000.000000000015,82574.23580538722,32574.2358053872,65.14847161077438
45397,Mauro Poy,249999.9999999998,217422.0192841398,32577.98071586,13.031192286344012
66596,Hüsamettin Tut,25000.000000000004,57579.85579028375,32579.855790283746,130.31942316113495
57785,Roberto Canella,100000.00000000004,132599.12921389582,32599.12921389578,32.599129213895765
523491,Valeriy Sad,199999.99999999997,232633.06626101275,32633.066261012777,16.316533130506393
95753,Nicolaj Köhlert,100000.00000000004,67362.10903745091,32637.890962549136,32.63789096254912
352702,Andrea Morello,75000.00000000004,42354.47242852394,32645.5275714761,43.52737009530144
599150,Ilya Svinov,399999.9999999999,432646.5148159237,32646.514815923816,8.161628703980957
537847,Dmitriy Pavlish,25000.000000000004,57684.8009967338,32684.800996733797,130.73920398693517
243237,Tobias Schützenauer,249999.9999999998,217254.9819191705,32745.018080829293,13.09800723233173
387160,Konrad Michalak,499999.99999999977,532751.5692032002,32751.5692032004,6.550313840640083
325410,Maksym Babiychuk,50000.000000000015,82803.92014413305,32803.92014413304,65.60784028826605
509028,Ciaran McKenna,225000.00000000015,192115.4493987268,32884.55060127334,14.615355822788139
58534,Gökhan Değirmenci,50000.000000000015,82895.22957372451,32895.2295737245,65.79045914744897
687628,Ruben Geeraerts,75000.00000000004,107897.21173521626,32897.21173521622,43.862948980288266
315930,Maxime Do Couto,499999.99999999977,467090.5264974152,32909.47350258456,6.581894700516915
59471,Chris Konopka,100000.00000000004,132915.06612635907,32915.06612635903,32.915066126359015
223801,Ferhad Ayaz,124999.9999999999,157915.52662284486,32915.52662284496,26.332421298275992
415333,Tiago Martins,100000.00000000004,132946.23180766008,32946.231807660035,32.94623180766002
223896,Jesper Gustavsson,600000.0000000003,632953.9769731103,32953.976973109995,5.492329495518329
271584,Selman Sevinc,25000.000000000004,57965.88665313861,32965.8866531386,131.8635466125544
1130336,Yuri Casermeiro,175000.00000000012,207974.35550636039,32974.35550636027,18.842488860777284
1145392,Valentín Fenoglio,199999.99999999997,166979.82267187268,33020.17732812729,16.510088664063648
278842,Antonis Stathopoulos,124999.9999999999,158051.10192035866,33051.101920358764,26.44088153628703
50511,Cyril Hennion,150000.00000000006,116920.70831339278,33079.29168660728,22.052861124404842
247300,Anthony Walongwa,324999.9999999999,291886.5495326652,33113.45046733471,10.188753989949145
317179,Abdel Mounaim El Ouazzane,75000.00000000004,108118.6194102691,33118.61941026905,44.15815921369204
620074,Sergen Yatagan,100000.00000000004,66846.80364673579,33153.196353264255,33.15319635326424
102621,Jeppe Hansen,100000.00000000004,133178.46145430216,33178.461454302116,33.1784614543021
240397,Marco Bertoia,25000.000000000004,58199.19997332865,33199.19997332865,132.79679989331459
418425,Jaiminho,199999.99999999997,233201.3994523136,33201.399452313635,16.60069972615682
195954,Dennis Erdmann,124999.9999999999,158203.96431983577,33203.96431983587,26.563171455868716
1287151,Hugo Lambotte,150000.00000000006,116770.90461566058,33229.09538433948,22.152730256226313
183166,Ian Lawlor,100000.00000000004,133243.11447538418,33243.114475384136,33.243114475384125
411646,Ertugrul Teksen,50000.000000000015,83260.34552529734,33260.34552529732,66.52069105059462
430600,Lucas Damblon,100000.00000000004,66680.83379395734,33319.166206042704,33.31916620604269
618154,Melih Enes Uygun,25000.000000000004,58322.02285051984,33322.02285051983,133.28809140207932
523315,Ilya Shkurin,749999.9999999998,716664.314200682,33335.685799317784,4.444758106575706
733904,Michalis Patiras,150000.00000000006,183366.46617656614,33366.466176566086,22.244310784377383
129604,Ezgjan Alioski,399999.9999999999,366631.6027346728,33368.397265327105,8.34209931633178
66784,Fatos Beqiraj,150000.00000000006,116627.05170542929,33372.94829457077,22.248632196380505
214073,Carljohan Eriksson,249999.9999999998,283376.80088796566,33376.80088796586,13.350720355186354
36200,Olcay Sahan,100000.00000000004,66615.6599643017,33384.34003569835,33.38434003569834
441994,Lino Kasten,124999.9999999999,91596.17971991819,33403.82028008171,26.723056224065388
282488,Birkan Tetik,124999.9999999999,158417.0638952989,33417.063895299,26.733651116239223
437573,James Brown,199999.99999999997,233427.27375065302,33427.273750653054,16.71363687532653
552418,Sergiy Kyslenko,249999.9999999998,216544.82064735083,33455.179352648964,13.382071741059596
44398,Veselin Minev,100000.00000000004,66536.84653549099,33463.15346450906,33.46315346450904
292845,Ivan Zirikov,50000.000000000015,83477.18384639245,33477.183846392436,66.95436769278486
110728,Franco Zennaro,100000.00000000004,133529.65330871262,33529.65330871257,33.52965330871256
399262,Fraser Murray,399999.9999999999,433531.2580082668,33531.258008266916,8.382814502066731
704122,Alessandro Pietrelli,749999.9999999998,783541.4836949278,33541.483694928,4.472197825990401
1013044,Ryoya Kimura,150000.00000000006,116403.5901711745,33596.40982882556,22.397606552550368
382895,Roman Goncharenko,199999.99999999997,166380.4904907778,33619.509509222175,16.809754754611088
35416,David McGoldrick,199999.99999999997,166367.59435404546,33632.40564595451,16.816202822977257
81793,Tadanari Lee,150000.00000000006,116345.69257276235,33654.30742723771,22.4362049514918
198619,Nadjib Baouia,199999.99999999997,233660.13721573167,33660.137215731695,16.83006860786585
57466,Thiago Xavier,199999.99999999997,233664.3864759315,33664.38647593153,16.83219323796577
774772,Antonin Cartillier,199999.99999999997,233689.7679210412,33689.76792104123,16.84488396052062
718316,Monsuru Opeyemi,199999.99999999997,166301.87602828373,33698.12397171624,16.84906198585812
79089,Theo Weeks,249999.9999999998,216277.27999992724,33722.72000007256,13.489088000029033
171043,Brayan Beckeles,75000.00000000004,41252.83832828972,33747.161671710324,44.996215562280405
775399,Berna,299999.99999999977,333782.03068653855,33782.03068653878,11.260676895512937
235771,Ross Fisher,25000.000000000004,58792.68395349317,33792.683953493164,135.17073581397264
191654,Antonis Kelaidis,100000.00000000004,66204.1168589083,33795.88314109175,33.79588314109173
935777,Jacopo Seghetti,150000.00000000006,116174.46057101159,33825.53942898847,22.55035961932564
185175,Jason Geria,349999.9999999997,316143.8875061251,33856.11249387462,9.6731749982499
312799,Vadym Paramonov,124999.9999999999,91076.28666120264,33923.71333879726,27.138970671037825
383014,Gonçalo Costa,600000.0000000003,633967.3559768029,33967.35597680253,5.661225996133751
157535,Andreas Bouchalakis,299999.99999999977,266030.24362969084,33969.756370308925,11.323252123436317
315232,Muhammet Yesilyurt,25000.000000000004,58972.27698025019,33972.276980250186,135.88910792100074
39556,Ashour El Teki,150000.00000000006,115967.95247274163,34032.04752725843,22.688031684838943
107525,Facundo Bertoglio,249999.9999999998,215961.05190978455,34038.94809021524,13.61557923608611
78490,Rodolfo Zelaya,124999.9999999999,90955.49925823045,34044.50074176944,27.235600593415576
277845,Diaranké Fofana,199999.99999999997,234063.17292357874,34063.172923578764,17.031586461789384
83275,Ishak Dogan,25000.000000000004,59083.70737449,34083.70737449,136.33482949795996
273422,Marijn de Kler,75000.00000000004,109125.32339318005,34125.323393180006,45.500431190906646
41912,Simone Aresti,75000.00000000004,109129.95847582165,34129.95847582161,45.506611301095454
678672,Philip Österbaek,25000.000000000004,59165.24532332412,34165.24532332411,136.66098129329643
470910,Marwin Reuvers,50000.000000000015,84190.4481325204,34190.44813252038,68.38089626504075
49501,Elias Kachunga,299999.99999999977,334211.7516342379,34211.75163423811,11.403917211412713
328965,Aristotelis Kollaras,175000.00000000012,140782.28758860016,34217.71241139996,19.552978520799964
168952,Darko Lazic,249999.9999999998,215753.19263590503,34246.80736409477,13.69872294563792
635993,Mert Topuz,25000.000000000004,59269.83074586814,34269.83074586814,137.07932298347254
75116,Lionn,100000.00000000004,134273.20160836028,34273.201608360236,34.27320160836022
1404746,Simphiwe Selepe,50000.000000000015,84306.47897729572,34306.4789772957,68.61295795459138
125069,Júnior Morais,25000.000000000004,59310.48221083254,34310.48221083253,137.2419288433301
1068053,Harun Toprak,75000.00000000004,40676.899715635685,34323.10028436436,45.76413371248578
383229,Mykola Musolitin,150000.00000000006,115637.34053892994,34362.659461070114,22.9084396407134
164044,Nélson Agra,175000.00000000012,140620.67807993302,34379.3219200671,19.6453268114669
283497,Mathias Honsak,1699999.9999999988,1665604.94962599,34395.05037400895,2.0232382572946452
522336,Artem Mingazov,100000.00000000004,134423.35100716323,34423.35100716319,34.42335100716318
990751,Amadou Diallo,150000.00000000006,115521.5075585833,34478.49244141676,22.985661627611165
54312,Felipe Santana,100000.00000000004,134504.93410742498,34504.93410742494,34.50493410742492
264480,Francesco Bordi,25000.000000000004,59595.7749351202,34595.77493512019,138.38309974048076
145992,Aleksey Druzin,100000.00000000004,65363.552583515906,34636.44741648414,34.636447416484124
16191,Kendal Ucar,299999.99999999977,334644.91463946155,34644.914639461786,11.548304879820606
379687,Didi,150000.00000000006,184662.826435582,34662.826435581956,23.10855095705463
214860,Konstantinos Manolas,150000.00000000006,115306.63233554408,34693.367664455975,23.128911776303973
55237,Oswaldo Vizcarrondo,199999.99999999997,165302.9423957829,34697.05760421706,17.348528802108532
1501705,Gang Kim,50000.000000000015,84746.10856432548,34746.10856432546,69.4922171286509
181686,Matija Ljujic,275000.0000000002,309757.4447876877,34757.444787687506,12.639070831886357
37430,Darren O'Dea,199999.99999999997,234761.85786996462,34761.857869964646,17.380928934982325
26194,David Vandenbroeck,50000.000000000015,84837.63926014058,34837.63926014057,69.67527852028111
152421,Danny Handling,124999.9999999999,159844.3980744753,34844.39807447539,27.87551845958034
816843,Martín Río,1800000.000000001,1765154.7239496133,34845.27605038765,1.9358486694659796
643242,Bruno Mota,549999.9999999998,515146.7777712217,34853.22222877806,6.336949496141468
291853,Mert Yildirim,50000.000000000015,84865.28550004216,34865.28550004214,69.73057100008427
381974,Arno Van Keilegom,275000.0000000002,240052.3179410135,34947.682058986684,12.708248021449695
520400,Vladyslav Sharay,499999.99999999977,534955.9920639398,34955.99206394004,6.991198412788011
695210,Mathias Jensen,749999.9999999998,784968.5788654638,34968.57886546408,4.6624771820618784
1266698,Sami Adam,100000.00000000004,64912.389912328494,35087.61008767155,35.087610087671536
856479,Roman Dixon,150000.00000000006,185130.58922036333,35130.58922036327,23.420392813575504
13147,Moreno,100000.00000000004,135188.84697312323,35188.84697312319,35.18884697312317
745075,David Preu,399999.9999999999,364778.59520238073,35221.40479761915,8.80535119940479
927982,Ștefan Duțu,150000.00000000006,114724.48994434375,35275.51005565631,23.517006703770864
29936,Marc Höcher,150000.00000000006,185281.63075861026,35281.630758610205,23.521087172406794
371150,Loïc Bessilé,399999.9999999999,364684.091012634,35315.908987365896,8.828977246841477
183397,Mike van Duinen,150000.00000000006,185353.00965723276,35353.0096572327,23.56867310482179
815543,Denis Cazzadori,124999.9999999999,160363.93771636783,35363.93771636793,28.29115017309437
658742,Tsotne Bendianishvili,100000.00000000004,135369.00970578162,35369.00970578157,35.36900970578156
42267,Nabil Dirar,75000.00000000004,110369.72106155667,35369.72106155663,47.15962808207548
706137,Omar de la Cruz,100000.00000000004,135439.23951729995,35439.23951729991,35.43923951729989
255093,Joe Gorman,25000.000000000004,60473.52618422613,35473.526184226124,141.89410473690447
639133,Jin-seong Park,150000.00000000006,185492.61109463373,35492.61109463367,23.66174072975577
284486,Grigoris Chandrinos,100000.00000000004,64493.01579629425,35506.9842037058,35.506984203705784
466812,Nils Mortimer,199999.99999999997,164492.9527038295,35507.047296170465,17.753523648085235
337179,José Carrillo,175000.00000000012,210530.22881976835,35530.228819768236,20.302987897010407
363065,Maksym Averyanov,25000.000000000004,60603.64743474324,35603.64743474324,142.41458973897295
455327,Mozino,199999.99999999997,164377.56235049892,35622.43764950105,17.811218824750526
258912,Luke Amos,349999.9999999997,385648.1644800113,35648.16448001162,10.1851898514319
939445,Álex Primo,100000.00000000004,64346.25668532359,35653.74331467645,35.65374331467644
368373,Leonardo Sarzi Maddidini,10000.00000000001,45660.691080544595,35660.69108054459,356.6069108054455
138413,Mert Göktepe,25000.000000000004,60664.247520910765,35664.247520910765,142.65699008364302
410571,Hakan Demir,100000.00000000004,64309.3403924133,35690.65960758674,35.690659607586724
711628,Pablo Pérez,199999.99999999997,164295.97954738213,35704.02045261784,17.852010226308924
193050,Valmir Sulejmani,249999.9999999998,214285.91129829263,35714.088701707165,14.28563548068288
48536,Yuval Shpungin,75000.00000000004,110720.95501803388,35720.95501803384,47.627940024045095
268555,Harrison Manzala,199999.99999999997,164259.6214441065,35740.37855589346,17.870189277946732
515016,Mikkel Lassen,399999.9999999999,435740.71438567917,35740.71438567928,8.935178596419824
203377,Lennert Baerts,100000.00000000004,64257.77564912533,35742.22435087471,35.74222435087469
617809,Arda Belen,25000.000000000004,60764.012642033966,35764.012642033966,143.05605056813584
617866,Hakan Citak,75000.00000000004,39215.56176582439,35784.43823417566,47.71258431223418
546225,Mohamed Bouchouari,299999.99999999977,264190.3611881803,35809.63881181949,11.936546270606506
513972,Juan Flere,100000.00000000004,135817.0839346708,35817.083934670765,35.81708393467075
288430,Magnus Pedersen,50000.000000000015,85850.03732832307,35850.03732832306,71.7000746566461
36007,Zeljko Kalajdzic,150000.00000000006,114133.52923104208,35866.47076895798,23.910980512638645
764891,Bilal Musa Sentürk,10000.00000000001,45886.7277683246,35886.72776832459,358.8672776832456
186581,Ross Docherty,100000.00000000004,135901.12360025488,35901.12360025484,35.90112360025483
778540,Xander Severina,600000.0000000003,635923.8818825532,35923.88188255287,5.987313647092142
231650,Michael Brouwer,249999.9999999998,214026.70366923188,35973.29633076792,14.389318532307177
180823,Georgiy Burnash,75000.00000000004,111044.79219988793,36044.79219988789,48.05972293318382
299121,Rick Dekker,299999.99999999977,263947.25363454013,36052.746365459636,12.017582121819888
717203,Ivan Losenko,199999.99999999997,236056.47486904092,36056.47486904095,18.028237434520474
168106,Carlos Servín,50000.000000000015,86065.7031539865,36065.703153986484,72.13140630797295
1305935,Santino Andino,6000000.0,5963924.997355724,36075.00264427625,0.6012500440712708
135851,Omar Mendoza,124999.9999999999,88894.7604606592,36105.23953934069,28.88419163147258
469690,Nik Prelec,600000.0000000003,563876.8125817244,36123.18741827598,6.020531236379326
1180068,Daniil Denysenko,199999.99999999997,236133.30937080225,36133.30937080228,18.066654685401144
1064285,Francisco Méndez,499999.99999999977,463846.1336949651,36153.866305034666,7.230773261006937
172143,João Meira,25000.000000000004,61175.633456911724,36175.63345691172,144.70253382764685
628488,Marc Carmona,25000.000000000004,61194.77514788389,36194.77514788389,144.77910059153552
493330,Georgios Papaioannou,50000.000000000015,86221.94401855355,36221.944018553535,72.44388803710706
315202,Mücahit Can Akcay,50000.000000000015,86258.53042899596,36258.530428995946,72.51706085799186
6026,Tommaso Rocchi,50000.000000000015,86298.37770306392,36298.3777030639,72.59675540612778
30670,Vurnon Anita,299999.99999999977,263668.57300579845,36331.42699420132,12.110475664733784
240551,Aaron Olanare,249999.9999999998,213655.71183846655,36344.288161533244,14.53771526461331
146488,Samir Carruthers,249999.9999999998,286368.83568793506,36368.835687935265,14.547534275174117
307277,Mark Waddington,50000.000000000015,86379.6034329331,36379.60343293309,72.75920686586616
1063481,Francisco Valenzuela,100000.00000000004,63611.561271896186,36388.43872810386,36.38843872810384
147369,Thalles,100000.00000000004,136408.4559299888,36408.45592998875,36.40845592998873
610297,Tyler Burey,499999.99999999977,463571.1768845329,36428.82311546686,7.2857646230933755
206701,Mario Piccinocchi,100000.00000000004,63562.72500145748,36437.27499854256,36.43727499854255
263629,Cheong-hyo Park,124999.9999999999,161443.37390036805,36443.373900368155,29.15469912029455
238504,Kimon Papadiotis,100000.00000000004,63508.83541955434,36491.1645804457,36.491164580445684
106041,Ricardinho,249999.9999999998,213501.39852957713,36498.60147042267,14.59944058816908
268697,Danylo Knysh,175000.00000000012,138468.75653095686,36531.24346904326,20.874996268024702
171770,Denis Rusu,100000.00000000004,63457.68652726437,36542.313472735674,36.54231347273566
937631,Pietro Leonardelli,124999.9999999999,88449.70263735192,36550.29736264798,29.240237890118408
209576,Cihan Topaloglu,100000.00000000004,63448.53754569747,36551.46245430257,36.55146245430256
8187,Juanmi Callejón,150000.00000000006,113394.0966172046,36605.903382795455,24.40393558853029
119191,Mathias Schlie,150000.00000000006,113376.80533016686,36623.1946698332,24.415463113222128
71225,Dusan Cvetinovic,25000.000000000004,61673.14749550219,36673.147495502184,146.6925899820087
410184,Kyrylo Demidov,75000.00000000004,38317.99137465378,36682.008625346265,48.909344833795
110357,Mark O'Brien,100000.00000000004,136730.6913518131,36730.691351813046,36.73069135181303
85308,Washington,50000.000000000015,86805.40281209763,36805.402812097615,73.61080562419521
235862,Paweł Stolarski,299999.99999999977,263182.9076253197,36817.09237468004,12.272364124893356
419500,Collins Tanor,100000.00000000004,63174.413861880166,36825.58613811988,36.82558613811986
998204,Tahir Reid-Brown,199999.99999999997,236846.794309931,36846.79430993102,18.423397154965514
542793,Jonathan Harboe,100000.00000000004,63153.04993541977,36846.95006458028,36.846950064580255
569219,Stiwart Acuña,249999.9999999998,286868.6807182402,36868.680718240415,14.747472287296178
495600,Álvaro García,199999.99999999997,163116.65828023857,36883.3417197614,18.441670859880706
325105,Tom James,249999.9999999998,286908.82869848533,36908.82869848554,14.763531479394226
51897,Vladislav Ignatjev,100000.00000000004,63020.530388593215,36979.46961140683,36.97946961140681
646710,Sil Swinkels,150000.00000000006,186980.4753090883,36980.475309088244,24.65365020605882
409485,Sacha Bansé,399999.9999999999,436995.21980347804,36995.21980347816,9.248804950869543
464190,Lindrit Kamberi,600000.0000000003,562987.8956630657,37012.10433693463,6.168684056155768
25633,Petr Trapp,100000.00000000004,137029.0513044816,37029.05130448156,37.02905130448154
256971,Giannis Sigalas,100000.00000000004,62964.107779577105,37035.89222042294,37.03589222042292
603300,Sefa Anük,25000.000000000004,62057.80429711547,37057.804297115465,148.23121718846184
196238,Emmanuel Okoye,175000.00000000012,212105.53054767536,37105.53054767524,21.203160312957266
10504,Mehmet Akgün,25000.000000000004,62187.24831185073,37187.24831185072,148.74899324740286
74626,Nikola Lekovic,25000.000000000004,62192.145158518186,37192.14515851818,148.7685806340727
273973,Nicholas Marfelt,199999.99999999997,237198.07848059927,37198.0784805993,18.599039240299653
655207,Laurs Skjellerup,150000.00000000006,187275.87047353096,37275.8704735309,24.850580315687257
232086,Rafail Baboulakis,100000.00000000004,62679.67500509589,37320.32499490416,37.32032499490414
194841,Iván Bulos,150000.00000000006,112654.16017581467,37345.83982418539,24.897226549456914
163724,Laurent Jans,249999.9999999998,212634.90239972758,37365.09760027222,14.9460390401089
440718,Michele Emmausso,124999.9999999999,87563.7322736419,37436.267726358,29.94901418108642
598377,Diogo Rodrigues,349999.9999999997,387456.8361906904,37456.836190690694,10.701953197340206
267701,Kristian Opseth,150000.00000000006,187475.10200236915,37475.102002369094,24.98340133491272
826528,Federico Gomes Gerth,100000.00000000004,137490.17166042866,37490.17166042862,37.4901716604286
177321,Abdul Razak,124999.9999999999,162498.21508875606,37498.21508875616,29.998572071004954
20853,Jan Kristiansen,100000.00000000004,137522.21147787358,37522.21147787354,37.522211477873526
1067293,Ramon Erdei,10000.00000000001,47559.554698361564,37559.55469836156,375.59554698361524
160482,Ivica Ivusic,999999.9999999997,1037592.6752016867,37592.67520168703,3.759267520168704
182923,Stefano Denswil,700000.0000000006,662389.3377424948,37610.66225750581,5.372951751072255
1355579,Seung-bin Jung,25000.000000000004,62653.34804661775,37653.34804661774,150.61339218647095
53286,Maurício,199999.99999999997,162292.59952954476,37707.400470455206,18.853700235227606
715616,Gabriele Baldi,100000.00000000004,62292.38405244237,37707.61594755767,37.707615947557656
288857,Dmitriy Nagiyev,249999.9999999998,287718.9717391863,37718.97173918653,15.087588695674622
586712,Symeon Papadopoulos,175000.00000000012,212723.09696993345,37723.09696993334,21.556055411390464
58977,Sergiy Vovkodav,75000.00000000004,112783.04437840286,37783.04437840282,50.377392504537056
33100,Suleiman Omo,150000.00000000006,187795.67029974912,37795.670299749065,25.197113533166032
701834,Erdem Çetinkaya,50000.000000000015,87804.02348013435,37804.02348013433,75.60804696026864
486767,Hélder Baldé,75000.00000000004,112823.00083887753,37823.00083887749,50.43066778516996
906961,Manuel Mónaco,275000.0000000002,312857.84405334806,37857.844053347886,13.766488746671952
162036,Diego Caballo,150000.00000000006,187876.54440263135,37876.54440263129,25.251029601754183
73161,Iván Malón,100000.00000000004,137964.08196862644,37964.0819686264,37.96408196862638
38497,Jeremain Lens,100000.00000000004,137976.67025938685,37976.67025938681,37.97667025938679
193069,Abdulwaheed Afolabi,100000.00000000004,137986.47472823077,37986.47472823072,37.986474728230704
31050,Damien Perquis,199999.99999999997,162000.00852240127,37999.9914775987,18.999995738799353
379194,Eduard Florescu,399999.9999999999,361978.9552984755,38021.04470152437,9.505261175381095
336074,Celil Yüksel,800000.0000000005,838029.2829973677,38029.282997367205,4.753660374670898
62700,Nils Schouterden,150000.00000000006,111964.405502213,38035.59449778705,25.357062998524693
529543,Marko Nikolic,100000.00000000004,138038.99834474485,38038.9983447448,38.03899834474478
249884,Aaron Kuhl,100000.00000000004,61950.54919239946,38049.45080760058,38.049450807600564
501249,Ilya Levchenkov,124999.9999999999,86923.99589520165,38076.00410479825,30.46080328383863
594561,Dudu Teodora,999999.9999999997,1038076.3406101431,38076.340610143496,3.807634061014351
81714,Philipp Prosenik,175000.00000000012,213105.291542855,38105.29154285489,21.77445231020278
164658,Youssef Toutouh,100000.00000000004,138136.6730789152,38136.67307891515,38.13667307891513
207573,Aristotelis Karasalidis,50000.000000000015,88270.51124915482,38270.511249154806,76.54102249830959
51559,Mikel Arruabarrena,100000.00000000004,138284.04005591123,38284.04005591119,38.28404005591117
217923,Khyzyr Appaev,124999.9999999999,86691.94572981156,38308.05427018834,30.6464434161507
935414,Bartolomeo Riggioni,75000.00000000004,113336.52596490238,38336.525964902336,51.115367953203084
215473,William Yarbrough,75000.00000000004,113366.84148488134,38366.8414848813,51.15578864650837
256777,Gökhan Kardes,50000.000000000015,88375.36776398051,38375.367763980496,76.75073552796097
33563,Carlitos,50000.000000000015,88381.96756450612,38381.96756450611,76.7639351290122
89278,Sebastián Bartolini,150000.00000000006,188425.44208769628,38425.442087696225,25.61696139179747
1169692,Mauro Smarra,100000.00000000004,138426.6774997628,38426.67749976275,38.42667749976273
295845,Igor Kurylo,299999.99999999977,338453.2530265324,38453.25302653265,12.817751008844228
26579,Georgios Chatzizisis,100000.00000000004,61421.75394671875,38578.24605328129,38.578246053281276
72643,Yonathan Del Valle,124999.9999999999,163605.384402598,38605.384402598094,30.8843075220785
59368,Sandro,25000.000000000004,63619.72830195066,38619.72830195066,154.4789132078026
218471,Yaroslav Ovsyannikov,75000.00000000004,113636.22258862188,38636.22258862184,51.51496345149575
177394,Kieran Kennedy,199999.99999999997,161345.38918643078,38654.61081356919,19.327305406784596
447664,Marlon Rangel,124999.9999999999,163664.6296879388,38664.62968793891,30.931703750351154
615181,Ismail Baran Karakoc,50000.000000000015,88673.88262245318,38673.882622453166,77.34776524490631
14274,Cadú,25000.000000000004,63690.748369745146,38690.74836974514,154.76299347898052
187759,Anderson Conceição,199999.99999999997,161309.20338222472,38690.79661777525,19.345398308887628
319162,Ayo Obileye,299999.99999999977,338696.47946564417,38696.4794656444,12.898826488548142
118129,Federico Falcone,100000.00000000004,138702.99334127893,38702.99334127888,38.70299334127886
55042,Diego Rigonato,249999.9999999998,288744.95060783875,38744.95060783895,15.497980243135595
4873,Armand Deumi,50000.000000000015,88757.36855396938,38757.36855396937,77.51473710793871
276507,Stef Vervoort,100000.00000000004,61195.89383836397,38804.106161636075,38.80410616163606
2923,Andreas Ivanschitz,199999.99999999997,238823.85442968234,38823.85442968237,19.41192721484119
623543,Georgios Rodis,100000.00000000004,61121.28694406443,38878.713055935616,38.8787130559356
4233,Adam Federici,249999.9999999998,211037.7777828474,38962.22221715239,15.584888886860968
297239,Jack Breen,50000.000000000015,88962.77465701013,38962.774657010115,77.9255493140202
235745,Michalis Manias,150000.00000000006,111015.75594029384,38984.24405970622,25.989496039804138
15647,Vladimir Bystrov,100000.00000000004,139045.4780791018,39045.478079101755,39.045478079101734
14334,Marcos António,299999.99999999977,260942.43106705247,39057.568932947295,13.019189644315777
81808,Wilfried Bony,100000.00000000004,139083.51190383369,39083.51190383364,39.083511903833625
177862,Charly Musonda Jr.,499999.99999999977,539144.328041337,39144.3280413372,7.828865608267444
334157,Bruce Kamau,299999.99999999977,260834.75196490134,39165.248035098426,13.055082678366153
392860,Simon Power,100000.00000000004,139165.92892525467,39165.92892525463,39.16592892525461
319723,Tornike Gaprindashvili,249999.9999999998,289166.1599325354,39166.15993253558,15.666463973014244
458548,Konstantinos Kostas,50000.000000000015,89181.91829555148,39181.91829555147,78.36383659110292
226935,Jim Fenlon,75000.00000000004,114192.3794318483,39192.379431848254,52.25650590913098
307924,Mergim Berisha,2499999.9999999995,2539208.4994046916,39208.49940469209,1.568339976187684
52506,Kristof Van Hout,50000.000000000015,89219.12967380966,39219.12967380964,78.43825934761927
23592,Martin Vingaard,150000.00000000006,110771.34609646103,39228.65390353903,26.152435935692676
306940,Kyriakos Evangelidakis,150000.00000000006,110727.56775784775,39272.43224215231,26.181621494768198
42748,Jelle Vossen,100000.00000000004,139277.91586880587,39277.91586880582,39.277915868805806
657616,Yuto Nagao,399999.9999999999,360711.3483255278,39288.65167447209,9.822162918618025
129001,Sherwin Grot,50000.000000000015,89291.59480295517,39291.59480295515,78.58318960591028
9339,Ali Camdali,100000.00000000004,139296.46572048732,39296.46572048728,39.29646572048726
818892,Nicola Bagnolini,199999.99999999997,239310.3241011812,39310.324101181235,19.655162050590622
64615,Subrata Paul,25000.000000000004,64312.34336367092,39312.34336367092,157.24937345468365
264403,Hayrettin Cengiz,100000.00000000004,60641.09140467004,39358.90859533,39.358908595329986
70567,André Riel,150000.00000000006,189366.0936287874,39366.09362878735,26.244062419191554
1153785,Luís Pires,100000.00000000004,60597.28083705505,39402.719162944995,39.402719162944976
16956,Slawomir Peszko,150000.00000000006,189421.21091494244,39421.21091494238,26.28080727662824
206568,Nikolaos Moustakis,100000.00000000004,139443.0687729786,39443.06877297854,39.44306877297852
96817,Andreas Tatos,150000.00000000006,110548.31218990055,39451.68781009951,26.301125206732994
137669,Jason Davidson,150000.00000000006,110547.74915213144,39452.25084786862,26.30150056524574
2358,Patrick Ochs,199999.99999999997,239504.5135718494,39504.51357184944,19.752256785924725
15790,Ferrán Corominas,50000.000000000015,89506.14438339368,39506.144383393665,79.01228876678731
440878,Matteo Rossetti,100000.00000000004,139508.8864673618,39508.88646736175,39.508886467361734
165331,Ondrej Petrak,199999.99999999997,160453.46811171708,39546.53188828289,19.773265944141446
821650,Ali Kizilkuyu,100000.00000000004,60439.49430460796,39560.50569539209,39.56050569539207
90768,Yaroslav Oliynyk,100000.00000000004,139579.31836926923,39579.31836926918,39.57931836926916
567022,Mukhtar Khanmurzaev,25000.000000000004,64579.90390573421,39579.9039057342,158.3196156229368
14047,Jobi McAnuff,249999.9999999998,289581.0941325232,39581.09413252343,15.832437653009384
851592,Abdelaziz Ali,150000.00000000006,189654.53397552206,39654.533975522005,26.436355983681324
635846,Oleg Vakulenko,25000.000000000004,64678.10482009119,39678.10482009119,158.71241928036474
299902,Axel Björnström,299999.99999999977,260320.88149257912,39679.118507420644,13.22637283580689
181177,Andrey Panyukov,249999.9999999998,210287.30594052013,39712.69405947966,15.885077623791876
671068,Bassim Boukteb,25000.000000000004,64731.62434901826,39731.62434901825,158.926497396073
15843,Jonathan Legear,249999.9999999998,210254.0343759203,39745.96562407949,15.898386249631807
36658,Frazer Wright,199999.99999999997,160197.52486824323,39802.47513175674,19.901237565878375
183448,Michael Kempter,199999.99999999997,239803.34416473698,39803.344164737005,19.901672082368506
51099,Gonçalo Abreu,75000.00000000004,114827.05093399287,39827.050933992825,53.10273457865707
19948,Willy Caballero,150000.00000000006,110158.12362249319,39841.876377506866,26.561250918337898
810789,Lisandru Olmeta,199999.99999999997,160154.3135711435,39845.68642885648,19.922843214428244
398675,Mykola Kvasnyi,199999.99999999997,160139.42606243514,39860.573937564826,19.930286968782415
99916,Sam Vermeylen,100000.00000000004,60098.1651402265,39901.834859773546,39.90183485977353
459300,Axel Desjardins,75000.00000000004,114903.88262338586,39903.88262338581,53.205176831181056
1158577,Matei Goga,150000.00000000006,110049.03020861596,39950.969791384094,26.633979860922718
55692,Leonid Boev,50000.000000000015,90015.25453662242,40015.25453662241,80.03050907324479
265507,Stanislav Cherchesov,50000.000000000015,90068.26677806953,40068.26677806952,80.13653355613901
49144,Erik Friberg,150000.00000000006,109925.2638176125,40074.736182387554,26.71649078825836
13686,Thomas Bröker,124999.9999999999,165075.40206033445,40075.402060334556,32.06032164826767
945266,Manaf Younis,299999.99999999977,259914.45926163933,40085.54073836043,13.36184691278682
7723,Antonio López,199999.99999999997,240092.95344763814,40092.95344763817,20.046476723819087
470244,Baris Bozdilki,25000.000000000004,65101.92803576722,40101.92803576721,160.4077121430688
18227,Curtis Davies,100000.00000000004,140146.37951752282,40146.37951752277,40.14637951752276
668295,Adam Jagrik,175000.00000000012,134823.6251270334,40176.37487296673,22.957928498838115
63837,André André,199999.99999999997,240185.229266816,40185.22926681602,20.092614633408015
598281,Adrian Oeynhausen,75000.00000000004,115207.28045576994,40207.2804557699,53.60970727435983
804264,Igor Neves,499999.99999999977,540236.2016085603,40236.201608560514,8.047240321712106
386053,Erwan Maury,249999.9999999998,209753.5746848139,40246.42531518589,16.098570126074367
225742,Miguel Rodrigues,150000.00000000006,190252.04017860064,40252.04017860058,26.834693452400376
73566,Cameron Stewart,249999.9999999998,209730.1384810128,40269.86151898699,16.10794460759481
535949,Ilya Vorobyev,124999.9999999999,84716.18364631635,40283.81635368355,32.22705308294687
232496,Anatoliy Nikolaesh,75000.00000000004,115288.64067680638,40288.64067680633,53.718187569075084
1069931,Talha Şeker,50000.000000000015,90295.82546797876,40295.82546797875,80.59165093595747
1017551,Bedirhan Çetin,100000.00000000004,59656.07213911452,40343.927860885524,40.34392786088551
358726,Julian Faye Lund,299999.99999999977,340372.40071865905,40372.40071865928,13.45746690621977
102683,Islom Tukhtakhuzhaev,50000.000000000015,90394.66905235218,40394.66905235217,80.78933810470431
831,Selim Teber,175000.00000000012,134588.01321762998,40411.986782370135,23.092563875640064
343536,Ikhsan Fandi,399999.9999999999,359564.63437222457,40435.36562777532,10.108841406943831
156730,Arif Ekin,50000.000000000015,90543.47789053874,40543.47789053872,81.08695578107742
367160,Ariagner Smith,399999.9999999999,359453.5823647916,40546.41763520829,10.136604408802075
858252,Diogo Spencer,899999.9999999995,859435.3489936823,40564.65100631723,4.507183445146361
829299,Max Weiß,4000000.0000000005,4040588.7450760864,40588.74507608591,1.0147186269021475
91273,Kyle Benedictus,175000.00000000012,215590.70736345008,40590.70736344997,23.194689921971396
421777,Mattia Sandri,150000.00000000006,109379.27645070328,40620.723549296774,27.080482366197838
150482,Gojko Cimirot,1499999.9999999986,1540650.1741233256,40650.174123327015,2.7100116082218033
863582,Suleyman Seytkhalilov,100000.00000000004,59340.802774619166,40659.19722538088,40.65919722538086
3914,Pascal Feindouno,75000.00000000004,115694.73938374368,40694.73938374364,54.25965251165815
85908,Luca Dürholtz,249999.9999999998,209282.33116038877,40717.668839611026,16.287067535844425
37013,Sami Allagui,249999.9999999998,290741.29096878355,40741.29096878375,16.296516387513517
411506,Lars ten Teije,150000.00000000006,109215.29298808608,40784.70701191398,27.189804674609313
167378,Aurimas Vilkaitis,100000.00000000004,59185.89766705337,40814.10233294668,40.81410233294666
228584,David Simón,50000.000000000015,90815.0549734516,40815.05497345158,81.63010994690313
35315,Arvid Schenk,50000.000000000015,90867.86242867599,40867.86242867597,81.73572485735193
35908,Mirko Raicevic,25000.000000000004,65893.51383107908,40893.51383107908,163.57405532431628
692463,Fabian Eutinger,75000.00000000004,115917.1410790422,40917.14107904215,54.5561881053895
123366,Roman Godovany,50000.000000000015,90978.6159670416,40978.61596704158,81.95723193408314
89659,Shawn Parker,199999.99999999997,158988.0195896378,41011.98041036216,20.50599020518108
402964,Marios Pavlis,100000.00000000004,58981.49145916436,41018.50854083568,41.01850854083566
192504,Euan Smith,75000.00000000004,116030.73828830701,41030.738288306966,54.70765105107592
68504,Chun-Ching Wu,10000.00000000001,51054.32637220217,41054.326372202166,410.5432637220213
155395,Salvador Agra,150000.00000000006,108917.07221506331,41082.92778493675,27.388618523291157
936859,Moses Jarju,249999.9999999998,208894.89430411006,41105.10569588974,16.44204227835591
476770,Mykhaylo Meskhi,225000.00000000015,183891.19983941753,41108.800160582614,18.270577849147816
622179,Jamie Smith,100000.00000000004,58888.57560203631,41111.42439796373,41.11142439796372
497190,Betim Halimi,150000.00000000006,108875.11654970107,41124.88345029899,27.416588966865984
384240,Jordy Lokando,50000.000000000015,91128.70404227037,41128.70404227036,82.2574080845407
55360,Sergey Kotov,75000.00000000004,116153.02207780987,41153.02207780983,54.87069610374641
287940,Dean Patricio,25000.000000000004,66158.8499834492,41158.849983449196,164.63539993379678
16893,Antonio Floro Flores,124999.9999999999,83840.83784094485,41159.16215905505,32.927329727244064
537760,Benjamín Garay,150000.00000000006,108835.87959041199,41164.12040958807,27.442746939725364
628498,Jofre Carreras,3000000.000000001,3041224.6898226454,41224.68982264446,1.3741563274214816
399257,Cammy MacPherson,150000.00000000006,191245.6565591131,41245.656559113035,27.497104372742015
453028,Nicolai Dohn,100000.00000000004,141270.47706808013,41270.47706808009,41.27047706808007
403834,Kahraman Demirtaş,124999.9999999999,166317.04620268804,41317.04620268814,33.05363696215054
455062,Christoffer Monty,25000.000000000004,66341.80395235406,41341.803952354065,165.36721580941622
1255019,Pantaleo Creti,299999.99999999977,341358.17047596816,41358.17047596839,13.78605682532281
372115,Rihards Matrevics,299999.99999999977,258620.657015916,41379.34298408378,13.793114328027936
223735,Iu Ranera,124999.9999999999,83595.19592119857,41404.80407880133,33.12384326304109
58816,Koray Arslan,100000.00000000004,141446.75508636096,41446.75508636092,41.4467550863609
582717,David Ramos,249999.9999999998,208514.18009019375,41485.81990980604,16.59432796392243
686718,Johan Beltrán,199999.99999999997,241501.05751167145,41501.057511671475,20.750528755835738
549982,Rafał Adamski,649999.9999999995,691503.3784219389,41503.37842193933,6.385135141836824
336268,Emre Yilmaz,10000.00000000001,51551.516092210506,41551.5160922105,415.5151609221046
287638,Leonardo Fontanesi,100000.00000000004,58435.085395040885,41564.91460495916,41.56491460495914
159955,Vitali Zheludok,100000.00000000004,141566.28809401105,41566.288094011004,41.566288094010986
36813,Ibrahima Sonko,249999.9999999998,208395.9369174774,41604.06308252239,16.64162523300897
481639,Arne Galens,50000.000000000015,91612.0919953839,41612.09199538389,83.22418399076776
58228,Marinho,25000.000000000004,66632.1727979776,41632.172797977604,166.52869119191038
381137,Liam Fisch,100000.00000000004,141647.0145241632,41647.01452416317,41.647014524163154
345597,Thomas Gall,50000.000000000015,91703.65130064942,41703.651300649406,83.40730260129878
140461,Artem Rakhmanov,199999.99999999997,158288.12446459325,41711.875535406725,20.855937767703367
262514,Sergio Mosquera,249999.9999999998,208284.1717985653,41715.82820143449,16.686331280573807
575047,Reuben Yem,299999.99999999977,258238.5580973154,41761.44190268437,13.920480634228133
125621,Ivan Brecevic,199999.99999999997,241765.58007884104,41765.58007884107,20.882790039420538
15676,Zydrunas Karcemarskas,50000.000000000015,91769.01925694922,41769.01925694921,83.5380385138984
259943,Isaac Sackey,449999.99999999994,408200.53717017913,41799.46282982081,9.28876951773796
430054,Michal Sacek,800000.0000000005,841900.642228785,41900.642228784505,5.23758027859806
189735,Christian Bravo,324999.9999999999,366936.72713015915,41936.72713015927,12.903608347741319
436912,Casper Gandrup,50000.000000000015,91940.06242755317,41940.06242755316,83.8801248551063
576027,Elías Pereyra,399999.9999999999,441966.74209557,41966.74209557014,10.491685523892539
47604,Sercan Yildirim,50000.000000000015,91986.92064156121,41986.9206415612,83.97384128312237
649020,Boubacar Traoré,4000000.0000000005,4041990.3014608137,41990.301460813265,1.0497575365203315
605338,Salim Farsak,25000.000000000004,67018.55591276666,42018.555912766664,168.07422365106663
699303,Daniil Kamlashev,150000.00000000006,107979.66276580172,42020.337234198334,28.013558156132213
44471,Søren Rieks,199999.99999999997,157922.31185203217,42077.6881479678,21.0388440739839
158071,Sergio Mendigutxia,249999.9999999998,207886.17848464262,42113.82151535718,16.845528606142885
391045,Javito,100000.00000000004,57871.60707973221,42128.392920267834,42.128392920267814
131678,Edafe Egbedi,50000.000000000015,92181.66374351851,42181.6637435185,84.36332748703697
44713,Christian Clemens,199999.99999999997,242192.4474512229,42192.44745122292,21.096223725611463
585317,Yassine Azzagari,175000.00000000012,132758.0029033247,42241.99709667542,24.13828405524308
974331,Bogdan Marian,100000.00000000004,142264.04331114228,42264.04331114223,42.26404331114221
696617,Massimiliano Mignogna,10000.00000000001,52312.00688091645,42312.006880916444,423.1200688091641
188180,Benjamin Verbic,499999.99999999977,542325.3539205117,42325.3539205119,8.465070784102384
252639,Isaac Oliseh,50000.000000000015,92363.61720782297,42363.61720782296,84.7272344156459
261365,Michel Douglas,100000.00000000004,142398.88413439985,42398.88413439981,42.398884134399786
45475,Mahamane Traoré,299999.99999999977,257591.740021505,42408.25997849478,14.13608665949827
95759,Kasper Larsen,399999.9999999999,357568.6514598153,42431.34854018461,10.607837135046157
226012,David Soria,2800000.000000002,2757552.443764576,42447.55623542564,1.5159841512652004
463526,Robin Jalving,50000.000000000015,92488.78990663544,42488.78990663543,84.97757981327084
256139,Ablaye Faye,199999.99999999997,157496.70395250703,42503.29604749294,21.251648023746476
829039,Timofey Mitrov,100000.00000000004,57496.56375281309,42503.43624718695,42.50343624718694
646735,Aitor Gismera,249999.9999999998,207445.16573019838,42554.83426980142,17.02193370792058
1120351,Yakhya Magomedov,100000.00000000004,57425.40822970804,42574.591770292005,42.57459177029199
952691,Kürsat Babamoglu,10000.00000000001,52590.672485001574,42590.67248500157,425.9067248500153
38793,Enar Jääger,50000.000000000015,92610.71540616908,42610.71540616907,85.2214308123381
144542,Artem Popov,249999.9999999998,207388.3754161508,42611.624583848985,17.04464983353961
183614,Ahmet Dereli,100000.00000000004,57381.29661987502,42618.70338012502,42.618703380125005
177031,Emrah Başsan,199999.99999999997,157361.2628973053,42638.737102694664,21.319368551347335
179658,Luca Savelloni,25000.000000000004,67723.70775472198,42723.70775472198,170.89483101888788
152642,Kyle Ebecilio,199999.99999999997,157148.48157164868,42851.51842835129,21.42575921417565
1136724,Maksym Radchenko,10000.00000000001,52854.64551996129,42854.64551996128,428.54645519961247
337387,Nicolas La Vigna,50000.000000000015,92863.06673049332,42863.0667304933,85.72613346098657
241487,Ali Ulusoy,50000.000000000015,92889.10196482635,42889.10196482633,85.77820392965265
912579,Hyeok-joo An,150000.00000000006,107106.6345362882,42893.36546371186,28.595576975807894
111197,Jerry van Wolfgang,150000.00000000006,192954.8404484373,42954.84044843723,28.63656029895814
191813,Tijane,100000.00000000004,142965.04849305257,42965.04849305253,42.96504849305251
1000135,Joselu Pérez,100000.00000000004,142985.1527872355,42985.15278723546,42.98515278723544
321417,Mykyta Tatarkov,299999.99999999977,342987.9839558188,42987.98395581904,14.329327985273025
1029044,Ye Yint Phyo,75000.00000000004,117989.41066510387,42989.41066510383,57.319214220138406
348298,Stefanos Stroungis,399999.9999999999,442996.14435991604,42996.14435991616,10.749036089979043
339892,Francesco Corsinelli,150000.00000000006,193003.8234535659,43003.823453565856,28.66921563571056
863506,Khalid Baba,499999.99999999977,456963.8284243702,43036.17157562956,8.607234315125915
436418,Gilles Van Remoortere,50000.000000000015,93065.50414523305,43065.50414523303,86.13100829046604
2767,Alexander Madlung,249999.9999999998,206905.05156777316,43094.948432226636,17.23797937289067
747681,Isaac Olaofe,199999.99999999997,243101.09911977698,43101.099119777005,21.550549559888506
12570,Mark Wilson,324999.9999999999,281862.4080773986,43137.59192260128,13.273105206954245
1304362,Yousef Al-Honaifesh,100000.00000000004,56778.77116626583,43221.22883373421,43.221228833734195
474677,Iván Rojas,449999.99999999994,406773.81970122526,43226.18029877468,9.605817844172151
640322,Yusei Egawa,349999.9999999997,306709.97309292835,43290.026907071355,12.368579116306112
1052387,Myroslav Serdyuk,399999.9999999999,356705.56542348943,43294.43457651045,10.823608644127617
1182817,Sefa Gülay,75000.00000000004,31674.490787809416,43325.50921219063,57.76734561625414
1030144,Léo Rouillé,50000.000000000015,93333.36272351722,43333.3627235172,86.66672544703438
123579,Torben Rehfeldt,100000.00000000004,143344.05560173976,43344.05560173972,43.3440556017397
145563,Dusan Pantelic,124999.9999999999,168356.25826038665,43356.25826038675,34.68500660830943
130907,Yevgen Zarichnyuk,50000.000000000015,93375.77486598461,43375.7748659846,86.75154973196916
236499,George Green,150000.00000000006,106621.16165533537,43378.83834466469,28.919225563109784
325504,Kyaw Min Oo,275000.0000000002,231578.42727181382,43421.57272818635,15.789662810249572
19409,Willem Janssen,299999.99999999977,343421.9770049237,43421.977004923916,14.47399233497465
736777,Alexandros Maskanakis,199999.99999999997,243426.90975272204,43426.90975272207,21.71345487636104
72896,Dejan Skolnik,150000.00000000006,193433.4759750477,43433.47597504765,28.955650650031757
33447,Ahmed Kantari,199999.99999999997,243468.72099992516,43468.72099992519,21.734360499962598
307494,Erol Alkan,124999.9999999999,81523.69304759172,43476.30695240818,34.78104556192657
114022,Merabi Uridia,399999.9999999999,356506.354938336,43493.645061663876,10.873411265415973
1458978,Bachir Gueye,100000.00000000004,143515.83440723267,43515.83440723263,43.51583440723261
96819,Bruno Turco,225000.00000000015,181476.29331308493,43523.70668691522,19.343869638628973
186282,Danzell Gravenberch,249999.9999999998,206469.15342683689,43530.84657316291,17.41233862926518
675505,Cristian Chira,150000.00000000006,193548.10040138543,43548.10040138537,29.0320669342569
45371,Celestino,199999.99999999997,156446.80650490028,43553.193495099695,21.77659674754985
563469,Paraskevas Lykourgos,50000.000000000015,93557.5112130331,43557.51121303308,87.11502242606613
1106875,Mateo Zuleta,800000.0000000005,843565.4075929199,43565.40759291942,5.445675949114925
720613,Emirhan Delibaş,25000.000000000004,68600.30046915628,43600.30046915628,174.40120187662512
95976,Alex McCarthy,299999.99999999977,343621.10028003994,43621.10028004018,14.540366760013404
9524,Rudi Skacel,100000.00000000004,56366.73842818945,43633.261571810595,43.63326157181058
414318,Charalampos Makridis,399999.9999999999,356332.2783410089,43667.72165899101,10.916930414747755
159375,Joeri Schroijen,199999.99999999997,156330.6019075871,43669.398092412885,21.834699046206445
918581,Anton Roshchin,25000.000000000004,68763.65590041761,43763.65590041761,175.05462360167041
322718,Mohamed Maouche,199999.99999999997,156228.49834226997,43771.50165773,21.885750828865003
162955,Luca Piana,275000.0000000002,318914.9694050275,43914.96940502734,15.969079783646295
178107,Michael Santos,349999.9999999997,393952.8141739359,43952.8141739362,12.557946906838927
896928,Pisoth Lim,150000.00000000006,193979.7825992807,43979.78259928065,29.319855066187085
1087253,Jorge Berlanga,1499999.9999999986,1543987.3195808032,43987.31958080456,2.93248797205364
1106358,Andrei Dumitru,100000.00000000004,144004.65382272776,44004.65382272772,44.004653822727704
1030525,Mats Egbring,299999.99999999977,255953.51981658387,44046.4801834159,14.682160061138644
335900,Aleksandr Shcherbakov,150000.00000000006,105941.74433085602,44058.25566914404,29.372170446096014
6636,Christian Fuchs,399999.9999999999,355932.44463111105,44067.55536888883,11.016888842222212
23250,Niels Lodberg,150000.00000000006,194151.0007245792,44151.00072457915,29.434000483052753
93637,Mario Engels,299999.99999999977,344210.82416325883,44210.824163259065,14.736941387753033
476598,Anton Miterev,50000.000000000015,94248.61091227629,44248.61091227627,88.49722182455253
8548,Kerim Zengin,249999.9999999998,294248.6606599416,44248.660659941816,17.69946426397674
892217,Eneko Ortiz,150000.00000000006,105738.78321568813,44261.216784311924,29.507477856207938
17273,Steven Taylor,299999.99999999977,344271.6001460903,44271.60014609055,14.75720004869686
107373,Sergiy Datsenko,100000.00000000004,144277.41515674678,44277.415156746734,44.27741515674671
1181950,Furkan Ulupınar,10000.00000000001,54278.35871539946,44278.35871539945,442.7835871539942
724031,Angelos Angelopoulos,100000.00000000004,144295.53040289535,44295.53040289531,44.29553040289529
46064,Giannis Papadopoulos,100000.00000000004,144362.8382616478,44362.83826164775,44.362838261647724
509875,Amin Al-Bukhari,124999.9999999999,169409.74955123317,44409.74955123327,35.52779964098664
239215,Marcin Cebula,150000.00000000006,194467.9548484936,44467.95484849354,29.645303232329013
69010,Janko Simovic,75000.00000000004,119472.20067719297,44472.20067719293,59.29626756959054
201801,Siu-Kwan Philip Chan,150000.00000000006,194473.42661837276,44473.4266183727,29.64895107891512
236366,Emil Balayev,249999.9999999998,205499.1369546057,44500.8630453941,17.800345218157652
106618,Dmitri Andreev,25000.000000000004,69522.95693571403,44522.95693571403,178.09182774285608
392375,Jake Hastie,175000.00000000012,130415.72935234608,44584.27064765403,25.47672608437372
699249,Gabriel Mentz,349999.9999999997,305268.9339994709,44731.06600052881,12.78030457157967
981189,Kevin Cortés,50000.000000000015,94741.29167894207,44741.291678942056,89.48258335788408
455917,Josh Eppiah,249999.9999999998,205257.40500412745,44742.59499587235,17.897037998348956
502669,Iva Gelashvili,499999.99999999977,455165.7248820826,44834.27511791716,8.966855023583436
990259,Christos Kosidis,175000.00000000012,130149.1600627456,44850.83993725451,25.629051392716846
330875,Berkay Yildiz,25000.000000000004,69864.03335593366,44864.03335593366,179.4561334237346
94783,Santiago Vergini,199999.99999999997,244880.6919991622,44880.69199916223,22.440345999581115
93077,Sergiy Starenkyi,50000.000000000015,94883.16820586038,44883.16820586036,89.76633641172069
47781,Sakari Mattila,150000.00000000006,105112.7783172073,44887.22168279276,29.924814455195165
70484,Maicón,199999.99999999997,244939.45131755393,44939.45131755396,22.469725658776984
91315,Marley Watkins,25000.000000000004,70011.4953880257,45011.495388025694,180.04598155210275
123487,Jesús Hernández,150000.00000000006,195017.7926414691,45017.792641469045,30.011861760979354
43858,Adam Legzdins,100000.00000000004,54953.66490780873,45046.335092191315,45.0463350921913
234820,Rodrigo Vargas,175000.00000000012,129931.64858563086,45068.35141436926,25.753343665353846
744099,Jota,299999.99999999977,345069.13830506057,45069.1383050608,15.023046101686944
1496,Heiko Butscher,199999.99999999997,154907.27429591402,45092.725704085955,22.546362852042982
170624,Aleksey Kurzenev,75000.00000000004,120123.09485848006,45123.09485848002,60.164126477973326
675742,Yuto Yamashita,499999.99999999977,454870.8138381989,45129.18616180087,9.025837232360178
70778,Harlem Gnohéré,75000.00000000004,120139.75611632521,45139.75611632517,60.18634148843353
58345,Jonathas,299999.99999999977,254831.06166622925,45168.93833377052,15.05631277792352
775048,Omar Mohamedhoesein,50000.000000000015,95173.037516429,45173.03751642899,90.34607503285795
155425,Kamo Hovhannisyan,299999.99999999977,254804.82092528784,45195.17907471192,15.065059691570653
339543,Giorgos Papageorgiou,199999.99999999997,245245.67830821645,45245.67830821648,22.62283915410824
513124,Alexander Hofleitner,349999.9999999997,395311.4060281886,45311.40602818888,12.946116008053977
48835,Andriy Fedorenko,50000.000000000015,95315.3437600054,45315.34376000539,90.63068752001074
74996,Izet Hajrovic,199999.99999999997,245318.40322795417,45318.4032279542,22.659201613977103
4361,Dennis Rommedahl,100000.00000000004,145362.05025771895,45362.0502577189,45.362050257718884
443900,Marius Herzig,50000.000000000015,95377.59203602555,45377.59203602554,90.75518407205105
167254,Dominic Ball,449999.99999999994,404622.1543999497,45377.845600050234,10.083965688900053
253751,Alexander Christovao,100000.00000000004,145381.33650198777,45381.336501987724,45.381336501987704
223954,Christopher Cvetko,299999.99999999977,254601.7537516352,45398.246248364565,15.132748749454866
93670,Olivier Boumal,150000.00000000006,104588.63990319212,45411.36009680794,30.274240064538617
1282144,Enock Ssebaggala,150000.00000000006,195479.44019005532,45479.44019005526,30.319626793370162
15008,Edgaras Cesnauskis,199999.99999999997,154492.77971337488,45507.22028662509,22.753610143312546
453874,Lukas Schneller,124999.9999999999,170515.44443460024,45515.444434600344,36.412355547680306
704423,Mattia Florio,100000.00000000004,54454.444166422036,45545.55583357801,45.545555833577986
289017,Ovidiu Popescu,449999.99999999994,404413.3422386298,45586.65776137012,10.130368391415583
120980,Aaron Muirhead,199999.99999999997,154387.7422385543,45612.25776144568,22.806128880722845
436916,Giannis Kotsiras,449999.99999999994,495622.2796292581,45622.27962925815,10.138284362057368
210120,Rafael Oliveira,249999.9999999998,204369.79662799012,45630.20337200968,18.252081348803888
136130,Andrea Romanò,50000.000000000015,95641.46933876093,45641.469338760915,91.28293867752181
853239,Adewale Oladoye,175000.00000000012,129271.208356522,45728.79164347812,26.13073808198748
340264,Leonardo Vitali,100000.00000000004,145733.59003918187,45733.59003918183,45.73359003918181
799914,Daniel Veiby Held,50000.000000000015,95763.38636628601,45763.386366285995,91.52677273257196
108587,Amara Baby,199999.99999999997,154232.18086878987,45767.8191312101,22.88390956560505
881512,Donaldoni Zambou Nguemechieu,175000.00000000012,220772.48499134788,45772.48499134777,26.155705709341564
511168,Abdul Nurudeen,249999.9999999998,295774.693322479,45774.69332247923,18.309877328991707
47737,Thilo Leugers,124999.9999999999,170778.47424357274,45778.47424357284,36.6227793948583
1334553,Bereket Kekaleb,100000.00000000004,145780.30439463333,45780.30439463329,45.78030439463327
41102,David Destorme,150000.00000000006,104130.91729334398,45869.082706656074,30.579388471104036
99343,Ander Herrera,399999.9999999999,354098.4135190324,45901.58648096747,11.47539662024187
673193,Filippo Berti,25000.000000000004,70904.9942058219,45904.9942058219,183.6199768232876
34377,Lorenzo Davids,199999.99999999997,154072.6862725911,45927.31372740888,22.963656863704443
182312,Pape Sané,299999.99999999977,253972.13706384876,46027.86293615101,15.342620978717015
79193,Ali Messaoud,249999.9999999998,203965.39156867252,46034.60843132727,18.413843372530923
880401,Mehmet Demirci,50000.000000000015,96055.17766949214,46055.17766949213,92.11035533898423
42079,Sebastian Mielitz,150000.00000000006,103920.57990094149,46079.42009905857,30.719613399372363
191284,Jonas Mendes,100000.00000000004,146091.19448714476,46091.19448714472,46.0911944871447
402106,Fodé Camara,199999.99999999997,153904.20419182282,46095.79580817715,23.04789790408858
707803,Desmond Acquah,249999.9999999998,296117.2597625673,46117.2597625675,18.446903905027014
187800,Michalis Giannitsis,175000.00000000012,221124.97310494407,46124.97310494396,26.35712748853939
599339,Veljko Kijevcanin,299999.99999999977,253848.74223872923,46151.257761270535,15.383752587090191
4192,Rafael van der Vaart,199999.99999999997,153831.5521012931,46168.44789870686,23.084223949353433
136550,Caner Cavlan,199999.99999999997,153747.69447662888,46252.30552337109,23.126152761685546
1104249,Afonso Monteiro,100000.00000000004,53742.6682454123,46257.33175458774,46.257331754587725
3824,Gordon Greer,199999.99999999997,153738.8282668002,46261.171733199764,23.130585866599883
872065,Güney Yilmaz,25000.000000000004,71269.58328359228,46269.58328359228,185.07833313436907
61464,Karim Yoda,50000.000000000015,96273.27914126415,46273.27914126414,92.54655828252825
345739,Shayon Harrison,299999.99999999977,346282.93335026456,46282.93335026479,15.427644450088277
490415,Souleymane Aw,150000.00000000006,103702.63446424885,46297.3655357512,30.864910357167457
177231,Giulio Sanseverino,75000.00000000004,121321.1944842023,46321.19448420225,61.76159264560296
7214,Giannis Takidis,199999.99999999997,153672.7181790793,46327.281820920674,23.16364091046034
648699,Brennan Camp,100000.00000000004,146409.63734169723,46409.63734169719,46.40963734169717
387017,Giovanni Volpicelli,10000.00000000001,56444.30828462193,46444.308284621926,464.44308284621883
312719,Niels Wouters,25000.000000000004,71447.43629595268,46447.43629595268,185.78974518381068
423194,Mathias Haarup,150000.00000000006,103492.89350408515,46507.10649591491,31.00473766394326
9645,Marat Izmailov,299999.99999999977,253421.94330462778,46578.05669537198,15.52601889845734
274640,Javier Vet,324999.9999999999,278319.20236018137,46680.79763981851,14.363322350713394
282799,Kaloudis Lemonis,175000.00000000012,221732.2674444406,46732.267444440484,26.704152825394544
696246,Patrik Mijic,449999.99999999994,496788.4984404537,46788.49844045378,10.39744409787862
148357,Mathias Mejer Knudsen,75000.00000000004,121804.22632984533,46804.22632984529,62.405635106460345
222320,Sebastian Holmén,399999.9999999999,446846.3294012677,46846.32940126781,11.711582350316956
240077,Daniele Bartolini,75000.00000000004,121856.45116012316,46856.45116012312,62.47526821349746
626954,Imanol García de Albéniz,1200000.0000000005,1246857.7643220997,46857.764322099276,3.9048136935082716
240035,Ferran Monzó,50000.000000000015,96858.72293038218,46858.722930382166,93.7174458607643
27488,Braulio Nóbrega,100000.00000000004,146862.31367130342,46862.313671303375,46.862313671303355
929347,Imran Nazih,150000.00000000006,103131.91917349036,46868.0808265097,31.24538721767312
3411,Pablo Aimar,499999.99999999977,546873.0863495172,46873.086349517456,9.374617269903496
15747,Sergei Pareiko,100000.00000000004,53070.11558098636,46929.88441901368,46.92988441901366
1084075,Marcos André,100000.00000000004,53037.50736043896,46962.49263956108,46.96249263956106
575410,Artem Privalov,25000.000000000004,71977.69956024615,46977.699560246154,187.91079824098458
153555,Sebastian Griesbeck,150000.00000000006,196993.25663998167,46993.25663998161,31.32883775998773
1062741,Gonçalo Miguel,50000.000000000015,97010.26911332861,47010.2691133286,94.02053822665717
117722,Maik van den Kieboom,100000.00000000004,52984.56048423386,47015.439515766186,47.01543951576617
67144,Léo Vieira,199999.99999999997,247041.72063891476,47041.72063891479,23.520860319457398
1154451,Yun-ho Kim,100000.00000000004,147080.32932868693,47080.32932868689,47.080329328686865
126748,Israel Puerto,399999.9999999999,352911.8568934324,47088.1431065675,11.772035776641879
280727,Abdelaziz Metalsi,100000.00000000004,147097.17156579316,47097.17156579312,47.0971715657931
988275,Paul Argney,199999.99999999997,152889.50365235037,47110.496347649605,23.555248173824804
866001,Viktor Melekhin,3000000.000000001,2952878.5242185364,47121.47578146448,1.570715859382149
939879,Nikita Babakin,150000.00000000006,102874.63308649363,47125.36691350643,31.416911275670937
36045,Nebojsa Pavlovic,150000.00000000006,197185.5019912459,47185.50199124584,31.457001327497213
550581,Yuya Fukuda,349999.9999999997,397186.9645353624,47186.96453536267,13.481989867246488
959905,Ianis Gândilă,25000.000000000004,72264.02605978293,47264.02605978293,189.0561042391317
517422,Simon Baekgaard,249999.9999999998,202717.53469240843,47282.46530759137,18.912986123036564
907356,Santiago Aguilar,249999.9999999998,297294.6817084089,47294.68170840913,18.91787268336367
866676,Dmitri Motovichev,25000.000000000004,72301.66559229323,47301.665592293226,189.20666236917288
144723,Gökhan Alsan,124999.9999999999,77673.72395932434,47326.276040675555,37.861020832540476
273570,Desevio Payne,100000.00000000004,147335.60678999632,47335.60678999628,47.33560678999626
150846,Yoro Ly,100000.00000000004,147340.29271049998,47340.29271049994,47.340292710499924
79269,Taylan Eliacik,100000.00000000004,52658.00880839005,47341.991191609995,47.34199119160997
520839,Younes Achter,50000.000000000015,97349.50144270746,47349.50144270745,94.69900288541487
1130803,Eser Gürbüz,600000.0000000003,552636.0036587892,47363.99634121114,7.893999390201851
9934,Veroljub Salatic,199999.99999999997,152548.02953713725,47451.97046286272,23.725985231431366
454286,Emiliano Bullari,50000.000000000015,97525.00284857639,47525.002848576376,95.05000569715273
521844,Kyrylo Kostenko,10000.00000000001,57560.39371591514,47560.39371591513,475.6039371591509
707804,Célestin De Schrevel,199999.99999999997,247628.02193962008,47628.021939620114,23.81401096981006
552981,Taylor Silverholt,600000.0000000003,552346.0735760042,47653.926423996105,7.942321070666012
7237,Sabri Sarioglu,399999.9999999999,447664.3853286144,47664.3853286145,11.916096332153629
289854,Yones Felfel,50000.000000000015,97702.45973689726,47702.459736897246,95.40491947379446
306609,Michele Nardi,150000.00000000006,102275.42696604738,47724.57303395268,31.81638202263511
170914,Thibaut Peyre,349999.9999999997,397726.4274988226,47726.427498822915,13.636122142520845
402164,Jun-seo Lee,150000.00000000006,197730.4723261636,47730.47232616355,31.820314884109024
45970,Stefanos Athanasiadis,150000.00000000006,102258.20147018574,47741.79852981432,31.827865686542868
627276,Antonio Leal,199999.99999999997,152247.57760538827,47752.4223946117,23.876211197305853
356118,Suleiman Abdullahi,299999.99999999977,347771.51331446064,47771.51331446087,15.923837771486967
336731,Nacho Gil,399999.9999999999,352218.1145184864,47781.885481513455,11.945471370378367
42732,Ritchie Kitoko,75000.00000000004,122782.81426470769,47782.814264707646,63.71041901961016
667120,André Ferreira,249999.9999999998,202210.79847863066,47789.201521369134,19.11568060854767
286908,Tiago Sá,299999.99999999977,347794.18643482926,47794.18643482949,15.931395478276508
518261,Vadim Karpov,150000.00000000006,102185.20920374485,47814.79079625521,31.876527197503464
64506,Ben Rienstra,249999.9999999998,202175.17556799756,47824.824432002235,19.12992977280091
59877,Ruslan Chernenko,100000.00000000004,147881.38480122943,47881.38480122939,47.88138480122937
599215,Tonni Adamsen,1499999.9999999986,1547893.869429115,47893.86942911637,3.1929246286077606
17804,Sébastien Pocognoli,100000.00000000004,147905.4562138636,47905.45621386355,47.90545621386353
120582,Agustín Cousillas,175000.00000000012,222945.67323795048,47945.67323795037,27.39752756454305
272881,Alex Bono,199999.99999999997,247948.8208461784,47948.82084617842,23.974410423089214
231192,Theodoros Toromanidis,100000.00000000004,51971.97645854566,48028.023541454386,48.02802354145436
15381,Aleksandr Kerzhakov,199999.99999999997,248070.8713487661,48070.871348766115,24.03543567438306
482110,Peter Bjur,299999.99999999977,251925.64781245968,48074.35218754009,16.024784062513376
343773,Oleg Kozhemyakin,499999.99999999977,548087.2631320549,48087.26313205517,9.61745262641104
581915,Zanette,50000.000000000015,98141.10384216096,48141.10384216094,96.28220768432185
655011,Raf Smekens,150000.00000000006,198194.58778035204,48194.58778035198,32.12972518690131
702259,Facundo Suárez,399999.9999999999,448258.86005951825,48258.86005951837,12.064715014879596
1193302,Arafati Usama,175000.00000000012,223282.65245000136,48282.652450001246,27.590087114286412
697818,Marcelo dos Santos,150000.00000000006,198314.831324406,48314.83132440594,32.20988754960395
684116,Silas Ostrzinski,199999.99999999997,151644.37053560256,48355.62946439741,24.17781473219871
93572,Alexander Hien,100000.00000000004,148369.15976016523,48369.15976016519,48.36915976016517
287943,Ibrahim Sürgülü,150000.00000000006,101616.37567842935,48383.62432157071,32.25574954771379
129503,Josh Pritchard,199999.99999999997,151590.234337974,48409.76566202598,24.204882831012995
275159,Mikhail Kostyukov,225000.00000000015,273429.2507721217,48429.250772121566,21.524111454276238
38400,Jean-Christophe Vergerolle,150000.00000000006,198433.6273143008,48433.62731430074,32.28908487620048
21859,Mattia Cassani,100000.00000000004,148436.92777564345,48436.9277756434,48.436927775643376
497359,Nikola Bogdanovski,199999.99999999997,248481.89463132367,48481.894631323696,24.240947315661852
72274,Vasco Regini,150000.00000000006,198514.85330456475,48514.85330456469,32.34323553637645
24634,David Jones,349999.9999999997,398525.0444757416,48525.04447574192,13.864298421640559
222108,Jon Guthrie,324999.9999999999,276473.64161449706,48526.35838550283,14.931187195539335
661080,Dilshod Komilov,349999.9999999997,398566.69055313134,48566.69055313163,13.876197300894763
57834,Maximiliano Pereira,25000.000000000004,73568.77463309074,48568.77463309074,194.27509853236293
425826,Bojan Kovacevic,299999.99999999977,348572.7937071401,48572.793707140314,16.190931235713453
463559,Edoardo Colombo,349999.9999999997,398584.5662542088,48584.56625420909,13.88130464405975
45860,Vladimir Dimitrovski,75000.00000000004,123615.22654864931,48615.22654864927,64.82030206486566
252209,Adrián Balboa,499999.99999999977,451354.35016614536,48645.649833854404,9.729129966770886
34641,Darijan Matic,199999.99999999997,151277.42441808846,48722.575581911515,24.36128779095576
355540,Bryan Costa,100000.00000000004,51255.98299315948,48744.017006840564,48.744017006840544
818924,Mass Sise,150000.00000000006,198758.07086669293,48758.07086669287,32.505380577795236
715887,Arshad Al-Alawi,299999.99999999977,348791.46814109234,48791.46814109257,16.263822713697536
59349,Diego Mariño,299999.99999999977,348816.841980006,48816.841980006255,16.272280660002096
199909,Geordan Dupire,199999.99999999997,151055.60081189172,48944.39918810825,24.47219959405413
58018,Nano,75000.00000000004,123988.27398587872,48988.27398587868,65.31769864783821
197852,Derick Ogbu,100000.00000000004,149009.64849617763,49009.648496177586,49.00964849617757
111556,Joonas Tamm,150000.00000000006,100989.94216646628,49010.05783353378,32.673371889022505
153033,Maciej Makuszewski,100000.00000000004,149016.51635478248,49016.516354782434,49.01651635478241
998205,Alejandro Granados,499999.99999999977,549021.4852229294,49021.48522292962,9.804297044585928
353845,Diogo Firmino,100000.00000000004,50961.19795433816,49038.80204566188,49.03880204566186
1143479,Dimitrios Berdos,299999.99999999977,250934.25635495278,49065.74364504698,16.35524788168234
408950,Yannick Yankam,349999.9999999997,300914.4833790138,49085.51662098593,14.024433320281707
109598,Thomas Heurtaux,199999.99999999997,249105.19887539733,49105.19887539736,24.55259943769868
1308524,Mory Kera,150000.00000000006,100883.34050722547,49116.65949277459,32.74443966184971
92164,Mats Rits,499999.99999999977,450858.5098319428,49141.490168056975,9.828298033611398
488052,Matthias Braunöder,1200000.0000000005,1249142.0318457175,49142.03184571699,4.095169320476415
232499,Coen Gortemaker,50000.000000000015,99158.20921685277,49158.20921685276,98.3164184337055
10329,Alexander Stolz,100000.00000000004,149189.63776129283,49189.63776129279,49.18963776129277
338888,Muhammet Arslantas,124999.9999999999,75803.83071525958,49196.16928474032,39.35693542779228
111037,Dominique Agostini,50000.000000000015,99220.53709785134,49220.537097851324,98.44107419570261
66099,Carles Planas,199999.99999999997,249242.5373884484,49242.53738844843,24.62126869422422
47722,Casto,50000.000000000015,99276.82263994205,49276.82263994204,98.55364527988405
922892,Baran Moğultay,199999.99999999997,150714.40672338498,49285.59327661499,24.642796638307498
403718,Matias Antonini,275000.0000000002,324318.09403470234,49318.09403470217,17.93385237625532
388042,Karlo Muhar,1200000.0000000005,1150666.6270128891,49333.37298711133,4.11111441559261
141563,Aziz Deen-Conteh,150000.00000000006,100621.03815578029,49378.96184421977,32.9193078961465
918615,Stepan Grygorashchuk,399999.9999999999,449380.62421206234,49380.62421206245,12.345156053015618
342063,Silvan Sidler,299999.99999999977,250609.14434083086,49390.85565916891,16.463618553056317
388361,Yusuf Acer,10000.00000000001,59392.34485069301,49392.344850693,493.92344850692956
601321,Luis Mosquera,50000.000000000015,99393.30733528,49393.307335279984,98.78661467055994
368631,Alen Mustafic,299999.99999999977,349393.5333262738,49393.53332627402,16.464511108758018
1016312,William Andersson,175000.00000000012,125590.6833801983,49409.316619801815,28.233895211315303
1088535,Alexandru Stan,100000.00000000004,149470.03934550614,49470.0393455061,49.47003934550608
67221,Alex Fisher,100000.00000000004,149504.14739010352,49504.14739010348,49.504147390103455
337514,Paolo Scannapieco,100000.00000000004,50436.70322907661,49563.296770923436,49.563296770923415
59568,Felipe Ramos,100000.00000000004,149595.1002368419,49595.10023684187,49.59510023684185
155894,Víctor Bernat,50000.000000000015,99596.62444803459,49596.62444803458,99.19324889606914
99691,Brian Lluy,175000.00000000012,125397.17764641395,49602.82235358616,28.34446991633493
149901,Tim Payne,349999.9999999997,300386.7799868398,49613.22001315991,14.1752057180457
134538,Robert Thomson,150000.00000000006,199632.14126687383,49632.141266873776,33.08809417791584
13052,Kris De Wree,100000.00000000004,149652.0127539874,49652.01275398735,49.65201275398733
365952,Nicolas Basin,50000.000000000015,99661.51738567243,49661.517385672414,99.3230347713448
586527,Stathis Belevonis,175000.00000000012,125327.52551334904,49672.474486651074,28.384271135229167
238717,Pablo Pérez,299999.99999999977,250298.69957403565,49701.30042596412,16.56710014198805
463845,Oleksandr Demchenko,499999.99999999977,549705.8088222255,49705.80882222578,9.94116176444516
204139,Morten Knudsen,75000.00000000004,124707.06453004965,49707.06453004961,66.2760860400661
395107,Joss Didiba,349999.9999999997,300203.14935842424,49796.85064157547,14.227671611878717
131233,Esteban Pavez,150000.00000000006,199864.3194810654,49864.31948106535,33.242879654043556
301736,Vladislav Bibchenko,25000.000000000004,74916.44650088008,49916.446500880076,199.66578600352028
265930,Maksim Prikhodnoy,150000.00000000006,100024.00811356408,49975.99188643598,33.31732792429064
178838,Bachana Arabuli,199999.99999999997,149994.59908982858,50005.40091017139,25.002700455085698
334434,Anatoli Malashenko,50000.000000000015,100009.60494076433,50009.604940764315,100.0192098815286
692573,Kirill Fateev,50000.000000000015,100068.87887870411,50068.8788787041,100.13775775740817
216718,Florent Bojaj,100000.00000000004,150115.4024800332,50115.40248003315,50.11540248003313
87299,Strahil Popov,150000.00000000006,200173.63902343097,50173.63902343091,33.44909268228726
255095,Tomoki Imai,150000.00000000006,99798.62304687078,50201.37695312928,33.467584635419506
822457,Nikita Shershov,124999.9999999999,74774.83786831694,50225.162131682955,40.180129705346395
416089,David Tavares,299999.99999999977,350232.70297044364,50232.702970443876,16.744234323481304
205415,Mohamed Hamzaoui,50000.000000000015,100244.81191345521,50244.811913455196,100.48962382691036
70170,Lukas Marecek,25000.000000000004,75246.81458550002,50246.81458550002,200.98725834200005
106634,Pelé van Anholt,299999.99999999977,249741.2801942092,50258.71980579058,16.752906601930206
166745,Gegam Kadimyan,100000.00000000004,150258.80515582842,50258.80515582838,50.258805155828355
158997,Amro Tarek,199999.99999999997,250277.30057626986,50277.30057626989,25.13865028813495
133041,Steven Hetherington,150000.00000000006,200294.0556912192,50294.05569121914,33.52937046081274
904795,Juan Vásquez,100000.00000000004,150302.64295779876,50302.642957798715,50.302642957798696
481682,Pavlos Mavroudis,150000.00000000006,200307.63648120675,50307.63648120669,33.538424320804445
627222,Talles Costa,999999.9999999997,949656.667622229,50343.33237777068,5.03433323777707
48699,Diogo Cunha,175000.00000000012,124641.06199317993,50358.938006820186,28.77653600389723
34809,Ibrahima Gueyé,100000.00000000004,150420.30251062723,50420.30251062718,50.42030251062716
1154991,Vladyslav Chaban,25000.000000000004,75420.57316250206,50420.573162502056,201.68229265000818
307053,Sergiy Panasenko,100000.00000000004,150475.87993783524,50475.8799378352,50.475879937835174
461947,Erdem Secgin,100000.00000000004,49469.08048995016,50530.919510049884,50.53091951004986
249217,Sergiy Zagidulin,100000.00000000004,49442.295827895345,50557.7041721047,50.55770417210468
282684,José Devecchi,399999.9999999999,349437.3823936943,50562.617606305575,12.640654401576398
538063,Lucas Felippe,175000.00000000012,225624.4650738131,50624.465073812986,28.928265756464544
163532,Adam Smith,199999.99999999997,250634.07220272056,50634.07220272059,25.3170361013603
155604,Miloje Prekovic,50000.000000000015,100635.84425061978,50635.84425061976,101.27168850123948
919675,Rasmus Holten,499999.99999999977,550735.5008815726,50735.500881572836,10.147100176314572
1277229,Yusei Yamanouchi,225000.00000000015,275755.8456128932,50755.84561289303,22.55815360573022
547960,Julian Renner,25000.000000000004,75758.8201224628,50758.8201224628,203.03528048985115
74985,Lukas Tesak,150000.00000000006,99239.86221403474,50760.137785965315,33.84009185731019
453864,Marvin Cuni,800000.0000000005,749227.8148072558,50772.18519274471,6.346523149093085
364445,Hamad Al-Jayzani,124999.9999999999,175789.85038569017,50789.85038569027,40.63188030855225
757175,Maximiliano Zalazar,375000.00000000006,324128.3434604968,50871.65653950325,13.565775077200865
132061,Eliandro,225000.00000000015,174127.0908297134,50872.90917028676,22.610181853460766
26101,Cicinho,100000.00000000004,151113.52099040573,51113.52099040568,51.11352099040566
49591,Leroy George,150000.00000000006,201140.2716789985,51140.271678998455,34.09351445266562
103793,Carlão,249999.9999999998,198822.54297023395,51177.45702976585,20.470982811906357
533060,Anderson Cruz,299999.99999999977,351208.91838058934,51208.918380589574,17.069639460196537
391406,Andrea Romagnoli,25000.000000000004,76218.0508154084,51218.050815408395,204.87220326163356
13749,Gaby Mudingayi,50000.000000000015,101218.85909479082,51218.85909479081,102.43771818958159
338068,Hamza Kücükköylü,100000.00000000004,48770.75315211155,51229.24684788849,51.22924684788847
17239,Anastasios Venetis,150000.00000000006,98730.39979588983,51269.60020411023,34.179733469406806
1145308,Yassine Al-Jaber,50000.000000000015,101285.853448683,51285.85344868299,102.57170689736594
37736,Aydin Yilmaz,25000.000000000004,76287.22866243115,51287.22866243115,205.1489146497246
209012,Avto,249999.9999999998,198668.70354899167,51331.29645100812,20.532518580403266
611202,Pablo Picón,150000.00000000006,98608.03287499004,51391.96712501002,34.26131141667334
139133,Maksim Kazankov,25000.000000000004,76414.87060748196,51414.870607481964,205.65948242992783
748808,Nail Moutha-Sebtaoui,299999.99999999977,351416.8672059566,51416.867205956834,17.13895573531896
114276,Ali Lotfi,175000.00000000012,123570.82085065445,51429.17914934567,29.388102371054647
47592,Fagner,199999.99999999997,251491.42177687696,51491.42177687699,25.7457108884385
373044,Maksym Kazakov,100000.00000000004,151521.11236080967,51521.112360809624,51.52111236080961
17225,Konstantinos Kapetanos,199999.99999999997,148464.97495604624,51535.025043953734,25.767512521976872
898885,Manolis Faitakis,75000.00000000004,126542.33253348424,51542.332533484194,68.72311004464555
280644,Panagiotis Dounis,100000.00000000004,151546.61622629745,51546.61622629741,51.546616226297395
726035,Kiril Popov,199999.99999999997,251610.70379694106,51610.70379694109,25.805351898470548
22495,Jesper Mikkelsen,150000.00000000006,98360.13511949414,51639.86488050592,34.42657658700393
131326,Domagoj Pavicic,199999.99999999997,251644.29773191203,51644.297731912055,25.82214886595603
126910,Yassin El-Azzouzi,199999.99999999997,251695.31716305728,51695.317163057305,25.847658581528655
630984,Geovanni Barba,50000.000000000015,101753.13679351516,51753.13679351515,103.50627358703026
6251,Dennis Souza,75000.00000000004,126754.06364241138,51754.06364241133,69.00541818988174
884710,Glenn Kweh,199999.99999999997,251758.37526675544,51758.375266755465,25.879187633377736
125920,Yakup Zorlu,10000.00000000001,61804.95399558014,51804.95399558013,518.0495399558008
346842,Daniel Antosch,199999.99999999997,148154.21706402788,51845.78293597209,25.922891467986048
581445,Mazeed Ogungbo,150000.00000000006,201867.89722010607,51867.89722010601,34.57859814673733
26460,Fernando Belluschi,25000.000000000004,76883.63368781198,51883.63368781198,207.5345347512479
331467,Felipe Curcio,249999.9999999998,301888.564685827,51888.56468582721,20.7554258743309
90937,Yigit Incedemir,50000.000000000015,101911.09951407851,51911.099514078494,103.82219902815697
17057,Michael Liendl,175000.00000000012,123060.00391525298,51939.99608474714,29.679997762712627
1010240,Sung-dong Kim,25000.000000000004,76973.63140218958,51973.63140218958,207.89452560875827
27234,Branimir Petrovic,100000.00000000004,151990.1019532648,51990.10195326475,51.99010195326472
182575,Nick de Bondt,124999.9999999999,72977.61736813406,52022.38263186584,41.61790610549271
85223,Baris Örücü,10000.00000000001,62035.08273371087,52035.082733710864,520.3508273371082
110755,Karim Tarfi,150000.00000000006,97954.26032677034,52045.73967322972,34.69715978215313
197881,Irfan Hadzic,100000.00000000004,152062.09047221564,52062.0904722156,52.06209047221557
176023,Alexis Ferrante,199999.99999999997,252069.92646065645,52069.92646065648,26.034963230328245
1154876,Kasey Bos,449999.99999999994,502133.21386264986,52133.21386264992,11.585158636144428
745252,Artem Kulakovskyi,199999.99999999997,252141.9780598861,52141.97805988614,26.070989029943075
391470,Marcus Browne,299999.99999999977,247837.1893183508,52162.81068164896,17.387603560549667
272732,Willem Huizing,75000.00000000004,127171.87371251476,52171.873712514716,69.56249828335291
359247,Maryan Shved,800000.0000000005,852187.8925609556,52187.89256095514,6.523486570119388
509301,Or Dadia,299999.99999999977,352208.6853195097,52208.68531950994,17.402895106503326
591020,Ibra Koneh,299999.99999999977,247778.07711658912,52221.92288341065,17.40730762780356
1195809,Miguel Ángel Beltre,50000.000000000015,102225.65219393515,52225.65219393514,104.45130438787025
1343067,Joel Sebastián Romero,499999.99999999977,447718.6592923518,52281.34070764796,10.456268141529597
450391,Mathies Skjellerup,100000.00000000004,47695.96170062557,52304.03829937447,52.30403829937445
471448,Luca van der Gaag,50000.000000000015,102304.99832566809,52304.99832566807,104.60999665133612
1003534,Marwin Schmitz,199999.99999999997,147685.3005844038,52314.69941559617,26.15734970779809
61267,Mijusko Bojovic,150000.00000000006,97655.716110721,52344.28388927906,34.89618925951936
38100,Michael Mancienne,75000.00000000004,127348.00930614941,52348.00930614937,69.79734574153244
511852,Anthony Olusanya,399999.9999999999,347645.3430247569,52354.65697524301,13.088664243810754
400653,Jan Matousek,299999.99999999977,352402.08441892447,52402.0844189247,17.46736147297491
500497,Mustafa Inan,10000.00000000001,62489.199866384166,52489.19986638416,524.891998663841
1247243,Gleb Popolitov,499999.99999999977,447498.97349509253,52501.02650490723,10.500205300981452
73314,Jordi Xumetra,50000.000000000015,102532.45081955014,52532.450819550126,105.06490163910023
205566,Stéphane Madeira,124999.9999999999,177541.7218068398,52541.72180683991,42.033377445471956
210088,Gabriel Moura,150000.00000000006,97454.58269984856,52545.4173001515,35.03027820010099
581912,Diego Zuppel,50000.000000000015,102550.90054125553,52550.90054125551,105.10180108251099
88685,Antonio Donnarumma,324999.9999999999,272387.4364825692,52612.56351743068,16.18848108228637
655660,Vangelis Kontogiannis,50000.000000000015,102627.68750214396,52627.68750214395,105.25537500428787
355757,Samet Yalçın,199999.99999999997,147371.92656816402,52628.07343183595,26.314036715917975
1024266,Riku Gunji,75000.00000000004,127732.16861656365,52732.168616563606,70.30955815541809
481211,Henry Vaca,225000.00000000015,172262.0603433377,52737.939656662435,23.43908429184996
542780,Rasmus From,100000.00000000004,47255.677105039314,52744.32289496073,52.7443228949607
143101,Sören Reese,299999.99999999977,247175.27829008078,52824.72170991899,17.60824056997301
41932,Diego Gaúcho,199999.99999999997,147163.2257006347,52836.774299365265,26.418387149682637
22320,Francesco Modesto,25000.000000000004,77837.1274749514,52837.1274749514,211.34850989980558
5948,Damiano Ferronetti,199999.99999999997,147155.63494330132,52844.36505669865,26.422182528349325
529251,Ahmet Sivri,199999.99999999997,252875.6224773189,52875.62247731892,26.437811238659464
571709,Yuji Kitajima,299999.99999999977,352875.9886733687,52875.988673368935,17.62532955778966
1109829,Gus Hoefsloot,100000.00000000004,152907.200675085,52907.20067508497,52.907200675084944
3753,Georgios Theodoridis,249999.9999999998,197089.6434709638,52910.356529035984,21.164142611614412
349281,Tuur Houben,175000.00000000012,122037.567385837,52962.43261416312,30.26424720809319
432085,Yunus Emre Cakir,150000.00000000006,97025.1660882454,52974.83391175466,35.31655594116976
104543,Théo Defourny,150000.00000000006,97015.05166860115,52984.948331398904,35.32329888759926
293761,Ben Stirling,150000.00000000006,203038.9333569753,53038.933356975234,35.35928890465014
405833,Bruno Silva,150000.00000000006,203065.34250631832,53065.342506318266,35.37689500421216
636756,Milot Avdyli,349999.9999999997,296931.90163521096,53068.09836478875,15.162313818511084
574197,Niklas Jessen,199999.99999999997,253118.38879505804,53118.38879505807,26.55919439752904
212730,Kyle De Silva,124999.9999999999,178122.84499977247,53122.84499977257,42.49827599981809
138800,Pablo Alcolea,100000.00000000004,153124.7275298505,53124.727529850454,53.12472752985043
57796,Vitus Eicher,175000.00000000012,121789.95572966781,53210.044270332306,30.405739583047016
687463,Aleksandr Koryakin,749999.9999999998,803254.754098469,53254.754098469275,7.1006338797959065
51489,Aritz López Garai,199999.99999999997,146717.85718736565,53282.14281263432,26.641071406317167
59978,Yevgen Zadoya,100000.00000000004,153288.1007143045,53288.10071430447,53.28810071430444
401825,Benito Del Valle,25000.000000000004,78293.26438706399,53293.26438706399,213.1730575482559
325386,Maksym Marusych,100000.00000000004,153303.44757698703,53303.44757698699,53.30344757698696
470788,Milos Gordic,175000.00000000012,121636.6897606302,53363.31023936992,30.493320136782792
37875,Antonis Rikka,150000.00000000006,203372.9165469361,53372.91654693603,35.58194436462401
791173,Noah Crétier,199999.99999999997,146625.27555684626,53374.72444315371,26.687362221576862
61674,Martyn Waghorn,249999.9999999998,196622.55351394968,53377.44648605012,21.350978594420063
497312,Federico Artioli,225000.00000000015,171618.6680182199,53381.33198178024,23.72503643634676
522227,John Robertson,50000.000000000015,103438.84659455532,53438.8465945553,106.87769318911057
526577,Artem Khotsyanovskyi,10000.00000000001,63469.88349727752,53469.883497277515,534.6988349727746
134603,Coronas,75000.00000000004,128513.34492513564,53513.34492513559,71.35112656684741
20714,Tal Ben Haim,100000.00000000004,46414.25445548756,53585.74554451249,53.58574554451246
58970,Yevgen Shakhov,299999.99999999977,246407.59263665965,53592.40736334011,17.864135787780054
1034646,Andréa Librici,124999.9999999999,71406.29098415164,53593.70901584826,42.87496721267864
250683,Nikita Contini,399999.9999999999,346402.5676122331,53597.43238776678,13.399358096941699
27491,Otman Bakkal,749999.9999999998,696385.6946925451,53614.30530745466,7.1485740409939575
318435,Ivan Lapshov,150000.00000000006,96331.96895277657,53668.031047223485,35.77868736481564
463497,Lorenzo Avogadri,10000.00000000001,63675.28336366103,53675.28336366102,536.7528336366098
105504,Anton Khodyrev,75000.00000000004,128675.68677953526,53675.686779535215,71.56758237271357
646746,Roger Martínez,399999.9999999999,346299.5530260989,53700.44697390101,13.425111743475258
751056,Egor Totskiy,100000.00000000004,153701.8026577895,53701.80265778945,53.70180265778942
512496,Vasyl Kurko,399999.9999999999,346276.5605763848,53723.439423615055,13.430859855903767
605532,Egor Proshkin,299999.99999999977,353753.9656714297,53753.965671429934,17.917988557143325
271716,Damion Lowe,275000.0000000002,221222.66262969212,53777.33737030806,19.555395407384736
356396,Joe Wright,299999.99999999977,246197.22686865283,53802.77313134694,17.934257710448996
59343,Manu Herrera,50000.000000000015,103812.41663555024,53812.416635550224,107.62483327110041
314941,Luis López,199999.99999999997,146182.24155800568,53817.75844199429,26.908879220997147
291765,Eren Tokat,124999.9999999999,71171.14796973584,53828.85203026405,43.06308162421128
58436,Luís Alberto,75000.00000000004,128902.59376722427,53902.59376722423,71.8701250229656
92747,Sébastien Didier,100000.00000000004,153902.78466986903,53902.78466986898,53.902784669868964
309841,Andre Green,299999.99999999977,353931.7757089332,53931.77570893342,17.977258569644487
37912,Adnan Alisic,150000.00000000006,203932.13315188757,53932.13315188751,35.954755434591654
245029,Michel Franken,100000.00000000004,153933.82955520944,53933.82955520939,53.933829555209364
1113558,Mykyta Minchev,349999.9999999997,296032.0677323312,53967.93226766848,15.419409219333865
297772,Arsen Siukaev,100000.00000000004,154002.20743779966,54002.20743779962,54.0022074377996
191855,Alexandros Smyrlis,199999.99999999997,145943.27286731353,54056.72713268644,27.028363566343227
698931,Nikita Karabashev,299999.99999999977,245939.52726269994,54060.47273729983,18.02015757909996
314970,Madi Queta,175000.00000000012,120937.16560876719,54062.83439123293,30.893048223561653
292775,Ricardo Valente,100000.00000000004,154071.74540364443,54071.74540364438,54.07174540364436
499956,Mathieu De Smet,199999.99999999997,145913.82195053325,54086.17804946672,27.043089024733362
295360,Francis Uzoho,299999.99999999977,354156.3695778127,54156.369577812904,18.052123192604316
311696,Kuki Zalazar,199999.99999999997,254197.35923559402,54197.35923559405,27.09867961779703
21419,Mark Reynolds,175000.00000000012,120763.21816539996,54236.78183460016,30.99244676262864
727747,Carlos Alberto,1299999.9999999993,1245754.9207786804,54245.07922131894,4.172698401639921
378520,Fernán Faerron,275000.0000000002,220743.5552392992,54256.44476070098,19.729616276618525
487691,Carlos Pineda,349999.9999999997,404265.53810380783,54265.538103808125,15.504439458230907
244706,Koray Yildiz,25000.000000000004,79274.78721190784,54274.78721190784,217.0991488476313
268940,Emrah Öztürk,25000.000000000004,79305.11902300439,54305.11902300439,217.22047609201752
4634,Arnold Kruiswijk,199999.99999999997,145686.39851580508,54313.60148419489,27.15680074209745
78917,Julien Faussurier,249999.9999999998,195678.25366175728,54321.74633824252,21.728698535297024
95603,Jason Bourdouxhe,100000.00000000004,154344.4854924227,54344.48549242267,54.34448549242264
192930,Alikhan Shavaev,124999.9999999999,179411.0781591412,54411.07815914131,43.52886252731308
19041,Gökhan Inler,50000.000000000015,104422.67894275126,54422.67894275124,108.84535788550245
334126,Todor Petrovic,225000.00000000015,170560.46319844588,54439.53680155426,24.195349689579658
431131,Raúl Almeida,150000.00000000006,95527.51388484532,54472.48611515474,36.314990743436475
1157482,Stjepan Davidovic,649999.9999999995,595508.9411022521,54491.058897747425,8.383239830422687
1013931,Seong-woo Moon,150000.00000000006,204511.92894970026,54511.9289497002,36.341285966466785
499605,Reda Akbib,25000.000000000004,79531.47349990753,54531.47349990753,218.12589399963008
495845,Idris Umaev,175000.00000000012,229560.29904960326,54560.29904960314,31.177313742630346
85585,John Boye,100000.00000000004,154569.25438355136,54569.25438355132,54.5692543835513
58697,Pitu García,150000.00000000006,95421.41283968472,54578.587160315335,36.385724773543544
591190,Dominique Youfeigane,150000.00000000006,204592.67111324033,54592.67111324027,36.3951140754935
78961,Gary Mackay-Steven,50000.000000000015,104700.34035550269,54700.340355502674,109.40068071100532
307315,Giannis Tsolakidis,150000.00000000006,204725.6456164032,54725.64561640314,36.48376374426874
164472,Nestoras Mytidis,199999.99999999997,145269.52130324038,54730.47869675959,27.3652393483798
827711,Gabriël Reiziger,249999.9999999998,304740.29734751553,54740.297347515734,21.89611893900631
929742,Marco Nazzaro,175000.00000000012,229744.0059543112,54744.005954311084,31.28228911674917
224947,Oswal Álvarez,199999.99999999997,145207.64500663598,54792.35499336399,27.396177496682
1067817,Klearchos Vainopoulos,50000.000000000015,104834.00565186812,54834.00565186811,109.66801130373618
700305,Buluthan Bulut,50000.000000000015,104959.32830460963,54959.32830460962,109.9186566092192
342148,Zé Gomes,199999.99999999997,145006.46875862603,54993.531241373945,27.496765620686975
374301,Artem Syomka,75000.00000000004,130015.02905146801,55015.029051467965,73.35337206862391
396535,Vladyslav Alekseyev,100000.00000000004,44976.19290023469,55023.807099765356,55.023807099765335
292832,Ivan Galanin,175000.00000000012,119942.76842046948,55057.231579530635,31.4612751883032
599592,Euan Deveney,124999.9999999999,69928.73832850944,55071.26167149046,44.057009337192405
3525,Sylvain Armand,249999.9999999998,194867.24272952628,55132.75727047352,22.053102908189427
335247,Gianni Cassaro,100000.00000000004,155168.58709249384,55168.58709249379,55.16858709249377
134419,Adam Jackson,249999.9999999998,305172.66834923974,55172.668349239946,22.069067339695998
45220,Plamen Nikolov,10000.00000000001,65174.49536609276,55174.49536609275,551.744953660927
67071,Alexios Michail,150000.00000000006,94730.09070706586,55269.9092929342,36.84660619528945
957838,Demir Sarıcalı,124999.9999999999,69683.15450876864,55316.84549123126,44.25347639298504
799987,Marcus Baggesen,399999.9999999999,455320.7743568066,55320.77435680671,13.83019358920168
398845,Nikita Kovalev,25000.000000000004,80327.18270026661,55327.18270026661,221.3087308010664
670144,José Gallegos,499999.99999999977,444669.38295285153,55330.61704714823,11.06612340942965
494177,Noah Holm,1499999.9999999986,1444664.4148019203,55335.585198078305,3.6890390132052238
52281,Güray Vural,225000.00000000015,169635.33991978128,55364.66008021886,24.606515591208368
909815,Oleg Trofimov,25000.000000000004,80395.36592586945,55395.36592586945,221.58146370347777
57506,Paco van Moorsel,249999.9999999998,194573.48054158178,55426.51945841801,22.170607783367224
44294,Romano Perticone,100000.00000000004,155433.40161645264,55433.4016164526,55.43340161645257
717600,Aleksandr Balakhonov,124999.9999999999,69556.67245487966,55443.327545120235,44.35466203609623
284047,Meris Skenderovic,199999.99999999997,255455.13415965447,55455.134159654495,27.727567079827253
335400,Nick Wolters,225000.00000000015,169542.90035161536,55457.099648384785,24.647599843726557
455728,Nikita Motpan,349999.9999999997,294469.3528187325,55530.64718126721,15.865899194647787
613364,Tomás Fernández,324999.9999999999,269439.7223275688,55560.27767243108,17.095470053055724
530916,Jack Spong,175000.00000000012,230569.1153225932,55569.115322593076,31.753780184338883
232068,Michael Duffy,175000.00000000012,230662.40290642128,55662.402906421165,31.807087375097787
14821,David van Zanten,299999.99999999977,244317.35556777153,55682.64443222823,18.560881477409424
38536,Razak Boukari,100000.00000000004,155708.09922038874,55708.0992203887,55.708099220388675
789478,Bogdan Kobzar,100000.00000000004,155726.12444530748,55726.12444530743,55.72612444530741
239749,Manolis Kalogerakis,199999.99999999997,144171.83512415705,55828.16487584292,27.91408243792147
514920,Lucas Lykkegaard,100000.00000000004,155922.15901612022,55922.159016120175,55.922159016120155
1155741,Ivan Ivashchenko,199999.99999999997,255940.76805522144,55940.76805522147,27.97038402761074
227676,Amilton,299999.99999999977,244031.56177053964,55968.438229460124,18.656146076486724
281773,José León,700000.0000000006,644017.274667063,55982.72533293755,7.997532190419644
844534,Si-hyeon Gong,50000.000000000015,105996.9267188145,55996.92671881449,111.99385343762893
435665,Vladyslav Khomutov,124999.9999999999,68995.3960844606,56004.603915539294,44.80368313243147
22586,Toché,50000.000000000015,106035.55497185979,56035.554971859776,112.07110994371952
33729,Stefano Celozzi,299999.99999999977,243948.67904534983,56051.32095464994,18.683773651549995
241389,Indy Groothuizen,124999.9999999999,181052.55994230704,56052.55994230714,44.84204795384575
263556,Joe Maguire,100000.00000000004,156052.7340575081,56052.734057508045,56.052734057508026
13443,Lee Camp,150000.00000000006,206054.77515029078,56054.77515029072,37.369850100193794
358509,Mehdi Chahiri,700000.0000000006,643906.8757133952,56093.124286605394,8.01330346951505
78569,Xavier Luissint,100000.00000000004,156112.29812539686,56112.29812539682,56.1122981253968
283472,Abdiel Arroyo,275000.0000000002,218871.38033612462,56128.61966387555,20.410407150500188
388512,Marc Baró,199999.99999999997,143845.5739488633,56154.42605113666,28.07721302556833
234807,Martin Samuelsen,299999.99999999977,356207.0284513638,56207.02845136402,18.73567615045469
46552,Kamil Glik,50000.000000000015,106246.17213462564,56246.17213462562,112.4923442692512
981479,Ezequiel Forclaz,199999.99999999997,143745.81278266181,56254.187217338156,28.127093608669085
256696,Perdigão,150000.00000000006,206261.3729328818,56261.37293288173,37.50758195525447
962515,Hassan Rabei,150000.00000000006,93738.05995346511,56261.940046534946,37.50796003102329
300447,Aleksey Gerasimov,349999.9999999997,293735.1009275127,56264.899072487024,16.07568544928202
707221,Baptiste Rolland,150000.00000000006,206316.65956477888,56316.65956477882,37.54443970985253
119563,Jamie Masson,124999.9999999999,181337.81206095323,56337.812060953336,45.070249648762704
509936,Călin Popescu,299999.99999999977,243543.65118328028,56456.34881671949,18.818782938906512
128375,Bo-kyung Kim,150000.00000000006,206481.41379304134,56481.41379304128,37.65427586202751
75611,Nicolás Gorobsov,249999.9999999998,193496.54273345845,56503.45726654134,22.601382906616553
160118,Vasilios Vallianos,199999.99999999997,143416.25822210588,56583.74177789409,28.291870888947045
1251861,Mathias Svenningsen-Grønn,100000.00000000004,156589.1265931113,56589.12659311124,56.58912659311122
312502,Aleksey Tataev,700000.0000000006,643404.3445440084,56595.65545599221,8.08509363657031
308118,Kentaro Kakoi,50000.000000000015,106627.88362353075,56627.88362353074,113.25576724706143
1105078,Érick Díaz,100000.00000000004,156631.2292087072,56631.229208707155,56.63122920870713
410285,Erdon Daci,649999.9999999995,593353.9968003292,56646.00319967035,8.714769723026214
489153,Mario González,275000.0000000002,331676.79407661216,56676.79407661199,20.609743300586164
75058,William Matheus,199999.99999999997,256698.52118017702,56698.52118017705,28.349260590088527
936234,Ren Kato,499999.99999999977,443256.8642925969,56743.13570740289,11.348627141480584
75127,Ezequiel Muñoz,75000.00000000004,131753.17499239263,56753.17499239258,75.67089998985674
1104730,Fabian Talladira,150000.00000000006,206754.1077025176,56754.10770251753,37.83607180167834
858372,Elvis Claros,199999.99999999997,143237.64124820047,56762.358751799504,28.381179375899755
26876,Mirnes Sisic,299999.99999999977,243176.1281833686,56823.871816631174,18.941290605543738
509709,George Stanger,199999.99999999997,256827.05423374896,56827.05423374899,28.413527116874498
874711,Osman Güleryüz,10000.00000000001,66845.99288873599,56845.99288873598,568.4599288873593
491765,Ruslan Salakhutdinov,25000.000000000004,81853.02828753021,56853.02828753021,227.41211315012077
554282,Szymon Wlodarczyk,749999.9999999998,693112.8306848415,56887.16931515827,7.584955908687772
34206,Zuela,299999.99999999977,243109.47581842693,56890.52418157284,18.96350806052429
986180,Noah Raveyre,199999.99999999997,143081.32197910637,56918.678020893596,28.459339010446804
836757,Armando Perlleshi,100000.00000000004,43001.13783505009,56998.862164949955,56.99886216494993
688614,Noah Streit,399999.9999999999,457025.6796015927,57025.67960159283,14.25641990039821
627760,Noah Shamoun,299999.99999999977,242947.2056193987,57052.79438060106,19.017598126867036
270576,Doganay Kilic,25000.000000000004,82069.68354571064,57069.683545710635,228.2787341828425
691918,Maksim Aleksandrov,175000.00000000012,117914.09721694897,57085.90278305115,32.6205158760292
110670,Florent Cuvelier,150000.00000000006,207167.35678767768,57167.35678767762,38.11157119178507
407577,Chima Akas,299999.99999999977,242787.46868197733,57212.53131802243,19.07084377267416
40059,Marek Sapara,150000.00000000006,92769.97066513497,57230.02933486509,38.15335288991004
6986,Thibault Giresse,249999.9999999998,192687.58292688004,57312.41707311975,22.92496682924792
698840,Yannic Stein,199999.99999999997,142649.8450460267,57350.15495397328,28.675077476986644
339845,Ivan Yanakov,25000.000000000004,82355.94664953557,57355.946649535574,229.42378659814224
193319,Luís Silva,75000.00000000004,132396.25399987798,57396.25399987794,76.52833866650387
86204,Stephen Sama,199999.99999999997,142598.40624871507,57401.593751284905,28.70079687564246
837005,Raymond Owusu,299999.99999999977,357433.5622786677,57433.56227866793,19.14452075955599
523998,Pedro Ruiz,249999.9999999998,192549.8340917211,57450.165908278694,22.980066363311497
476527,Kenny Rocha Santos,600000.0000000003,657488.3190191248,57488.319019124494,9.58138650318741
94316,Aleksandar Kovacevic,299999.99999999977,242445.58189562854,57554.41810437123,19.184806034790427
340491,Joca,600000.0000000003,542422.0567896953,57577.943210305064,9.596323868384172
58761,Mehmet Öztürk,124999.9999999999,67382.8748432579,57617.125156742,46.09370012539363
27706,Mikhail Kerzhakov,100000.00000000004,42335.66541904844,57664.3345809516,57.66433458095158
934461,Federico Chinetti,150000.00000000006,207667.90598805124,57667.90598805118,38.44527065870077
76032,Aridai Cabrera,100000.00000000004,157687.05044469496,57687.05044469492,57.6870504446949
60979,Yannick Boli,150000.00000000006,92289.78675184329,57710.21324815677,38.473475498771165
66398,Wilfried Moimbé,299999.99999999977,242277.50579048938,57722.49420951039,19.240831403170144
1684,Milorad Pekovic,150000.00000000006,92258.43472345428,57741.56527654578,38.4943768510305
587906,Alperen Çaylak,25000.000000000004,82760.52563278959,57760.52563278959,231.04210253115832
155233,Michael Harriman,150000.00000000006,207770.93667797133,57770.93667797127,38.51395778531417
16474,Alexander Baumjohann,100000.00000000004,157782.10980061378,57782.10980061373,57.78210980061371
109830,Marcel Heister,199999.99999999997,142207.95779864036,57792.04220135961,28.896021100679807
231906,Rafail Gioukaris,150000.00000000006,92168.937142983,57831.06285701705,38.55404190467802
516761,Achraf Douiri,199999.99999999997,257841.48150188234,57841.48150188237,28.920740750941192
328959,Jeroen van der Lely,249999.9999999998,192136.8892639832,57863.11073601659,23.145244294406655
367244,Christian Borchgrevink,449999.99999999994,392076.26995981205,57923.73004018789,12.871940008930643
293513,Zeki Sinanoglu,25000.000000000004,82936.71742193055,57936.717421930545,231.74686968772215
321948,Dmytro Shapoval,100000.00000000004,42023.17789371555,57976.8221062845,57.97682210628447
926235,Samuel Koeberlé,150000.00000000006,91995.67078452007,58004.329215479986,38.66955281031997
67715,Rostyn Griffiths,225000.00000000015,166984.28702783288,58015.71297216727,25.784761320963213
19437,Igor Budan,399999.9999999999,341962.50807010126,58037.49192989862,14.509372982474659
875235,Seán Grehan,150000.00000000006,208054.77016336392,58054.770163363864,38.70318010890923
1111241,Mame Mor Faye,275000.0000000002,216912.22957868624,58087.77042131394,21.12282560775051
381913,Vasilios Vitlis,124999.9999999999,183246.86274885543,58246.862748855536,46.59749019908447
16551,Milan Vjestica,150000.00000000006,208252.49257787908,58252.49257787902,38.83499505191933
158490,Mamadou Ba,100000.00000000004,158274.01747656928,58274.017476569235,58.274017476569206
322107,Ismael Diawara,249999.9999999998,308295.2156971276,58295.21569712783,23.31808627885115
99863,Pylyp Budkivskyi,299999.99999999977,241699.76471392755,58300.23528607222,19.433411762024086
835546,Hasip Korkmazyürek,50000.000000000015,108323.18276953425,58323.182769534236,116.64636553906844
545432,Marcel Lewis,150000.00000000006,91659.25841711237,58340.741582887684,38.893827721925106
280409,Shaun Rooney,275000.0000000002,216656.12528632136,58343.874713678815,21.215954441337736
457092,Simon Janssen,399999.9999999999,341649.7054899709,58350.294510028965,14.587573627507243
105352,Christophe Diandy,150000.00000000006,208388.63923091764,58388.639230917586,38.92575948727838
6438,Cristian Ledesma,175000.00000000012,116603.57044562142,58396.4295543787,33.369388316787806
176413,Taras Puchkovskyi,25000.000000000004,83421.44591105102,58421.44591105102,233.68578364420407
407356,Gildo,150000.00000000006,208421.54173713832,58421.541737138265,38.947694491425494
77835,Delvin N'Dinga,50000.000000000015,108502.63166054523,58502.631660545216,117.0052633210904
362347,Akil Wright,150000.00000000006,208534.55207090927,58534.55207090921,39.02303471393946
14195,Gonçalo Brandão,25000.000000000004,83545.03861673537,58545.03861673537,234.18015446694147
707731,Jakub Kristan,299999.99999999977,358579.588491508,58579.58849150821,19.52652949716942
53455,Richard Sukuta-Pasu,124999.9999999999,183580.22194583787,58580.22194583797,46.86417755667041
4624,Jos Hooiveld,175000.00000000012,233587.02217191216,58587.022171912045,33.47829838394972
127031,Pierre Sagna,199999.99999999997,258593.59364693164,58593.593646931666,29.296796823465836
357937,Braian Romero,349999.9999999997,408629.2811109192,58629.28111091949,16.75122317454844
7901,Nano,50000.000000000015,108676.24865568537,58676.248655685355,117.35249731137067
85753,Leonel Olímpio,75000.00000000004,133722.95105159728,58722.951051597236,78.29726806879627
42641,Andriy Khomyn,100000.00000000004,158737.55183510634,58737.55183510629,58.737551835106274
53543,Mesut Caytemel,124999.9999999999,183756.78930688123,58756.78930688133,47.0054314455051
54596,Carlos Quintana,75000.00000000004,133844.90293753415,58844.902937534105,78.45987058337876
615234,Amar Dzevlan,25000.000000000004,83860.62531739831,58860.62531739831,235.44250126959324
12773,Ricky Foster,150000.00000000006,91136.38796647053,58863.61203352953,39.242408022353004
829949,Norbert Haymamba,10000.00000000001,68863.74926533087,58863.749265330865,588.6374926533082
1176435,Ivan Denysov,100000.00000000004,41135.14374460759,58864.85625539246,58.864856255392425
3817,Malik Fathi,100000.00000000004,158921.7004819001,58921.70048190006,58.92170048190003
210369,Ersel Asliyüksek,25000.000000000004,83950.1067123468,58950.106712346795,235.80042684938712
217026,Pavel Kireenko,150000.00000000006,209009.37551030362,59009.375510303566,39.33958367353569
193534,Hamadi Al Ghaddioui,299999.99999999977,240971.87998058405,59028.12001941571,19.676040006471922
217751,Jakov Puljic,249999.9999999998,190946.22894433734,59053.77105566245,23.621508422265
237444,Robin Becker,249999.9999999998,190860.66402201098,59139.33597798881,23.655734391195544
147886,Paul George,50000.000000000015,109149.00383777187,59149.00383777186,118.29800767554369
302886,Abderrahmane Yousfi,124999.9999999999,184155.31058300447,59155.31058300457,47.324248466403695
175179,Luccas Claro,150000.00000000006,209187.52609399045,59187.5260939904,39.45835072932692
41726,Michael Coulson,249999.9999999998,309236.7442878868,59236.74428788698,23.69469771515481
228253,Filip Sachpekidis,199999.99999999997,259239.15572110226,59239.15572110229,29.61957786055115
572309,Bogdan Lytvyak,25000.000000000004,84290.55440684703,59290.55440684703,237.16221762738812
949929,Achref Abada,999999.9999999997,940696.5347885827,59303.465211416944,5.930346521141697
43332,Oleksandr Kovpak,25000.000000000004,84312.41144194639,59312.41144194639,237.24964576778552
595201,İsmail Zehir,124999.9999999999,65673.51047033694,59326.489529662955,47.4611916237304
15039,Jonas Kamper,199999.99999999997,140640.55305796006,59359.44694203991,29.67972347101996
72736,Guillaume François,150000.00000000006,90610.59411572474,59389.405884275315,39.59293725618353
22386,Daniel Congré,199999.99999999997,140570.47489479155,59429.52510520842,29.714762552604213
74232,Matías Aguirregaray,100000.00000000004,159430.92080080122,59430.92080080118,59.430920800801154
1060220,Po-Chieh Hsu,25000.000000000004,84435.71778312893,59435.71778312893,237.74287113251566
42296,Damian Bellon,299999.99999999977,240561.60878225823,59438.39121774153,19.812797072580526
951960,Amine Daali,199999.99999999997,259455.8575124169,59455.85751241693,29.72792875620847
704714,Salah Basha,100000.00000000004,40501.6564395457,59498.34356045434,59.498343560454316
49730,Sebastian Jung,299999.99999999977,240480.92556956553,59519.07443043424,19.839691476811428
293964,Okan Baydemir,10000.00000000001,69548.07145638973,59548.07145638973,595.4807145638968
356736,Markus Soomets,349999.9999999997,409555.4327792451,59555.43277924537,17.015837936927262
441100,Qingshen Zeng,25000.000000000004,84583.29665182362,59583.29665182362,238.33318660729446
818955,Matteo Bassi,10000.00000000001,69603.44001808098,59603.44001808097,596.0344001808091
244152,Djalminha,299999.99999999977,240322.014305485,59677.98569451476,19.892661898171603
709159,Seong-hun Park,225000.00000000015,165295.6820378722,59704.31796212794,26.5352524276124
244792,Arkadiusz Najemski,249999.9999999998,190236.91973895425,59763.08026104554,23.905232104418236
425571,Carlos González,150000.00000000006,90195.96264533287,59804.03735466719,39.86935823644478
375391,Joel Asoro,899999.9999999995,959847.818927257,59847.81892725744,6.6497576585841625
515073,Magomed Magomedov,150000.00000000006,90151.16746760265,59848.83253239741,39.89922168826492
195002,Álvaro Ampuero,275000.0000000002,215147.45107486995,59852.54892513022,21.764563245501883
318457,Daniil Petrunin,175000.00000000012,115134.85244023651,59865.1475597636,34.20865574843632
70942,Manu Busto,150000.00000000006,209922.5189902049,59922.518990204844,39.94834599346988
191792,Craig Watson,150000.00000000006,209955.92216443238,59955.922164432326,39.9706147762882
33481,Gervinho,299999.99999999977,240043.6643683164,59956.33563168338,19.985445210561142
34412,Milan Smiljanic,50000.000000000015,110001.64510964192,60001.645109641904,120.00329021928377
75209,Igor Shitov,50000.000000000015,110003.77502909406,60003.775029094046,120.00755005818806
13702,Paul Heffernan,275000.0000000002,214970.43286842032,60029.56713157985,21.828933502392662
751995,Andriy Globa,50000.000000000015,110035.06747825659,60035.06747825658,120.0701349565131
442319,Richlord Ennin,150000.00000000006,210040.1652118411,60040.16521184103,40.026776807894
476101,Sergio Segura,150000.00000000006,89881.51733024322,60118.482669756835,40.078988446504546
631223,Antonio Aranda,199999.99999999997,139871.79307585603,60128.206924143946,30.064103462071976
110271,Mathias Bersang Sörensen,50000.000000000015,110141.8052647502,60141.80526475019,120.28361052950034
378351,Paul Bellón,999999.9999999997,939845.6257542797,60154.374245719984,6.015437424572
226545,Paul Antoche,199999.99999999997,139748.21370650464,60251.78629349533,30.125893146747668
467902,Saringkan Promsupa,299999.99999999977,360303.04583579657,60303.0458357968,20.10101527859895
207955,Arthur Irawan,124999.9999999999,185339.2560184738,60339.2560184739,48.27140481477915
64246,Yannick Thoelen,199999.99999999997,139645.49937241667,60354.5006275833,30.177250313791653
21332,Kevin McBride,275000.0000000002,214633.40439442746,60366.595605572715,21.951489311117335
228818,Mimoun Eloisghiri,75000.00000000004,135376.15750101104,60376.157501010995,80.50154333468129
70164,Christopher Knett,225000.00000000015,164612.40469822352,60387.59530177663,26.838931245234036
198976,Abou Diop,150000.00000000006,210403.34899112486,60403.3489911248,40.26889932741652
5856,Daniele Bonera,199999.99999999997,260465.7248676438,60465.72486764382,30.23286243382191
15821,Mert Nobre,50000.000000000015,110508.50559163929,60508.505591639274,121.01701118327853
171069,Tiago Lopes,75000.00000000004,135512.80540170055,60512.805401700505,80.68374053560062
27135,Piojo,249999.9999999998,310554.9673096106,60554.96730961083,24.22198692384435
111494,John Tshibumbu,299999.99999999977,239420.7498568633,60579.25014313648,20.19308338104551
65977,Aleksey Sapogov,50000.000000000015,110580.41827540359,60580.41827540357,121.16083655080712
112985,Jorginho,100000.00000000004,160586.1803603203,60586.18036032024,60.58618036032022
243293,Andrei Radu,199999.99999999997,139407.27106137635,60592.72893862362,30.296364469311815
933884,Antonis Papakanellos,499999.99999999977,439386.77979523427,60613.2202047655,12.122644040953105
147072,Yuriy Nesterenko,175000.00000000012,114364.75185047027,60635.24814952984,34.64871322830274
830057,Gábor Szalai,999999.9999999997,1060651.7022661623,60651.70226616261,6.065170226616263
122538,Anthony Mfa Mezui,100000.00000000004,160663.74907964224,60663.74907964219,60.66374907964216
666974,Mikayil Faye,4500000.000000002,4439316.772149312,60683.22785068955,1.3485161744597673
406151,Zé Pedro,3000000.000000001,3060716.8200135897,60716.82001358876,2.023894000452958
190853,Leon van Dijk,100000.00000000004,160733.90484436243,60733.90484436239,60.733904844362364
395870,Francesco Verde,124999.9999999999,64263.27667492246,60736.72332507744,48.58937866006199
285998,Ayrton Mboko,150000.00000000006,210770.19534629813,60770.195346298075,40.5134635641987
216661,Alexandru Crețu,349999.9999999997,289198.77354915394,60801.226450845774,17.37177898595595
1108459,Aleksandr Guboglo,349999.9999999997,289091.28475195635,60908.71524804336,17.402490070869543
35540,Víctor Casadesús,50000.000000000015,110935.10509670182,60935.10509670181,121.87021019340358
804817,Adrien Louveau,249999.9999999998,189057.8714902226,60942.12850977719,24.376851403910894
79276,Konstantinos Banousis,100000.00000000004,160943.2718868606,60943.27188686056,60.94327188686053
316750,Tosin Kehinde,749999.9999999998,811055.6985651158,61055.698565116036,8.14075980868214
51346,Michael Lang,199999.99999999997,261059.10832845533,61059.10832845536,30.529554164227683
374720,Christian Martínez,199999.99999999997,261074.20378983815,61074.20378983818,30.537101894919093
110268,Maka Mary,100000.00000000004,161127.78336286222,61127.783362862174,61.12778336286214
904723,Aiman Dardari,800000.0000000005,861170.3107691944,61170.31076919392,7.646288846149236
129390,Dmytro Ivanov,25000.000000000004,86191.57778746953,61191.577787469534,244.76631114987808
1112106,Emin Yakup Oktay,25000.000000000004,86226.16636354983,61226.166363549826,244.90466545419926
37933,Andrei Prepelita,199999.99999999997,138754.22083726182,61245.77916273815,30.62288958136908
745201,Aurélien Platret,100000.00000000004,161253.21501576336,61253.215015763315,61.25321501576329
154171,Benjamin Corgnet,199999.99999999997,261255.2970126402,61255.29701264022,30.627648506320114
491198,Naoki Tsubaki,449999.99999999994,388742.82455695706,61257.175443042885,13.612705654009533
84907,Mart Dijkstra,299999.99999999977,238727.1471411302,61272.85285886956,20.424284286289872
104607,Dmitriy Malyaka,75000.00000000004,136283.4650558214,61283.46505582136,81.71128674109511
104276,Sasa Markovic,50000.000000000015,111288.03378179875,61288.03378179873,122.57606756359742
633377,Kaique Rocha,999999.9999999997,938643.8328106031,61356.16718939657,6.1356167189396595
46154,Chris Martin,299999.99999999977,361381.0485671044,61381.04856710462,20.460349522368222
20865,Lars Winde,50000.000000000015,111482.2495098508,61482.24950985078,122.96449901970152
29544,Gunther Vanaudenaerde,100000.00000000004,161518.8832297386,61518.88322973855,61.51888322973853
63158,Vladislav Ryzhkov,75000.00000000004,136530.45530904687,61530.455309046825,82.04060707872905
398435,Kike Ríos,100000.00000000004,161566.41663132276,61566.41663132272,61.566416631322696
52576,Kazenga LuaLua,199999.99999999997,261603.981748607,61603.98174860704,30.801990874303524
340307,Tolaji Bola,150000.00000000006,211627.76987827357,61627.76987827351,41.08517991884899
52881,Marcus Vinícius,299999.99999999977,361630.53657905344,61630.536579053674,20.543512193017907
1246471,Ștefan Chirilă,150000.00000000006,211645.71201765147,61645.712017651414,41.09714134510093
59948,Yarema Kavatsiv,50000.000000000015,111658.67508207151,61658.675082071495,123.31735016414297
596096,Lefteris Bamis,50000.000000000015,111683.21113792133,61683.21113792132,123.36642227584261
476626,Gennadiy Kiselev,175000.00000000012,113246.62506997157,61753.37493002854,35.287642817159146
696028,Noah Pesch,600000.0000000003,538136.9097242114,61863.09027578891,10.310515045964813
104837,Iskandar Dzhalilov,150000.00000000006,211871.6071092939,61871.60710929384,41.247738072862546
704252,Jasper Meijster,25000.000000000004,86904.17613135026,61904.176131350265,247.61670452540102
301815,Lewis Enoh,225000.00000000015,163062.1032973264,61937.89670267375,27.527954090077206
1231353,Bas Evers,100000.00000000004,161955.36361270607,61955.36361270603,61.955363612706
543729,Márk Kosznovszky,150000.00000000006,87969.08778445999,62030.91221554007,41.353941477026694
634105,Alberto Marí,1499999.9999999986,1562099.2972157556,62099.29721575696,4.139953147717135
68211,Cenk Ahmet Alkilic,100000.00000000004,37887.41662468262,62112.58337531742,62.1125833753174
119291,Steffen Schäfer,124999.9999999999,187148.17510570947,62148.17510570957,49.7185400845677
200168,Diamante Crispino,50000.000000000015,112164.34879743318,62164.348797433166,124.32869759486628
427197,William Bianda,199999.99999999997,137827.4624206029,62172.53757939706,31.086268789698536
240365,Michele Somma,124999.9999999999,62817.97379516186,62182.02620483804,49.74562096387047
1184137,Yassin Tallal,50000.000000000015,112193.77944242388,62193.77944242387,124.38755888484769
100497,Alejandro González,50000.000000000015,112232.77522151943,62232.77522151942,124.4655504430388
496767,Juan José Perea,700000.0000000006,762273.3141667659,62273.31416676531,8.896187738109322
272634,Joris Mendy,100000.00000000004,162284.9165219322,62284.91652193216,62.28491652193213
33448,Cristian Rodríguez,25000.000000000004,87318.8675646924,62318.867564692395,249.27547025876953
932837,Erwin Bloj,199999.99999999997,262351.7806217353,62351.78062173535,31.175890310867683
264737,Simon van Zeelst,124999.9999999999,62599.971419941554,62400.028580058344,49.920022864046715
119256,Charlton Vicento,100000.00000000004,162426.8415653127,62426.84156531266,62.42684156531263
464753,Emanuele Zamarion,124999.9999999999,62544.842886251434,62455.157113748464,49.96412569099881
910181,Juzo Ura,100000.00000000004,162469.70984973706,62469.70984973702,62.46970984973699
172127,Tyronne,199999.99999999997,137526.19430013647,62473.8056998635,31.236902849931752
1184614,Ofosu Boakye,75000.00000000004,137496.8651242993,62496.865124299264,83.32915349906564
31741,Nicolas Feldhahn,124999.9999999999,187520.39764401788,62520.39764401798,50.01631811521443
474615,Juan Diego Giraldo,100000.00000000004,162613.11238410635,62613.11238410631,62.61311238410629
243668,Riccardo Calder,150000.00000000006,87336.81096902826,62663.1890309718,41.775459353981184
13051,Jonas De Roeck,50000.000000000015,112679.512784717,62679.51278471698,125.35902556943392
566349,Matty Daly,249999.9999999998,187320.35973637467,62679.64026362513,25.071856105450074
913955,Yadam Santana,25000.000000000004,87689.43588538999,62689.43588538999,250.7577435415599
993136,Mikkel Kannegaard,150000.00000000006,87296.34745365822,62703.65254634184,41.80243503089454
110028,Artem Chorniy,150000.00000000006,87292.03026506498,62707.969734935075,41.80531315662337
817338,Maksim Balakhonov,100000.00000000004,37222.06630679258,62777.933693207466,62.77793369320743
371343,Mehmet Secme,100000.00000000004,37217.941761936374,62782.05823806367,62.78205823806364
181113,Iker Undabarrena,399999.9999999999,337193.7764772321,62806.223522767774,15.701555880691947
696142,David Kubatta,399999.9999999999,337183.97835732106,62816.021642678825,15.70400541066971
1188908,Abdulrahman Al-Anazi,100000.00000000004,162827.17272775673,62827.17272775668,62.827172727756654
290171,Kyoung-rok Choi,399999.9999999999,462831.5787959658,62831.578795965936,15.70789469899149
157927,Sebastian Stolze,349999.9999999997,412841.5432589243,62841.54325892462,17.95472664540705
257536,Martin Smith,75000.00000000004,137858.11144208204,62858.111442081994,83.81081525610927
276586,Josimar Quintero,175000.00000000012,112053.69805057447,62946.301949425644,35.96931539967178
72120,Ertugrul Furkan,100000.00000000004,37048.93831935922,62951.06168064082,62.9510616806408
315287,Yusuf Türk,150000.00000000006,86996.2328058311,63003.76719416896,42.00251146277929
203914,Jeroen Lumu,124999.9999999999,188004.25771128942,63004.25771128952,50.40340616903166
447334,Jason Vega,124999.9999999999,188018.1787282762,63018.178728276296,50.41454298262108
182686,Anastasios Kantoutsis,124999.9999999999,188082.23474166615,63082.23474166625,50.465787793333035
379354,Adílio Varela,50000.000000000015,113086.59941317979,63086.59941317978,126.17319882635951
860078,Kaden Rodney,199999.99999999997,263094.5295437294,63094.52954372941,31.547264771864707
98543,Aslan Dudiev,124999.9999999999,188155.74722684256,63155.747226842665,50.52459778147417
703581,Egor Ushakov,100000.00000000004,163168.15005802672,63168.15005802667,63.168150058026654
286546,Jakob Meierhofer,199999.99999999997,263182.6295234732,63182.62952347324,31.591314761736623
587539,Humberto Acevedo,50000.000000000015,113208.56859468532,63208.568594685305,126.41713718937058
521412,Tim-Justin Dietrich,150000.00000000006,213239.86126009873,63239.86126009867,42.15990750673243
25035,Sergey Ryzhikov,50000.000000000015,113289.80323930072,63289.8032393007,126.57960647860136
536460,Andrea Ghezzi,199999.99999999997,263436.990825238,63436.99082523803,31.71849541261902
1406664,Oscar Surmay,50000.000000000015,113443.11391106917,63443.11391106916,126.88622782213828
74297,Gaël Kakuta,249999.9999999998,186502.55655979953,63497.443440200266,25.39897737608013
144935,Valeriy Gryshyn,50000.000000000015,113503.64759267446,63503.647592674446,127.00729518534885
135917,Nikolaj Hagelskjaer,199999.99999999997,136479.88941387224,63520.11058612773,31.76005529306387
286293,Edoardo Masciangelo,299999.99999999977,363608.0626160248,63608.06261602504,21.20268753867503
203764,Pierre-Yves Polomat,249999.9999999998,186363.63557682655,63636.36442317325,25.45454576926932
84970,Nathan Júnior,100000.00000000004,163667.4318447445,63667.43184474447,63.667431844744435
52585,James Troisi,199999.99999999997,136323.74039207964,63676.259607920336,31.838129803960175
284736,Morgan Ferrier,199999.99999999997,263712.708903588,63712.708903588034,31.856354451794022
91557,Nemanja Miletic,100000.00000000004,163720.31327591444,63720.31327591439,63.720313275914364
82878,Robin Szarka,100000.00000000004,163721.01896523853,63721.01896523849,63.721018965238464
756591,Samy Chouchane,249999.9999999998,313757.5270516905,63757.527051690704,25.5030108206763
27394,Alex Song,199999.99999999997,136190.958657326,63809.04134267397,31.90452067133699
251282,Dembel Sall,50000.000000000015,113934.9964411534,63934.99644115339,127.86999288230673
16628,Michael Stegmayer,249999.9999999998,186027.95126682322,63972.048733176576,25.588819493270655
74557,Raúl Baena,100000.00000000004,164012.04954163264,64012.0495416326,64.01204954163258
44726,Anders Jacobsen,25000.000000000004,89030.20841125486,64030.20841125486,256.1208336450194
88049,Ramón Ábila,25000.000000000004,89045.03385685374,64045.03385685374,256.18013542741494
279090,Samu Araújo,150000.00000000006,214101.32068581862,64101.32068581856,42.73421379054569
779970,Nikola Skrobonja,249999.9999999998,314176.68431922956,64176.68431922977,25.670673727691927
140967,Nikita Malyarov,25000.000000000004,89225.3825763729,64225.3825763729,256.9015303054916
212233,Aleksey Fedorov,25000.000000000004,89259.82209010789,64259.82209010789,257.0392883604315
774067,Igor Gorbach,399999.9999999999,335695.1027039571,64304.89729604276,16.076224324010695
623166,Nikolaos Somoglou,25000.000000000004,89317.34773902578,64317.347739025776,257.26939095610305
192886,Charles-Élie Laprevotte,199999.99999999997,264319.4661414326,64319.46614143261,32.159733070716314
32387,Baptiste Ulens,349999.9999999997,285671.756332454,64328.24366754573,18.379498190727368
127706,Hossam Hassan,100000.00000000004,164470.84075836404,64470.84075836399,64.47084075836396
30747,Emiliano Armenteros,150000.00000000006,214488.2347844613,64488.23478446124,42.99215652297414
379093,Jorge Vilela,199999.99999999997,135505.75346201146,64494.24653798851,32.24712326899426
196860,Jordan Botaka,349999.9999999997,285474.1948778538,64525.80512214592,18.435944320613135
586229,Jannik Horz,50000.000000000015,114538.20089142096,64538.200891420944,129.07640178284186
176850,A.J. Soares,299999.99999999977,235457.7142634909,64542.28573650887,21.514095245502972
358753,Patrick Asmah,50000.000000000015,114583.47584793925,64583.47584793923,129.16695169587842
45370,Fernando Alexandre,25000.000000000004,89618.04667778454,64618.04667778454,258.47218671113814
136169,Andy Boyle,100000.00000000004,164677.57796576727,64677.577965767225,64.6775779657672
351977,João Sousa,75000.00000000004,139696.59181986877,64696.59181986873,86.26212242649159
1131973,Jack Porter,299999.99999999977,235298.43052313503,64701.56947686474,21.567189825621597
746554,Thierry Small,600000.0000000003,535279.9921590163,64720.007840984035,10.786667973497332
647456,Jay Barnett,449999.99999999994,514751.7038835966,64751.70388359664,14.389267529688144
404844,Tymofiy Sukhar,75000.00000000004,139807.48024463851,64807.48024463847,86.40997365951792
193142,Mathieu Michel,399999.9999999999,335170.18170138943,64829.81829861045,16.20745457465262
63899,Josef Husbauer,150000.00000000006,214832.72981291343,64832.72981291337,43.221819875275564
84318,Paolo Hurtado,225000.00000000015,160135.6576925395,64864.34230746064,28.828596581093603
53424,Björn Kluft,75000.00000000004,139949.77826332836,64949.77826332832,86.59970435110438
258188,Rolando Aarons,249999.9999999998,185030.56235944977,64969.43764055002,25.98777505622003
176591,Jota Peleteiro,1800000.000000001,1864990.0770682935,64990.077068292536,3.610559837127361
58813,Mickaël Antoine-Curier,100000.00000000004,164991.0500135212,64991.05001352115,64.99105001352112
1249850,Oleksandr Zhovtenko,249999.9999999998,315013.2960553696,65013.29605536981,26.005318422147944
538416,Terrence Mashego,600000.0000000003,665047.0920135898,65047.092013589456,10.841182002264903
580277,Gianluca Schäfer,75000.00000000004,140087.55097267142,65087.55097267138,86.78340129689512
346767,Gustavo Tocantins,249999.9999999998,184888.67911607682,65111.32088392298,26.044528353569213
220647,Pol Fernández,349999.9999999997,284876.7255200205,65123.27447997918,18.606649851422638
87536,Emiliano Romero,299999.99999999977,234876.41467870635,65123.585321293416,21.70786177376449
14951,Stéphane Darbion,299999.99999999977,234786.61225237313,65213.387747626635,21.737795915875562
990146,Joyeux Masanka Bungi,399999.9999999999,465226.5190475167,65226.519047516806,16.306629761879208
56693,Raffaele Bianco,175000.00000000012,109714.18277365834,65285.81722634178,37.306181272195275
674692,David Devine,25000.000000000004,90316.69286917939,65316.69286917939,261.2667714767175
12732,James Fowler,100000.00000000004,165328.41342229524,65328.4134222952,65.32841342229517
894580,Keny Mbala,50000.000000000015,115329.75029093218,65329.75029093216,130.65950058186428
1302546,Baye Assane Ciss,225000.00000000015,159664.30562754002,65335.69437246013,29.038086387760035
216639,Fousseni Bamba,249999.9999999998,184610.51348712566,65389.48651287414,26.155794605149673
406806,Emil Bohinen,1299999.9999999993,1234549.1565438304,65450.84345616889,5.034680265859148
20838,Hans Henrik Andreasen,199999.99999999997,134536.05077003394,65463.949229966034,32.731974614983024
477923,Jug Stanojev,850000.0000000005,915487.2309652417,65487.23096524121,7.704380113557785
101500,Matej Vydra,600000.0000000003,665521.2615596076,65521.26155960723,10.920210259934532
435776,Laurens Symons,25000.000000000004,90572.87473528548,65572.87473528548,262.2914989411419
32029,Dorian Dervite,249999.9999999998,315580.68814805255,65580.68814805275,26.232275259221122
825588,Hubert Zwoźny,299999.99999999977,365620.48784880736,65620.48784880759,21.873495949602546
14523,Konstantinos Barbas,199999.99999999997,134365.73152292683,65634.26847707314,32.817134238536575
33718,François Marque,25000.000000000004,90685.80432034089,65685.80432034089,262.7432172813635
1018175,Zwe Khant Min,75000.00000000004,140701.1617567615,65701.16175676144,87.60154900901522
322873,İrfan Can Eğribayat,1200000.0000000005,1265746.120577107,65746.12057710649,5.478843381425539
815651,Kalani Almeida,25000.000000000004,90787.14412703514,65787.14412703514,263.1485765081405
326590,Scott Allardice,249999.9999999998,184207.96123269387,65792.03876730593,26.316815506922392
644272,Alejandro Organista,999999.9999999997,934204.320120608,65795.67987939168,6.57956798793917
269351,Maksym Kuchynskyi,124999.9999999999,59102.01015167284,65897.98984832707,52.7183918786617
244067,Wade Joyce,50000.000000000015,115946.60735341259,65946.60735341258,131.89321470682512
274466,Kubilay Aktas,150000.00000000006,83902.86531910505,66097.134680895,44.06475645392999
480452,Hicham Acheffay,199999.99999999997,133870.2188993112,66129.78110068876,33.06489055034439
125546,Claudio Rivero,75000.00000000004,141130.75452622978,66130.75452622974,88.17433936830626
252056,Akin Alkan,124999.9999999999,58814.93965867552,66185.06034132438,52.94804827305954
1198211,Albert Rrahmani,50000.000000000015,116185.61790145401,66185.617901454,132.37123580290796
332132,Valeriy Rogozynskyi,249999.9999999998,183776.53705376684,66223.46294623296,26.489385178493208
495918,Dmytro Semenov,399999.9999999999,466266.4548067514,66266.45480675151,16.56661370168788
828341,Jeffrey Adjei-Broni,299999.99999999977,366275.3039065652,66275.30390656542,22.091767968855155
5980,Luca Toni,999999.9999999997,933710.4146425058,66289.58535749384,6.628958535749387
247263,Liam Grimshaw,124999.9999999999,191365.03300088734,66365.03300088744,53.092026400710004
342346,Dimitrios Chantakias,299999.99999999977,233623.71386515722,66376.28613484255,22.1254287116142
282435,David Tejero,100000.00000000004,166404.2651283398,66404.26512833974,66.40426512833972
610323,Willads Delvin,50000.000000000015,116406.90067098144,66406.90067098143,132.8138013419628
605627,Pavel Kaloshin,50000.000000000015,116430.75101692123,66430.75101692122,132.86150203384238
243042,Paulo Loureiro,50000.000000000015,116442.74218999135,66442.74218999133,132.8854843799826
439343,João Figueiredo,1200000.0000000005,1133529.280867095,66470.71913290536,5.5392265944087775
241378,Jordy Bruijn,299999.99999999977,233440.61329394986,66559.3867060499,22.186462235349985
369367,Joackim Fagerjord,399999.9999999999,333363.93757183105,66636.06242816884,16.659015607042214
20052,Júlio Sérgio,100000.00000000004,166639.93877569662,66639.93877569657,66.63993877569654
43734,Paul McGowan,175000.00000000012,108336.56404818008,66663.43595182004,38.09339197246857
462162,Abdullah Khateeb,349999.9999999997,283279.329708704,66720.67029129568,19.063048654655926
70544,Jacob Schoop,150000.00000000006,83215.09540395411,66784.90459604595,44.52326973069728
20750,Christos Bourbos,100000.00000000004,166788.09850594256,66788.09850594251,66.78809850594249
126625,Juankar,199999.99999999997,133168.4009998754,66831.59900012458,33.41579950006229
166735,Kirill Kostin,50000.000000000015,116840.40694828614,66840.40694828612,133.6808138965722
57196,Francis N'Ganga,50000.000000000015,116869.58055620203,66869.58055620201,133.739161112404
68523,Musa Nizam,124999.9999999999,58111.80267815794,66888.19732184196,53.51055785747361
955263,Kévin Pedro,100000.00000000004,166961.3765305844,66961.37653058437,66.96137653058433
12836,Lee Mair,225000.00000000015,291994.1438392985,66994.14383929837,29.775175039688147
522142,Mikhail Volkov,25000.000000000004,91995.05791511256,66995.05791511256,267.98023166045016
169931,Conor Brennan,50000.000000000015,117072.63205674279,67072.63205674278,134.1452641134855
806948,Frank Feller,800000.0000000005,867162.0114391401,67162.0114391396,8.395251429892445
693312,Elias Damergy,150000.00000000006,82785.84384184933,67214.15615815073,44.809437438767134
228846,Yuriy Solomka,150000.00000000006,82750.73037302878,67249.26962697128,44.83284641798083
392048,Erald Lakti,225000.00000000015,157728.36245178018,67271.63754821997,29.898505576986633
317442,Mark Grosse,399999.9999999999,332630.9973675754,67369.00263242447,16.842250658106124
321934,Silvério,225000.00000000015,157628.32672738584,67371.67327261431,29.942965898939672
76852,Renato Santos,150000.00000000006,217404.42956492663,67404.42956492657,44.936286376617694
33926,Christian Nadé,100000.00000000004,167490.09404897116,67490.09404897112,67.49009404897109
192750,Farid El Alagui,225000.00000000015,157495.00496994564,67504.9950300545,30.00222001335754
700643,Martin Turk,299999.99999999977,367518.1885376209,67518.18853762111,22.50606284587372
518854,Valance Nambishi,150000.00000000006,82449.45989569953,67550.54010430053,45.033693402866994
348520,Vincenzo Plescia,100000.00000000004,167559.36402197854,67559.3640219785,67.55936402197847
290508,Pedro Pacheco,399999.9999999999,467592.97834560473,67592.97834560485,16.89824458640122
707146,Farhan Zulkifli,124999.9999999999,192642.70931245998,67642.70931246008,54.11416744996811
48930,Pelé,100000.00000000004,167670.2926539334,67670.29265393336,67.67029265393333
36756,Miguel Pallardó,249999.9999999998,317680.8997256324,67680.8997256326,27.07235989025306
128407,Jacob Egeris,50000.000000000015,117690.26250965458,67690.26250965457,135.38052501930912
136749,Amiri Kurdi,124999.9999999999,192729.2726360459,67729.27263604601,54.18341810883685
89461,Samba Sow,199999.99999999997,267779.83769758645,67779.83769758648,33.88991884879324
802542,Aksel Halsgaard,150000.00000000006,82156.96129067952,67843.03870932054,45.22869247288034
223881,Anton Andreasson,249999.9999999998,182152.82263595896,67847.17736404084,27.138870945616354
464984,Tobias Damsgaard,25000.000000000004,92857.24167414133,67857.24167414133,271.4289666965653
44060,Vusumuzi Nyoni,199999.99999999997,132115.72637952963,67884.27362047034,33.942136810235176
120144,Yevgen Budnik,100000.00000000004,167897.55310094857,67897.55310094853,67.8975531009485
52524,Antonijo Jezina,199999.99999999997,132102.01170824975,67897.98829175023,33.94899414587512
36235,Petar Zanev,10000.00000000001,77965.50170495006,67965.50170495005,679.6550170494999
351837,Elohim Rolland,249999.9999999998,181999.5726860201,68000.42731397969,27.200170925591898
214621,Simon Sandberg,449999.99999999994,381994.73543816555,68005.2645618344,15.112281013740978
153067,Junior Kabananga,100000.00000000004,168032.23806156198,68032.23806156193,68.0322380615619
361262,Ercan Sirin,10000.00000000001,78074.92447484669,68074.92447484667,680.749244748466
479646,Rodrigo Valente,199999.99999999997,268076.8118510747,68076.81185107472,34.03840592553736
291128,Mohamed Mara,150000.00000000006,218091.37904966009,68091.37904966003,45.39425269977333
334437,Aleksandr Kuznetsov,150000.00000000006,81855.85050450219,68144.14949549787,45.429432996998564
196842,Daniel Zeaiter,75000.00000000004,143196.77886625522,68196.77886625518,90.92903848834018
148809,Barnabás Bese,299999.99999999977,231784.27875909035,68215.72124090942,22.738573746969827
93728,Faycal Lebbihi,349999.9999999997,418260.24499589275,68260.24499589304,19.50292714168374
136135,Matteo Solini,249999.9999999998,318281.5388035636,68281.53880356383,27.312615521425553
568373,Aimé Omgba,999999.9999999997,1068322.5181046552,68322.51810465555,6.832251810465557
179896,Antonio Milic,499999.99999999977,431662.4537005303,68337.54629946948,13.667509259893903
42733,Fazli Kocabas,100000.00000000004,168430.23999840813,68430.23999840808,68.43023999840806
676363,Min-jun Kim,249999.9999999998,181565.41037482736,68434.58962517243,27.373835850068996
13122,Manuel José,75000.00000000004,143520.7535480612,68520.75354806117,91.36100473074818
121385,Grant Hanley,199999.99999999997,268546.6428553346,68546.64285533465,34.273321427667334
238541,Bastian Kurz,124999.9999999999,193548.36358270203,68548.36358270214,54.838690866161755
246063,Philipp Schmiedl,299999.99999999977,231445.8914679104,68554.10853208936,22.851369510696472
1308212,Athanasios Papathanasiou-Gerofokas,50000.000000000015,118611.29344613818,68611.29344613817,137.2225868922763
1026866,Tobias Lykkebak,25000.000000000004,93660.91226733045,68660.91226733045,274.6436490693218
44956,Nicolás Canales,249999.9999999998,181332.7595062112,68667.24049378859,27.466896197515457
1263857,Adrian Dragoș,25000.000000000004,93684.64935929234,68684.64935929234,274.7385974371693
530801,Furkan Yildirim,10000.00000000001,78714.30930990446,68714.30930990445,687.1430930990439
585325,Hussein Ali,399999.9999999999,468811.7689799152,68811.7689799153,17.202942244978832
1049797,Kadir Gicic,100000.00000000004,168844.20176599149,68844.20176599144,68.84420176599141
806792,Rayan Djédjé,175000.00000000012,106152.45364571623,68847.54635428388,39.341455059590764
430482,Sergey Eshchenko,150000.00000000006,81144.94967919933,68855.05032080073,45.9033668805338
138408,Davor Blazevic,175000.00000000012,243894.49938191928,68894.49938191916,39.36828536109663
378871,Carlos Coronel,1499999.9999999986,1568942.1323159854,68942.13231598679,4.596142154399123
390376,Muhammet Özvardar,25000.000000000004,94091.8483064007,69091.8483064007,276.36739322560277
352847,Mauro Cerqueira,100000.00000000004,169097.0867633306,69097.08676333055,69.09708676333052
639698,Jae-won Shin,275000.0000000002,205901.42072118027,69098.5792788199,25.12675610138904
113025,Zé Manuel,100000.00000000004,169106.7149317708,69106.71493177077,69.10671493177074
1013087,Matej Malensek,375000.00000000006,444156.45714197046,69156.4571419704,18.441721904525437
639120,Jin-yong Lee,349999.9999999997,419165.4231829078,69165.4231829081,19.7615494808309
344323,Patrik Myslovic,349999.9999999997,419197.6051865658,69197.60518656607,19.770744339018893
71401,Rodolfo Cota,199999.99999999997,130784.39839673089,69215.60160326908,34.607800801634546
46121,Nikola Petkovic,50000.000000000015,119247.92449302,69247.92449301998,138.49584898603993
1067266,Liam MacKenzie,199999.99999999997,269293.1394670255,69293.13946702555,34.646569733512784
429449,Salah Al-Yahyaei,299999.99999999977,230693.17293803437,69306.82706196539,23.102275687321814
524839,Andrey Danilov,100000.00000000004,169313.37381007845,69313.37381007841,69.31337381007839
34593,Serdar Tasci,150000.00000000006,219403.09314521283,69403.09314521277,46.26872876347517
805503,Fabian Rossdorfer,499999.99999999977,430575.01431668195,69424.98568331782,13.884997136663571
27487,Francisco Molinero,150000.00000000006,80555.24817542723,69444.75182457283,46.29650121638187
45331,Brian Easton,199999.99999999997,130519.6269205847,69480.37307941527,34.74018653970764
81876,Joseph Mills,299999.99999999977,230487.3594192124,69512.64058078738,23.17088019359581
851573,Sanad Elkouri,75000.00000000004,144561.98316824404,69561.983168244,92.74931089099195
562671,Talys,299999.99999999977,230429.3166430078,69570.68335699197,23.190227785664007
690665,Robbin Weijenberg,199999.99999999997,130426.47150514921,69573.52849485076,34.78676424742538
253045,Cristian Cangá,275000.0000000002,205424.33902270166,69575.66097729851,25.30024035538126
1038067,Julien Vetro,199999.99999999997,130276.2494199949,69723.75058000507,34.861875290002544
419576,Osman Kakay,225000.00000000015,294727.81026647316,69727.81026647301,30.990137896210207
229826,Elliot Lee,600000.0000000003,530260.3566038798,69739.64339612052,11.623273899353412
642931,Ye Min Thu,124999.9999999999,194769.83008182546,69769.83008182557,55.815864065460495
88909,Riccardo Saponara,700000.0000000006,630227.559511706,69772.44048829458,9.967491498327789
30802,Óscar Díaz,100000.00000000004,169797.04652685818,69797.04652685813,69.7970465268581
35265,Ibrahim Dagasan,299999.99999999977,230162.4469747206,69837.55302527917,23.27918434175974
584548,Theodosis Macheras,399999.9999999999,469853.814619614,69853.8146196141,17.463453654903528
140214,Leandro Díaz,399999.9999999999,330113.2302108415,69886.76978915837,17.4716924472896
471938,Alfie Agyeman,100000.00000000004,169896.58233769514,69896.5823376951,69.89658233769507
71302,Gianluca Musacci,50000.000000000015,119904.26088337274,69904.26088337273,139.8085217667454
67072,Ilias Michalopoulos,199999.99999999997,130087.06855373023,69912.93144626974,34.95646572313487
86918,Kostadin Gadzhalov,50000.000000000015,119918.96824010658,69918.96824010657,139.8379364802131
429730,Geon-ung Kim,399999.9999999999,330057.9322144729,69942.06778552698,17.48551694638175
747112,Bora Cuha,100000.00000000004,30011.57357036108,69988.42642963896,69.98842642963893
646357,Tae-hwan Kim,399999.9999999999,329978.5191781727,70021.4808218272,17.505370205456803
1110143,Diego Mastrángelo,75000.00000000004,145037.7494219404,70037.74942194035,93.38366589592042
23366,Eros Schiavon,25000.000000000004,95060.8594099584,70060.8594099584,280.24343763983353
1110453,Markus Walker,399999.9999999999,329896.325818221,70103.67418177886,17.525918545444718
391921,Namakoro Diallo,150000.00000000006,220293.7549978227,70293.75499782263,46.86250333188173
60191,Maksim Lepskiy,150000.00000000006,220296.9061345099,70296.90613450983,46.8646040896732
858644,Si-young Jang,199999.99999999997,270310.46734607994,70310.46734607997,35.15523367303999
53231,Diego Cavalieri,199999.99999999997,129679.72866962702,70320.27133037295,35.16013566518648
57420,Lamine Koné,150000.00000000006,220330.09956968477,70330.09956968471,46.886733046456456
293735,Leon Jones,150000.00000000006,220347.59087682082,70347.59087682076,46.89839391788049
242661,Manolis Saliakas,2000000.0000000016,1929634.238264289,70365.76173571264,3.5182880867856294
53306,Guy Ndy Assembé,75000.00000000004,145384.58430117957,70384.58430117952,93.84611240157264
68645,Martín Montoya,349999.9999999997,420451.77571205253,70451.77571205283,20.12907877487225
238989,Antonio Romano,150000.00000000006,220500.13420507018,70500.13420507012,47.00008947004673
134371,Wágner,25000.000000000004,95517.10303956021,70517.10303956021,282.0684121582408
503884,Allan Delferriere,299999.99999999977,229472.394851623,70527.60514837678,23.50920171612561
4796,Kader Mangane,499999.99999999977,429464.5964767336,70535.40352326614,14.107080704653235
203418,Crespo Kamara,100000.00000000004,170554.74476025664,70554.7447602566,70.55474476025655
704711,Raed Jaziri,10000.00000000001,80588.46576564442,70588.4657656444,705.8846576564433
827950,Ousmane Camara,150000.00000000006,220664.90780676683,70664.90780676677,47.1099385378445
35513,Arthuro,50000.000000000015,120668.12181918246,70668.12181918244,141.33624363836486
158488,Manoel,100000.00000000004,170679.92271061582,70679.92271061578,70.67992271061576
267882,Ezequiel Cerutti,150000.00000000006,220727.87542814566,70727.8754281456,47.151916952097054
129579,Glenn Claes,150000.00000000006,220785.40242326556,70785.4024232655,47.19026828217699
374882,Alberk Koç,249999.9999999998,179204.564459185,70795.4355408148,28.318174216325943
272619,Romain Cagnon,100000.00000000004,170795.59450259575,70795.5945025957,70.79559450259568
255436,Mansour Diop,199999.99999999997,129186.75472013096,70813.245279869,35.40662263993451
29692,Lukasz Fabianski,150000.00000000006,79183.98758629577,70816.01241370429,47.2106749424695
282407,Wayde Jooste,50000.000000000015,120856.98049949808,70856.98049949807,141.7139609989961
25841,Eduardo Brito,50000.000000000015,120906.36880953152,70906.3688095315,141.81273761906297
664809,Isak Dybvik Määttä,1499999.9999999986,1570962.642460906,70962.64246090734,4.73084283072716
52746,Nill De Pauw,299999.99999999977,229022.02915815558,70977.97084184419,23.65932361394808
45335,Alberto Bueno,150000.00000000006,79013.7115477211,70986.28845227895,47.32419230151928
203746,Ruben Aguilar,2499999.9999999995,2428953.574798995,71046.42520100437,2.8418570080401757
806170,Aboubacar Camara,249999.9999999998,178927.84208288108,71072.15791711872,28.428863166847513
671734,Wouter Prins,449999.99999999994,521092.5142326297,71092.51423262974,15.798336496139942
111376,Massimo Bruno,199999.99999999997,271102.8583029801,71102.85830298011,35.55142915149006
171412,Abdelkarim Hassan,399999.9999999999,471189.75572268164,71189.75572268176,17.797438930670445
94288,Niels Bisp Rasmussen,199999.99999999997,128792.17219957871,71207.82780042126,35.603913900210635
209499,Ahmed Asiri,75000.00000000004,146209.40052848216,71209.40052848212,94.94586737130943
165711,Erkan Kas,175000.00000000012,103736.69484919473,71263.30515080539,40.72188865760305
15250,Njogu Demba-Nyrén,199999.99999999997,128709.2684228117,71290.73157718827,35.64536578859414
951958,James Bayliss,175000.00000000012,246338.8747888357,71338.87478883559,40.76507130790602
724770,Matthew Ellis,175000.00000000012,246346.95732547346,71346.95732547334,40.76968990027045
284744,Fernando Russi,100000.00000000004,171379.69488387305,71379.694883873,71.37969488387297
251447,Eric Veiga,175000.00000000012,246406.7567048334,71406.75670483327,40.803860974190414
199584,Gianluca Austoni,25000.000000000004,96438.62803922451,71438.62803922451,285.754512156898
65966,Aleksandr Kolomeytsev,499999.99999999977,428534.7570820412,71465.24291795859,14.293048583591725
733994,Mehedi Hasan,124999.9999999999,196491.18605236232,71491.18605236242,57.19294884188998
587297,Dion Vlak,25000.000000000004,96505.84096186263,71505.84096186263,286.02336384745047
404705,Adrián Szőke,199999.99999999997,128472.44556522268,71527.5544347773,35.76377721738865
112578,John Chibuike,199999.99999999997,128457.00959824286,71542.99040175711,35.77149520087856
1451255,Sultan Al-Anzi,50000.000000000015,121545.59479558766,71545.59479558765,143.09118959117527
27303,Gerson Magrão,199999.99999999997,128341.95310881454,71658.04689118543,35.82902344559272
217513,Arsen Beglaryan,199999.99999999997,128325.28154719179,71674.71845280819,35.8373592264041
283001,Noah Joel Sarenren Bazee,499999.99999999977,428291.4179767818,71708.58202321798,14.341716404643604
472224,Felix Irorere,199999.99999999997,128260.54439304331,71739.45560695666,35.869727803478334
573420,Vladimir Radocaj,600000.0000000003,528216.5623208227,71783.43767917762,11.963906279862929
952730,Kiko,299999.99999999977,371797.0688125021,71797.06881250232,23.932356270834124
892025,Anton Salabay,600000.0000000003,528095.1801870343,71904.81981296604,11.984136635494334
470811,Neta Lavi,800000.0000000005,871943.3219437988,71943.32194379834,8.992915242974785
265266,Gautam Kalpoe,25000.000000000004,96995.40955822922,71995.40955822922,287.98163823291685
526434,Tor Erik Larsen,199999.99999999997,272000.18320958683,72000.18320958686,36.00009160479343
5676,Olivier Sorlin,249999.9999999998,322009.1751706828,72009.17517068298,28.803670068273217
381965,Joachim Carcela-Gonzalez,249999.9999999998,177974.57846737964,72025.42153262015,28.81016861304808
747596,Carlos Mejía,299999.99999999977,227974.43147867155,72025.56852132821,24.008522840442755
668684,Konstantinos Lampsias,50000.000000000015,122078.87051250525,72078.87051250524,144.1577410250104
497143,Ashley Maynard-Brewer,299999.99999999977,227913.2705642226,72086.72943577718,24.028909811925743
187245,Mitchell Dijks,850000.0000000005,777911.5955346685,72088.40446533193,8.48098876062728
1054542,Dida,199999.99999999997,272097.7202734301,72097.72027343014,36.04886013671508
415454,Keba Coly,25000.000000000004,97136.94445475959,72136.94445475959,288.5477778190383
22131,Jaime Valdés,150000.00000000006,77862.7056326644,72137.29436733566,48.091529578223756
226102,Frane Vojkovic,50000.000000000015,122164.49438920664,72164.49438920662,144.3289887784132
277272,Kjetil Borry,249999.9999999998,177832.6539791941,72167.34602080571,28.866938408322305
627219,Will Reilly,399999.9999999999,472173.8769355115,72173.8769355116,18.043469233877904
961770,Shekh Morsalin,175000.00000000012,102736.4166367438,72263.58336325632,41.29347620757501
109197,Márton Eppel,150000.00000000006,222339.20265016428,72339.20265016422,48.22613510010946
352659,Batuhan Şen,199999.99999999997,127633.54084672879,72366.45915327118,36.1832295766356
859923,Cédric Nuozzi,800000.0000000005,727619.334609548,72380.66539045249,9.047583173806556
934529,Kelven Frees,499999.99999999977,427608.64165342605,72391.35834657372,14.478271669314749
293063,Kamil Wojtkowski,100000.00000000004,172394.219897428,72394.21989742796,72.39421989742793
297064,Francesco Bonfiglio,124999.9999999999,52560.578456112395,72439.4215438875,57.95153723511004
867763,Aidan Simmons,349999.9999999997,277519.7986134344,72480.20138656528,20.708628967590098
171402,Arturo Rodríguez,150000.00000000006,77473.109668121,72526.89033187905,48.35126022125269
29056,César Navas,100000.00000000004,172556.41367998137,72556.41367998133,72.55641367998129
619468,Joseph Akomadi,199999.99999999997,127436.67784104905,72563.32215895092,36.28166107947546
103667,Nicolai Lorenzoni,75000.00000000004,147575.61084411648,72575.61084411644,96.76748112548853
72310,Javi López,199999.99999999997,127391.73928048041,72608.26071951956,36.30413035975978
61362,Matteo Vitaioli,25000.000000000004,97639.15818941579,72639.15818941579,290.5566327576631
330174,Scott Martin,275000.0000000002,202348.0986320544,72651.90136794577,26.418873224707536
106825,Enzo Zidane,249999.9999999998,177300.14857195254,72699.85142804726,29.079940571218927
164593,Abdulrahman Ghareeb,899999.9999999995,827295.3172133204,72704.68278667913,8.078298087408795
273051,Ron Janzen,150000.00000000006,77260.12354695563,72739.87645304443,48.493250968696266
1159736,Vadym Stashkiv,150000.00000000006,77139.17414180955,72860.82585819051,48.57388390546032
51574,Mario Martínez,50000.000000000015,122882.04149302848,72882.04149302846,145.76408298605688
874119,Furkan Ceylan,124999.9999999999,52058.32849606541,72941.67150393449,58.35333720314764
1004336,Sung-hoon Kwak,50000.000000000015,122982.23191410778,72982.23191410776,145.9644638282155
9779,Vitaliy Reva,199999.99999999997,126917.97342365659,73082.02657634339,36.5410132881717
277111,Jorginho,299999.99999999977,373096.2603398111,73096.26033981133,24.36542011327046
113052,Leandro Kappel,100000.00000000004,173108.01632367223,73108.01632367219,73.10801632367216
216608,Alaaddin Okumuş,100000.00000000004,173127.48983462888,73127.48983462884,73.12748983462882
813106,Lukas Wagner,199999.99999999997,126867.78358202578,73132.2164179742,36.5661082089871
99003,Odise Roshi,249999.9999999998,323192.6403090178,73192.640309018,29.27705612360722
449590,Josias Lukembila,600000.0000000003,526800.160267646,73199.83973235439,12.199973288725724
855842,Marvin Dewaele,50000.000000000015,123216.47951425909,73216.47951425907,146.4329590285181
602861,Daniel Green,199999.99999999997,273240.42413066677,73240.4241306668,36.620212065333405
1072738,Tómas Óli Kristjánsson,150000.00000000006,223242.33338743658,73242.33338743652,48.82822225829099
339559,Pedro Monteiro,249999.9999999998,176752.66247756363,73247.33752243617,29.298935008974492
347824,Mateus Anderson,199999.99999999997,273266.6666245279,73266.66662452792,36.633333312263964
217474,Young-kyu Ahn,175000.00000000012,101728.37692722419,73271.62307277592,41.86949889872908
55421,Anton Sosnin,75000.00000000004,148280.9765120315,73280.97651203147,97.70796868270857
829874,Lilian Raolisoa,4000000.0000000005,4073289.4931527334,73289.49315273296,1.8322373288183238
211148,Jesper Nyholm,150000.00000000006,223323.8298644337,73323.82986443365,48.882553242955744
228791,Conor Wilkinson,124999.9999999999,198353.3621634736,73353.36216347369,58.682689730779
37712,Daniel Carriço,150000.00000000006,223385.77274826876,73385.7727482687,48.923848498845786
101922,Fabio Pisacane,299999.99999999977,226586.2421403568,73413.75785964297,24.471252619881007
487194,Pathy Malumandsoko,150000.00000000006,223453.43770375566,73453.4377037556,48.96895846917038
702662,Adrián Verde,150000.00000000006,76540.30248420549,73459.69751579457,48.97313167719636
19987,Matías Sánchez,10000.00000000001,83489.54717227026,73489.54717227025,734.8954717227018
471638,Emiliano Purita,199999.99999999997,273490.4402077481,73490.44020774812,36.74522010387407
378954,Joris Gnagnon,299999.99999999977,226488.26594496742,73511.73405503234,24.503911351677466
564544,Pedro Amador,850000.0000000005,776454.6032397053,73545.39676029515,8.652399618858247
241687,Andriy Mishchenko,175000.00000000012,101432.72482929732,73567.2751707028,42.038442954687284
82112,Julian Riedel,249999.9999999998,176416.50264413218,73583.49735586761,29.433398942347072
430483,Danil Pelikh,175000.00000000012,101396.09282170344,73603.90717829668,42.05937553045522
949273,Giacomo Benvenuti,50000.000000000015,123642.0405239019,73642.04052390189,147.28408104780374
52891,Taner Yalcin,25000.000000000004,98685.78366431077,73685.78366431077,294.74313465724305
48601,Rene Mihelic,100000.00000000004,173731.56611392202,73731.56611392197,73.73156611392194
40456,Sandro Sirigu,124999.9999999999,198752.1518952505,73752.15189525062,59.00172151620055
1001354,Brad Tapp,499999.99999999977,426240.45685085707,73759.5431491427,14.751908629828547
205976,Emre Selen,10000.00000000001,83772.57876939785,73772.57876939783,737.7257876939777
265978,Papito Merencia,150000.00000000006,76211.85007654881,73788.14992345124,49.192099948967474
73138,Pau Cendrós,50000.000000000015,123789.46493146576,73789.46493146574,147.57892986293143
1018784,Adrian Svanbäck,1200000.0000000005,1126205.352792237,73794.64720776351,6.1495539339802905
401802,Danilo Ventola,50000.000000000015,123808.99795805755,73808.99795805753,147.617995916115
37677,David Goodwillie,449999.99999999994,376045.835360247,73954.16463975294,16.434258808833988
80877,Jarno Molenberghs,349999.9999999997,423954.2932749654,73954.29327496572,21.129798078561652
352934,Emanuel Novo,199999.99999999997,125968.88477801737,74031.1152219826,37.01555761099131
189186,Alim Öztürk,449999.99999999994,375904.978921935,74095.02107806492,16.465560239569985
278553,Dimitri Cavaré,175000.00000000012,249099.78840536383,74099.78840536371,42.34273623163638
43404,Oleksiy Chychykov,124999.9999999999,50894.153080077755,74105.84691992214,59.28467753593777
413494,Elton N'Gwatala,299999.99999999977,225889.8541453336,74110.14585466616,24.703381951555407
646896,Vladislav Yakovlev,225000.00000000015,299199.8839045444,74199.88390454426,32.97772617979743
344809,Samuel Dancak,349999.9999999997,424245.48207874334,74245.48207874363,21.212994879641055
410735,Jamie Jacobs,324999.9999999999,250691.03782781513,74308.96217218475,22.86429605297993
24951,Hélder Sousa,150000.00000000006,75687.59352547272,74312.40647452734,49.54160431635154
948135,Elias Lorenz,175000.00000000012,249316.88652028824,74316.88652028813,42.46679229730747
113083,Asterios Giakoumis,75000.00000000004,149358.88835988913,74358.88835988908,99.14518447985205
93561,Marco Aulbach,50000.000000000015,124388.66196645648,74388.66196645646,148.77732393291288
1271537,Haine Eames,399999.9999999999,325562.6099810688,74437.39001893107,18.609347504732774
1233166,Wisdom Aondowase Sule,249999.9999999998,324512.47129645536,74512.47129645557,29.80498851858225
405073,Nicolai Clausen,100000.00000000004,174517.82168644978,74517.82168644974,74.51782168644971
184243,Ümit Kurt,150000.00000000006,75457.1167475771,74542.88325242295,49.69525550161528
699005,Anthony Uzodimma,549999.9999999998,475408.14483081683,74591.85516918293,13.562155485305993
486265,Jorge Murrugarra,499999.99999999977,425407.40740360535,74592.59259639442,14.918518519278889
607377,Jean Jules,299999.99999999977,374632.79842364666,74632.79842364689,24.877599474548983
836995,Magnus Isager,150000.00000000006,75304.4954569553,74695.50454304476,49.79700302869649
271451,Dani Romera,349999.9999999997,424759.87957233516,74759.87957233546,21.35996559209586
242284,Ethan Horvath,999999.9999999997,1074776.2574260726,74776.25742607296,7.477625742607298
882224,Ilya Ukhan,150000.00000000006,224780.9353927128,74780.93539271274,49.85395692847514
937111,Lucas Mbamba,999999.9999999997,925182.5937833699,74817.40621662978,7.48174062166298
229708,Erivelto,124999.9999999999,199843.5804896072,74843.58048960731,59.874864391685904
9621,Zurab Khizanishvili,199999.99999999997,125063.18658212226,74936.81341787771,37.468406708938865
236734,Axel Werner,399999.9999999999,474977.29013138136,74977.29013138148,18.744322532845377
413688,Akmal Bakhtiyarov,124999.9999999999,199986.3730224712,74986.3730224713,59.9890984179771
34334,Enrico Alfonso,150000.00000000006,225035.4383045473,75035.43830454725,50.02362553636481
370980,Zico Bailey,199999.99999999997,275044.04656278586,75044.0465627859,37.522023281392954
18894,Leyti N'Diaye,299999.99999999977,224934.5345581717,75065.46544182807,25.021821813942708
247213,Alan Aussi,124999.9999999999,49920.99155925508,75079.00844074482,60.063206752595896
31868,Ivan Paurevic,150000.00000000006,225106.0029033098,75106.00290330974,50.07066860220647
43310,Danny Grainger,100000.00000000004,175127.5913554996,75127.59135549956,75.12759135549953
152481,Fredrik Brustad,100000.00000000004,175143.2943244335,75143.29432443345,75.14329432443341
537955,Georgios Fekkas,25000.000000000004,100174.8353608166,75174.8353608166,300.69934144326635
447216,Anthony Fontana,349999.9999999997,274730.227115932,75269.77288406773,21.50564939544794
256085,Roman Macek,499999.99999999977,575327.6018323732,75327.60183237342,15.065520366474692
19136,Marco Storari,100000.00000000004,175373.05866649703,75373.05866649699,75.37305866649695
119342,Edwin Cardona,449999.99999999994,525417.7136562427,75417.71365624276,16.759491923609502
254340,Nikolaos Golias,249999.9999999998,174579.2142926453,75420.78570735449,30.16831428294182
1235583,Suleman Sani,4999999.999999999,5075442.79332356,75442.79332356062,1.5088558664712126
503316,Sirong Li,10000.00000000001,85520.69008375517,75520.69008375515,755.2069008375508
225068,Alex Grant,399999.9999999999,324439.31808356475,75560.68191643513,18.89017047910879
69382,Diego Romano,150000.00000000006,74389.72278422384,75610.27721577622,50.406851477184134
707548,Bela Dumrath,100000.00000000004,175610.72853771457,75610.72853771453,75.6107285377145
654311,Welves,150000.00000000006,74365.55261802436,75634.4473819757,50.42296492131712
1153473,Kristian Svystun,100000.00000000004,175649.29704899655,75649.29704899651,75.64929704899647
795724,Emin Kujovic,299999.99999999977,375650.42581528804,75650.42581528827,25.21680860509611
1346952,Gage Guerra,399999.9999999999,324311.31332892895,75688.68667107093,18.92217166776774
177781,Georges Gope-Fenepej,150000.00000000006,225699.50413581147,75699.50413581141,50.46633609054092
48516,Niclas Heimann,25000.000000000004,100753.81125367586,75753.81125367586,303.01524501470334
34570,Luis Tinoco,199999.99999999997,124195.75001098211,75804.24998901786,37.90212499450894
1338984,Sergio Viera,25000.000000000004,100831.5427005835,75831.5427005835,303.32617080233393
494982,Kazuki Takahashi,349999.9999999997,425833.4871683329,75833.4871683332,21.66671061952379
187947,Danilo,249999.9999999998,174161.29459024922,75838.70540975058,30.335482163900256
134277,Julian Jeanvier,399999.9999999999,324143.5992462411,75856.40075375879,18.9641001884397
260664,Zakaria El Azzouzi,150000.00000000006,225904.4716403115,75904.47164031144,50.60298109354095
1184983,Ahmed Saeed,199999.99999999997,124049.44109511151,75950.55890488846,37.975279452444234
615602,Ilija Babic,499999.99999999977,424024.9021044712,75975.09789552854,15.195019579105715
576681,Brend Leeflang,25000.000000000004,101031.48955039665,76031.48955039665,304.12595820158657
39524,Kees Luijckx,199999.99999999997,123924.1639763461,76075.83602365387,38.037918011826946
865557,Lorenzo Prso,150000.00000000006,73850.44565485703,76149.55434514303,50.76636956342867
531456,Hicham El Hamdaoui,25000.000000000004,101200.10676312188,76200.10676312188,304.80042705248746
301239,Christian Mora,100000.00000000004,176208.37858172943,76208.37858172938,76.20837858172935
211866,Ruslan Amirov,25000.000000000004,101249.04892836012,76249.04892836012,304.99619571344044
944803,Håkon Sjåtil,800000.0000000005,723729.7585075006,76270.24149249983,9.533780186562474
227601,Marc Rebés,150000.00000000006,226312.85730112073,76312.85730112068,50.8752382007471
93853,Martin Kobylanski,249999.9999999998,326367.015467417,76367.01546741722,30.54680618696691
597095,Hamza Masoudi,150000.00000000006,73611.92452632629,76388.07547367377,50.92538364911583
130216,Daniel Alfei,50000.000000000015,126439.73229984228,76439.73229984226,152.87946459968447
1241373,Bruno Caicedo,1499999.9999999986,1576519.04999201,76519.0499920114,5.101269999467431
86310,Lasse Fosgaard,150000.00000000006,73445.4866973078,76554.51330269226,51.03634220179482
675535,Noel Futkeu,399999.9999999999,323422.152786802,76577.8472131979,19.14446180329948
272640,Morgan Poaty,800000.0000000005,723406.8344622984,76593.16553770204,9.574145692212749
187957,Daniel Pedersen,150000.00000000006,226610.9796702936,76610.97967029354,51.07398644686234
178117,Pedro Arce,249999.9999999998,326669.420229615,76669.4202296152,30.66776809184611
31493,Rubin Okotie,199999.99999999997,123291.06075509224,76708.93924490773,38.35446962245387
728033,Jeimes,199999.99999999997,123197.12315644663,76802.87684355334,38.40143842177668
62233,Javier Cohene,75000.00000000004,151870.05127655418,76870.05127655414,102.49340170207213
59148,Oleksandr Volovyk,25000.000000000004,101897.36707647452,76897.36707647452,307.58946830589804
179422,Manolis Nikolakakis,199999.99999999997,123063.99996553732,76936.00003446265,38.46800001723133
691781,Denis Osokin,100000.00000000004,176987.303810449,76987.30381044895,76.98730381044892
179750,Fatih Kiran,25000.000000000004,101993.63837964843,76993.63837964843,307.97455351859367
85961,Erik Zenga,299999.99999999977,223001.91187774812,76998.08812225165,25.666029374083905
259849,Aleksandr Zhirov,249999.9999999998,172954.07321751685,77045.92678248294,30.818370712993204
1230822,Jhonny Jordán,100000.00000000004,177053.64550879752,77053.64550879748,77.05364550879744
147112,Mathias Nielsen,199999.99999999997,122864.46304843981,77135.53695156016,38.56776847578009
411612,Davit Kereselidze,600000.0000000003,522832.23322235624,77167.76677764411,12.861294462940679
5904,Vincenzo Iaquinta,199999.99999999997,277224.29267312656,77224.29267312659,38.6121463365633
537476,Gonçalo Pinto,100000.00000000004,177230.94759023914,77230.9475902391,77.23094759023907
43393,Grygoriy Yarmash,199999.99999999997,122751.89809117926,77248.10190882071,38.62405095441036
22141,Antonio Mirante,100000.00000000004,177253.0974158202,77253.09741582016,77.25309741582012
238479,Dave Richards,75000.00000000004,152321.12099685162,77321.12099685158,103.09482799580205
417804,Tabrez Islomov,249999.9999999998,327340.5531850117,77340.55318501193,30.9362212740048
455348,Víctor San Bartolomé,199999.99999999997,277350.6786316827,77350.67863168273,38.67533931584137
947145,Majed Al-Ghamdi,100000.00000000004,177391.01348642338,77391.01348642334,77.3910134864233
341434,Julian Calor,50000.000000000015,127411.50951838672,77411.50951838671,154.8230190367734
54921,Massimo Volta,175000.00000000012,97542.31822567958,77457.68177432053,44.26153244246885
1094202,Tyson Pearce,100000.00000000004,177499.31410083114,77499.31410083109,77.49931410083106
1004062,Frederik Emmery,749999.9999999998,827503.7442596242,77503.7442596244,10.333832567949921
398025,Riccardo Baroni,50000.000000000015,127508.59549626127,77508.59549626126,155.01719099252247
46073,Dimitrios Sialmas,50000.000000000015,127555.43870820124,77555.43870820123,155.11087741640242
312317,Logan Rogerson,399999.9999999999,322362.49684185395,77637.50315814593,19.40937578953649
1072185,Elohim Kaboré,700000.0000000006,777639.5775677225,77639.57756772195,11.09136822396027
630293,Muhammed Uvais,175000.00000000012,252647.74630394616,77647.74630394604,44.370140745111996
78496,Tomas Kosicky,150000.00000000006,72288.79302200454,77711.20697799552,51.80747131866366
506150,Mamede,399999.9999999999,322254.1536969806,77745.84630301927,19.43646157575482
73458,Anthony Lippini,299999.99999999977,222224.52143320296,77775.47856679681,25.925159522265623
549312,Kryspin Szcześniak,299999.99999999977,377788.0383693157,77788.03836931591,25.929346123105322
201734,Mamadou Kanoute,299999.99999999977,222205.29004976412,77794.70995023564,25.9315699834119
111432,Stevie May,75000.00000000004,152807.03108252794,77807.0310825279,103.74270811003714
568377,Tijs Velthuis,499999.99999999977,422137.6520996489,77862.34790035087,15.57246958007018
258246,Harun Alpsoy,124999.9999999999,47114.30311591978,77885.69688408013,62.30855750726415
561099,Valpuia,199999.99999999997,277941.73810004955,77941.73810004958,38.970869050024795
3890,Eduardo,499999.99999999977,577975.0694689864,77975.06946898659,15.595013893797327
369155,Yuriy Vakulko,700000.0000000006,621963.230697931,78036.76930206956,11.14810990029564
338628,Adrien Bongiovanni,150000.00000000006,228060.09644677374,78060.09644677368,52.0400642978491
866326,Denis Rubanov,50000.000000000015,128108.05043873262,78108.05043873261,156.21610087746515
77757,Thomas Kaminski,3000000.000000001,2921828.9436160047,78171.05638399627,2.6057018794665416
415728,Eduardo,499999.99999999977,421802.4244269224,78197.57557307737,15.639515114615483
44625,Maor Melikson,249999.9999999998,171773.3870072072,78226.6129927926,31.290645197117062
162957,Antonio Rozzi,10000.00000000001,88249.64733390966,78249.64733390964,782.4964733390957
91851,Bashkim Kadrii,449999.99999999994,371736.5178087487,78263.48219125124,17.391884931389168
243580,José Abella,800000.0000000005,878268.4915694147,78268.49156941427,9.783561446176778
724439,Jalen Neal,800000.0000000005,878288.8440954671,78288.84409546666,9.786105511933327
1025411,Giandro Sambo,50000.000000000015,128295.57871295865,78295.57871295864,156.59115742591723
1035767,Mehmet Kaya,25000.000000000004,103303.44829656405,78303.44829656405,313.21379318625617
58774,José Manuel Casado,150000.00000000006,228307.57168122602,78307.57168122596,52.20504778748396
629077,Matheus Mendes,600000.0000000003,521567.8262839651,78432.17371603526,13.072028952672538
85771,Paulinho,199999.99999999997,278539.30475791474,78539.30475791477,39.26965237895739
631093,Álex Revuelta,25000.000000000004,103579.43262534821,78579.43262534821,314.3177305013928
122173,Marlon Pereira,100000.00000000004,178600.5622038654,78600.56220386537,78.60056220386534
38000,Joseph Akpala,50000.000000000015,128634.24804898314,78634.24804898312,157.2684960979662
317114,Alican Özfesli,150000.00000000006,71354.02472817875,78645.97527182131,52.43065018121419
703567,Ibroihim Youssouf,75000.00000000004,153686.10001552096,78686.10001552092,104.91480002069449
372138,Yuriy Zakharkiv,50000.000000000015,128696.48704913339,78696.48704913337,157.39297409826668
149650,Rafael Veloso,50000.000000000015,128707.86658982474,78707.86658982473,157.4157331796494
21756,Giulio Migliaccio,100000.00000000004,178734.5574809571,78734.55748095705,78.73455748095702
71787,Joey Godee,100000.00000000004,178734.68325054084,78734.6832505408,78.73468325054075
50366,Igor Jovanovic,100000.00000000004,178764.88456114044,78764.8845611404,78.76488456114036
324702,Jan Lammers,249999.9999999998,171184.20789551927,78815.79210448053,31.526316841792234
192914,Zaurbek Kambolov,50000.000000000015,128880.04389521045,78880.04389521043,157.7600877904208
1220764,Ju-yeong Park,75000.00000000004,153906.4651072154,78906.46510721535,105.20862014295373
287025,Eike Bansen,50000.000000000015,128922.09967517432,78922.09967517431,157.84419935034856
191395,Khalid Karami,100000.00000000004,178934.00861106423,78934.00861106419,78.93400861106416
537344,Alessio Curci,299999.99999999977,378940.63659289543,78940.63659289567,26.313545530965243
63209,Ádám Pintér,199999.99999999997,121023.19822653255,78976.80177346742,39.488400886733714
102258,Matthew Lowton,249999.9999999998,328977.2541593995,78977.25415939969,31.5909016637599
829257,Dennis Kaygin,499999.99999999977,421010.49544167315,78989.50455832662,15.79790091166533
149652,Léo Lacroix,499999.99999999977,420965.83978762483,79034.16021237493,15.806832042474994
1435591,Kirato Sasaki,75000.00000000004,154136.92590168613,79136.92590168609,105.51590120224805
80441,Sebastián Setti,50000.000000000015,129210.83844542851,79210.8384454285,158.42167689085696
202570,Jakob Bonde,199999.99999999997,120771.74549062122,79228.25450937875,39.61412725468938
496631,Stefan Visic,124999.9999999999,204239.43164232917,79239.43164232928,63.391545313863475
58405,Artem Kravets,199999.99999999997,120714.8775627953,79285.12243720467,39.64256121860234
705557,Yasir Karabay,25000.000000000004,104327.36498789176,79327.36498789176,317.309459951567
404386,Robbie Burton,299999.99999999977,220665.73696113093,79334.26303886884,26.444754346289635
126924,Guy N'Gosso,150000.00000000006,229385.76734706515,79385.76734706509,52.92384489804337
64339,Pizzi,299999.99999999977,220590.15550012284,79409.84449987693,26.469948166625663
603937,Callum Jones,299999.99999999977,220561.44640505037,79438.5535949494,26.479517864983155
88680,Luca Caldirola,399999.9999999999,320522.7868427582,79477.2131572417,19.86930328931043
72457,Rasmus Jönsson,150000.00000000006,229498.9392891058,79498.93928910574,52.9992928594038
45403,André Ayew,249999.9999999998,329545.8689634773,79545.86896347752,31.81834758539103
96228,Laurens Paulussen,100000.00000000004,179625.30810326556,79625.30810326552,79.62530810326548
88212,Nigel Hasselbaink,249999.9999999998,170203.95060784902,79796.04939215077,31.918419756860335
534617,Fabricio Brener,100000.00000000004,179816.86710937708,79816.86710937704,79.816867109377
802211,Guillaume Lopez,349999.9999999997,270172.8952140925,79827.1047859072,22.807744224544933
94296,Oguz Han Aynaoglu,75000.00000000004,154831.45223892466,79831.45223892461,106.44193631856609
1107973,Sabit Ngor,349999.9999999997,429861.2108092125,79861.21080921282,22.81748880263225
106306,Samuel Inkoom,75000.00000000004,154873.69412296778,79873.69412296773,106.49825883062358
925216,Demir Xhemalija,199999.99999999997,279904.92246321565,79904.92246321568,39.95246123160785
291140,Cédric Yambéré,199999.99999999997,279927.2960865103,79927.29608651032,39.96364804325517
895402,Mohamed Berte,649999.9999999995,569903.8363914489,80096.16360855068,12.322486709007805
475149,Marco Imperiale,249999.9999999998,169834.64945463985,80165.35054535995,32.06614021814401
859105,Serkan Kenter,25000.000000000004,105167.6627882161,80167.6627882161,320.67065115286437
377465,Tim Rönning,349999.9999999997,269779.7495651792,80220.25043482048,22.920071552805872
56036,Luís Neto,100000.00000000004,180241.67196740396,80241.67196740392,80.24167196740389
633048,Ramiro Ruiz Rodríguez,399999.9999999999,480247.89938101795,80247.89938101807,20.061974845254525
606451,Sanasi Sy,299999.99999999977,380280.36109871225,80280.36109871248,26.760120366237516
337673,Julian Lelieveld,399999.9999999999,480286.6541825918,80286.65418259194,20.07166354564799
896120,Vasilios Kontonikos,150000.00000000006,69655.26044555283,80344.73955444722,53.56315970296479
1018118,Sebastián Urrea,199999.99999999997,280353.114458118,80353.11445811801,40.176557229059014
443544,Adam Livingstone,25000.000000000004,105457.28298262469,80457.28298262469,321.8291319304987
101954,Antons Kurakins,75000.00000000004,155466.2711717574,80466.27117175735,107.28836156234307
7025,Selcuk Sahin,100000.00000000004,19525.49302047304,80474.50697952701,80.47450697952698
787154,Eric Monjonell,199999.99999999997,119522.95772271282,80477.04227728715,40.238521138643584
123160,Marc Vidal,150000.00000000006,230492.399719084,80492.39971908394,53.661599812722606
103621,Dever Orgill,50000.000000000015,130500.70575507103,80500.70575507102,161.001411510142
530915,Teddy Jenks,275000.0000000002,194344.6057519581,80655.39424804208,29.32923427201528
45372,Gottardi,199999.99999999997,119305.73790035553,80694.26209964445,40.347131049822224
422098,Liam Brown,75000.00000000004,155713.47098241517,80713.47098241512,107.61796130988677
581677,Nohan Kenneh,275000.0000000002,194283.3882474284,80716.61175257177,29.35149518275335
91158,Jun-yeon Jeong,100000.00000000004,180792.74371483704,80792.743714837,80.79274371483696
422594,Keita Nakamura,150000.00000000006,230798.5682704975,80798.56827049743,53.865712180331606
157227,Vladimir Zubarev,50000.000000000015,130866.45690024001,80866.45690024,161.73291380047993
268093,Reinaldo Lenis,150000.00000000006,230893.83048746284,80893.83048746278,53.92922032497517
696022,Maximilian Neutgens,10000.00000000001,90898.72793940367,80898.72793940366,808.9872793940358
171382,Jack Duncan,150000.00000000006,230900.43450915752,80900.43450915747,53.93362300610496
76948,Pablo Olivera,25000.000000000004,105932.99368172353,80932.99368172353,323.73197472689407
1268958,Jason Hsu,25000.000000000004,105985.27035782399,80985.27035782399,323.9410814312959
262704,Michal Reichl,150000.00000000006,68958.2557298945,81041.74427010556,54.02782951340368
76743,Marcelo Silva,299999.99999999977,218947.7151388532,81052.28486114656,27.017428287048872
249446,Ayman Ben Mohamed,249999.9999999998,168927.6747647247,81072.32523527509,32.42893009411006
299561,Adrian Chovan,199999.99999999997,281095.82428278425,81095.82428278428,40.547912141392146
121032,Aaron Taylor-Sinclair,75000.00000000004,156114.93254378627,81114.93254378623,108.15324339171491
25323,Andrea Pisanu,50000.000000000015,131135.3386081274,81135.3386081274,162.27067721625474
7985,David Generelo,299999.99999999977,218857.90868784676,81142.091312153,27.047363770717688
1043471,Augusto Dabó,299999.99999999977,218781.05062606322,81218.94937393654,27.072983124645532
372542,Khaled Sobhi,449999.99999999994,531272.8683367699,81272.86833676993,18.060637408171097
374778,Ricardo Almeida,100000.00000000004,181288.2681591067,81288.26815910665,81.28826815910661
48560,Dmitriy Tarasov,199999.99999999997,118697.24839125219,81302.75160874779,40.6513758043739
59800,Benjamin Bellot,75000.00000000004,156414.21208983823,81414.21208983818,108.55228278645083
134098,Raoul Loé,100000.00000000004,181425.41693913995,81425.4169391399,81.42541693913986
77383,Eiji Kawashima,150000.00000000006,68565.83042964748,81434.16957035258,54.28944638023503
353275,Vasilios Kinalis,175000.00000000012,93534.07162245536,81465.92837754475,46.55195907288269
103434,Troels Klöve,249999.9999999998,168498.59681577407,81501.40318422572,32.60056127369032
13021,Logan Bailly,349999.9999999997,268428.1976601249,81571.80233987479,23.306229239964246
379977,Andriy Semenko,50000.000000000015,131589.23660683158,81589.23660683156,163.17847321366307
187598,Terell Ondaan,100000.00000000004,181640.1964741997,81640.19647419966,81.64019647419963
704176,Destiny Egharevba,25000.000000000004,106673.57544135251,81673.57544135251,326.69430176541
105502,Dmitriy Kayumov,75000.00000000004,156754.46781342573,81754.46781342568,109.00595708456751
25414,Fernando Marqués,199999.99999999997,118218.98516712044,81781.01483287953,40.89050741643977
256689,Luca Pipoli,10000.00000000001,91788.50195754124,81788.50195754123,817.8850195754115
87663,Maksym Skorokhodov,199999.99999999997,118164.88396070185,81835.11603929813,40.91755801964907
7937,Abdurrahman Dereli,150000.00000000006,68157.54796618798,81842.45203381208,54.56163468920803
484743,Gabriel Barès,399999.9999999999,318157.2721566749,81842.727843325,20.460681960831256
614776,Anton Krachkovskiy,275000.0000000002,356845.0284006676,81845.02840066742,29.761828509333586
857154,Alexis Lefebvre,249999.9999999998,168121.11257200848,81878.88742799131,32.75155497119655
114196,Elfar Freyr Helgason,25000.000000000004,106884.95440435543,81884.95440435543,327.5398176174217
555154,Eduard Bagrintsev,75000.00000000004,156929.2442347926,81929.24423479255,109.23899231305667
1106173,Michael Sambataro,75000.00000000004,156959.31250484384,81959.3125048438,109.27908333979165
221289,Vojtech Vorel,199999.99999999997,118010.28623170685,81989.71376829312,40.99485688414657
36524,Paul Dixon,50000.000000000015,131998.2960015829,81998.29600158289,163.99659200316572
914855,Charalampos Georgiadis,124999.9999999999,207022.2973788485,82022.29737884861,65.61783790307895
700680,Luis Felipe,299999.99999999977,217955.45769227063,82044.54230772913,27.348180769243065
34405,Milan Purovic,199999.99999999997,117878.65744836534,82121.34255163463,41.06067127581732
30739,Mikel John Obi,299999.99999999977,217873.98276379274,82126.01723620703,27.3753390787357
175921,Álex Menéndez,100000.00000000004,182140.3623023562,82140.36230235615,82.14036230235612
673426,Veljko Mirosavic,399999.9999999999,317797.6388915843,82202.36110841559,20.550590277103904
1022347,Facundo De La Vega,100000.00000000004,182281.30729471392,82281.30729471387,82.28130729471384
686825,Danila Kalin,175000.00000000012,92701.67758744443,82298.32241255569,47.02761280717465
580135,David Kozel,399999.9999999999,482309.9959219606,82309.99592196074,20.57749898049019
658730,Kajetan Szmyt,600000.0000000003,517669.005654277,82330.99434572336,13.721832390953887
539949,Tiago Reis,399999.9999999999,317664.59336620034,82335.40663379955,20.58385165844989
242652,Lewis Page,124999.9999999999,207365.09199853148,82365.09199853158,65.89207359882532
57956,Dani Abalo,100000.00000000004,182376.66725635636,82376.66725635632,82.37666725635628
965992,Hussain Al-Zabdani,124999.9999999999,207384.95944383796,82384.95944383806,65.9079675550705
197478,Daniele Grandi,150000.00000000006,232419.83028926016,82419.8302892601,54.94655352617338
407021,Mads Andersen,3000000.000000001,2917566.370478501,82433.62952149985,2.7477876507166608
718035,Pepe Blanco,100000.00000000004,182500.00146386639,82500.00146386634,82.5000014638663
15363,Aleksey Berezutski,100000.00000000004,182556.82086653644,82556.82086653639,82.55682086653636
191391,Yusuf Erdoğan,299999.99999999977,382684.53404551843,82684.53404551867,27.561511348506247
352815,Dénis Duarte,150000.00000000006,232701.71599281917,82701.71599281911,55.13447732854605
519748,Zé Ricardo,349999.9999999997,267196.5085449517,82803.49145504803,23.65814041572803
805763,Maxime Dubosson,124999.9999999999,207839.43692845927,82839.43692845937,66.27154954276754
343316,Sergiy Kosovskyi,199999.99999999997,282855.4009166595,82855.40091665954,41.427700458329774
504543,George Harmon,275000.0000000002,357872.69058648404,82872.69058648386,30.135523849630474
1031441,Soknet Hav,75000.00000000004,157877.06364891297,82877.06364891292,110.50275153188383
59475,Dennis Lemke,50000.000000000015,132885.39491353845,82885.39491353843,165.77078982707684
82008,Phillipp Steinhart,249999.9999999998,332889.78520830633,82889.78520830654,33.15591408332264
371861,Zan Rogelj,700000.0000000006,617088.9745072476,82911.02549275302,11.844432213250421
186621,Vasilios Gavriilidis,249999.9999999998,167052.7542538075,82947.24574619229,33.178898298476945
123638,Frano Mlinar,249999.9999999998,333004.75143634615,83004.75143634636,33.20190057453857
56438,Ruud van der Rijt,199999.99999999997,283120.5351373899,83120.53513738993,41.56026756869497
170856,Boban Lazic,175000.00000000012,91870.58505093078,83129.41494906934,47.50252282803959
699171,Pedro Pinho,199999.99999999997,283144.63971260394,83144.63971260397,41.57231985630199
95244,Manuel Curto,100000.00000000004,183149.3083853184,83149.30838531836,83.14930838531834
548653,Kaya Makosso,199999.99999999997,283150.4265153288,83150.42651532884,41.57521325766443
246877,Rachid Aït-Atmane,100000.00000000004,183186.46523731365,83186.4652373136,83.18646523731357
142420,José Ruiz,249999.9999999998,166730.1826141397,83269.81738586011,33.30792695434407
25066,Aleksandr Dantsev,25000.000000000004,108435.7158125348,83435.7158125348,333.7428632501392
212430,Diamantis Chouchoumis,299999.99999999977,216519.68523564303,83480.31476435674,27.82677158811893
396441,Mika Borges,75000.00000000004,158519.791541797,83519.79154179695,111.3597220557292
1008640,Ktatau,249999.9999999998,166479.74807040684,83520.25192959295,33.408100771837205
918149,Kassim Hadji,175000.00000000012,258575.3654844257,83575.3654844256,47.75735170538602
129991,Bart Vriends,249999.9999999998,166350.3867768774,83649.6132231224,33.45984528924899
212574,Jordy Peffer,150000.00000000006,66324.19854420872,83675.80145579134,55.783867637194206
35959,Henrik Kildentoft,50000.000000000015,133698.3039499031,83698.30394990307,167.39660789980607
583054,Loïc Lüthi,600000.0000000003,516236.7454045665,83763.25459543383,13.960542432572295
560312,Jorge Díaz Price,1499999.9999999986,1416211.3935924752,83788.60640752339,5.585907093834898
458353,Visar Bekaj,399999.9999999999,316153.8426929511,83846.1573070488,20.961539326762203
1045159,Daniel Barat,249999.9999999998,166135.68625552126,83864.31374447854,33.545725497791445
22440,João Pedro,100000.00000000004,183932.17709263004,83932.17709263,83.93217709262996
31312,Daryl Murphy,10000.00000000001,93970.56407344385,83970.56407344383,839.7056407344376
86811,Alex,50000.000000000015,133978.69709666708,83978.69709666706,167.9573941933341
228658,Diawandou Diagne,100000.00000000004,183985.65861524965,83985.6586152496,83.98565861524958
1305326,Facundo Di Biasi,299999.99999999977,384006.6499688232,84006.64996882342,28.00221665627449
167472,Youssouf M'Changama,150000.00000000006,65990.661000816,84009.33899918405,56.006225999456014
798664,Vyacheslav Dorovskikh,225000.00000000015,140903.82963257266,84096.17036742749,37.37607571885664
104203,Eugene Starikov,124999.9999999999,209118.8459140345,84118.8459140346,67.29507673122774
1159044,Peixinho,199999.99999999997,284138.1583484375,84138.15834843754,42.06907917421878
308989,Sergio González,600000.0000000003,515846.9317728585,84153.06822714186,14.025511371190301
653779,Daniel Valencia,800000.0000000005,884226.935139252,84226.93513925152,10.528366892406435
7955,Jeroen Verhoeven,50000.000000000015,134268.66361761972,84268.6636176197,168.53732723523936
82599,Valeriy Fedorchuk,249999.9999999998,165459.59950772172,84540.40049227807,33.816160196911255
149231,Fidel,999999.9999999997,1084568.4441544737,84568.44415447407,8.45684441544741
160348,Mesca,299999.99999999977,384664.47967173,84664.47967173025,28.221493223910105
506965,James Olayinka,299999.99999999977,384664.9015513134,84664.90155131364,28.2216338504379
309487,Ronaldo Peña,124999.9999999999,209666.00015444745,84666.00015444755,67.7328001235581
382423,Vasilios Mantzis,175000.00000000012,90327.47844514865,84672.52155485147,48.38429803134366
446657,Brandon Onkony,100000.00000000004,184673.49134543972,84673.49134543967,84.67349134543963
432604,Kağan Bağış,25000.000000000004,109703.18903793613,84703.18903793613,338.81275615174445
65692,Tope Obadeyi,150000.00000000006,234782.87524555635,84782.8752455563,56.52191683037084
377512,Jhon Benchy,75000.00000000004,159785.8853969455,84785.88539694545,113.0478471959272
123397,Collin Quaner,199999.99999999997,284790.6706996587,84790.67069965872,42.39533534982937
596144,Raymond Huizing,199999.99999999997,115199.05551617121,84800.94448382876,42.400472241914386
7499,Lionel Scaloni,100000.00000000004,184813.86588563904,84813.865885639,84.81386588563896
324380,Joseph Mbong,399999.9999999999,484872.3406427396,84872.34064273973,21.21808516068494
1127314,Mohammed Al-Abdullah,25000.000000000004,109897.24179129132,84897.24179129132,339.58896716516523
122637,Ameth Fall,75000.00000000004,159899.32543603005,84899.32543603,113.19910058137327
58818,Claudio Beauvue,150000.00000000006,234919.1234419451,84919.12344194503,56.61274896129667
746397,Artem Vovkun,199999.99999999997,115049.98875169728,84950.01124830269,42.47500562415135
518073,Julien Célestine,349999.9999999997,264894.4784188172,85105.52158118249,24.315863308909304
91991,Sergiy Lyulka,150000.00000000006,64878.906687340444,85121.09331265962,56.74739554177306
591195,Yahya Soumaré,249999.9999999998,335159.54303437273,85159.54303437294,34.0638172137492
499857,Iddriss Mohammed,50000.000000000015,135175.54210817476,85175.54210817475,170.35108421634945
45272,Youssouf Mulumbu,324999.9999999999,239810.27465192613,85189.72534807376,26.212223184022704
185937,Ancelmo Júnior,100000.00000000004,185235.06364460668,85235.06364460663,85.2350636446066
57854,Furkan Özcal,150000.00000000006,64750.907838618405,85249.09216138165,56.83272810758774
101214,Stamatis Sapalidis,150000.00000000006,235319.50315740917,85319.50315740911,56.87966877160605
901163,Awad Al-Nashri,249999.9999999998,164666.26991351054,85333.73008648926,34.13349203459573
393217,Mert Yılmaz,275000.0000000002,360364.8767284318,85364.87672843161,31.041773355793296
128813,Sergiy Litovchenko,150000.00000000006,64590.078857810426,85409.92114218963,56.9399474281264
223522,Jeppe Höjbjerg,199999.99999999997,114542.65243972666,85457.34756027331,42.72867378013666
10250,Fabio Coltorti,199999.99999999997,114509.00961832798,85490.99038167199,42.745495190836
1197773,Mateo Mendía,299999.99999999977,214352.246724664,85647.75327533577,28.54925109177861
48870,Jonas Lössl,50000.000000000015,135693.2623188904,85693.26231889038,171.38652463778072
370789,Julian Ryerson,24999999.999999963,25085708.887738135,85708.88773817196,0.3428355509526884
349737,Arthur Henrique,499999.99999999977,414284.0967858286,85715.90321417118,17.143180642834245
77920,Immanuel Höhn,299999.99999999977,214187.67985727073,85812.32014272903,28.604106714243034
59636,Boy Deul,199999.99999999997,114174.1287588286,85825.87124117136,42.91293562058569
25041,David Cerra,100000.00000000004,185868.74613226368,85868.74613226364,85.8687461322636
595519,Luka Radotic,50000.000000000015,135929.46714369583,85929.46714369582,171.85893428739158
13557,Tim Clancy,349999.9999999997,264048.5635666381,85951.43643336161,24.557553266674766
1005855,Ronan Kpakio,1200000.0000000005,1286001.169262548,86001.16926254751,7.166764105212289
481585,Maxime De Taddeo,100000.00000000004,186031.3883304433,86031.38833044325,86.03138833044322
357983,Simone Ghidotti,349999.9999999997,263966.3650713385,86033.63492866122,24.581038551046085
451603,Ștefan Vlădoiu,700000.0000000006,786033.9455898845,86033.94558988395,12.290563655697698
665113,Percy Liza,275000.0000000002,361048.92365220736,86048.92365220719,31.290517691711685
799936,Loris Mouyokolo,299999.99999999977,386081.65970491414,86081.65970491437,28.693886568304816
216270,Ricki Lamie,199999.99999999997,113797.17209069674,86202.82790930323,43.101413954651626
470986,Sam Sutton,399999.9999999999,486214.86498446856,86214.86498446867,21.553716246117176
200117,Valerio Nava,50000.000000000015,136252.07687857418,86252.07687857417,172.5041537571483
204406,Artem Radchenko,225000.00000000015,138690.66766545715,86309.332334543,38.35970325979686
977484,Rikelmi,249999.9999999998,336457.14460371056,86457.14460371077,34.58285784148433
37398,Manuel da Costa,199999.99999999997,113522.99306436516,86477.00693563481,43.23850346781741
74544,Joachim Van Damme,299999.99999999977,213511.52302010122,86488.47697989855,28.82949232663287
1211585,Kacper Minuczyc,50000.000000000015,136509.70252079185,86509.70252079183,173.0194050415836
204354,Adam Campbell,249999.9999999998,163402.16945823166,86597.83054176814,34.63913221670729
150058,Denis Kutin,199999.99999999997,113345.88940170988,86654.11059829009,43.32705529914505
854962,Reda Benchaa,349999.9999999997,436702.2957016762,86702.29570167651,24.77208448619331
285754,Pietro Cianci,275000.0000000002,188249.62762774358,86750.37237225659,31.545589953547832
9239,Sébastien Grax,150000.00000000006,236794.2916093546,86794.29160935455,57.862861072903016
272687,Gino Bosz,299999.99999999977,213189.1819246764,86810.81807532336,28.936939358441144
505198,Mo Sangare,199999.99999999997,286833.3277784349,86833.32777843493,43.416663889217475
1134676,Daniil Vashchenko,399999.9999999999,313093.08571571315,86906.91428428673,21.72672857107169
125019,Lisandro López,299999.99999999977,213068.05442972973,86931.94557027004,28.977315190090035
124155,Lorenzo Laverone,199999.99999999997,113066.67093742159,86933.32906257838,43.4666645312892
290290,Rui Silva,299999.99999999977,213056.45896407703,86943.54103592274,28.9811803453076
518021,Jack Hamilton,299999.99999999977,213011.8397941704,86988.16020582936,28.996053401943144
361033,Anderson López,50000.000000000015,137041.31667134113,87041.31667134112,174.0826333426822
323200,Denis Kavlinov,249999.9999999998,162863.27577305096,87136.72422694883,34.85468969077956
355629,David Mayoral,100000.00000000004,187161.929397969,87161.92939796897,87.16192939796893
41140,Roel van Hemert,249999.9999999998,162827.8027123498,87172.19728765,34.86887891506002
1037260,Noah Solheid,100000.00000000004,187177.35419598172,87177.35419598168,87.17735419598164
751099,Artem Kasimov,700000.0000000006,612774.3591429495,87225.64085705113,12.46080583672158
1122577,Masato Shigemi,449999.99999999994,362690.9691275351,87309.03087246482,19.40200686054774
806930,Kasper Kiilerich,150000.00000000006,62666.434755334034,87333.56524466602,58.222376829777325
509900,Abdullah Hassoun,100000.00000000004,187341.22265869967,87341.22265869963,87.34122265869959
244930,Hikmet Ciftci,199999.99999999997,112638.62385031386,87361.37614968611,43.68068807484306
397497,Patrik Raitanen,50000.000000000015,137388.11174852122,87388.1117485212,174.77622349704237
436906,Sergey Podoksenov,225000.00000000015,137610.18414338998,87389.81585661016,38.83991815849338
987638,Mekhron Madaminov,150000.00000000006,237427.26082260028,87427.26082260022,58.28484054840012
464068,Maxime Thiel,199999.99999999997,112566.28626249573,87433.71373750424,43.716856868752124
379409,Young-bin Kim,349999.9999999997,262533.673464446,87466.32653555373,24.99037901015823
386048,Samuel Yohou,249999.9999999998,337527.87763420155,87527.87763420175,35.01115105368073
234375,Emil Berggreen,249999.9999999998,162380.52013512186,87619.47986487794,35.047791945951204
292772,Dimitrios Nikolaou,2800000.000000002,2712321.98395424,87678.01604576176,3.1313577159200605
579448,Konrad Gruszkowski,150000.00000000006,237786.59635619505,87786.59635619499,58.52439757079664
299132,Ethan Jolley,150000.00000000006,237860.14894456946,87860.1489445694,58.573432629712904
28005,Joan Verdú,50000.000000000015,137871.4683907903,87871.4683907903,175.74293678158054
33952,Papiss Cissé,199999.99999999997,112091.44833716785,87908.55166283212,43.95427583141607
13111,Stef Wils,199999.99999999997,112091.09998565952,87908.90001434046,43.95445000717023
381832,Roman Krivulkin,100000.00000000004,187973.0958298722,87973.09582987217,87.97309582987212
116461,Issa Ndoye,50000.000000000015,137980.0311189144,87980.03111891438,175.9600622378287
328940,Roniel,225000.00000000015,137008.4575735235,87991.54242647663,39.107352189545146
148215,Nicky Devlin,199999.99999999997,288007.1122188691,88007.11221886912,44.00355610943457
143182,David Texeira,75000.00000000004,163062.41036930677,88062.41036930673,117.41654715907556
224691,Alexandre De Bruyn,249999.9999999998,338279.8562675239,88279.8562675241,35.31194250700967
1492790,Nikola Marković,299999.99999999977,388359.83047208306,88359.8304720833,29.453276824027792
67274,Gary Dicker,299999.99999999977,211582.16202588493,88417.83797411484,29.4726126580383
1373497,Cherno Saho,249999.9999999998,161498.41731354006,88501.58268645973,35.40063307458392
135566,Mihai Roman,449999.99999999994,361459.8586533375,88540.14134666242,19.675586965924985
231932,Nikola Stankovic,249999.9999999998,161455.53053322423,88544.46946677557,35.41778778671026
41749,Modibo Diakité,25000.000000000004,113552.72671439465,88552.72671439465,354.21090685757855
234752,Edgar Abreu,100000.00000000004,188580.32178271702,88580.32178271697,88.58032178271694
978952,Jhon Navia,50000.000000000015,138602.28023628454,88602.28023628453,177.204560472569
701842,Nicolò Cavuoti,199999.99999999997,111381.58278814344,88618.41721185653,44.309208605928276
182956,Yaya Sané,100000.00000000004,188624.1485381959,88624.14853819586,88.62414853819583
628570,Sergiy Mayboroda,150000.00000000006,61371.012626861986,88628.98737313808,59.085991582092035
73137,Marc Castells,50000.000000000015,138652.68676454507,88652.68676454505,177.30537352909005
185166,Hakan Redzep,100000.00000000004,188789.32468641407,88789.32468641402,88.78932468641398
403566,Ryan Mullen,50000.000000000015,138819.9564962025,88819.95649620249,177.63991299240493
124628,Koen Van Langendonck,150000.00000000006,61156.03798215388,88843.96201784618,59.22930801189743
63293,Tiago Pinto,199999.99999999997,288851.06511543604,88851.06511543607,44.42553255771804
38960,Karim Belhocine,150000.00000000006,238890.32582288724,88890.32582288719,59.2602172152581
1176783,Villads Rutkjær,25000.000000000004,113933.60783867087,88933.60783867087,355.7344313546834
102192,Luis Pedro Cavanda,100000.00000000004,188942.46403001732,88942.46403001728,88.94246403001723
112737,Dor Malul,199999.99999999997,111009.39998899057,88990.6000110094,44.49530000550471
200789,Sefa Isci,150000.00000000006,60997.731663594146,89002.26833640592,59.33484555760392
128285,Mark Connolly,299999.99999999977,210961.6915293672,89038.30847063256,29.679436156877543
1054429,Carlos Guirao,299999.99999999977,389092.8225103844,89092.8225103846,29.69760750346156
350082,Marco Pissardo,275000.0000000002,185883.316777509,89116.68322249118,32.406066626360406
478366,Miguel Reisinho,449999.99999999994,360882.8144217215,89117.18557827844,19.80381901739521
670846,Ben Chrisene,299999.99999999977,210860.33239098088,89139.66760901888,29.71322253633965
581000,Eynel Soares,399999.9999999999,489151.3871829143,89151.38718291442,22.287846795728612
110724,Michael Lallemand,299999.99999999977,210837.83478773624,89162.16521226353,29.720721737421197
24116,Roman Adamov,199999.99999999997,110719.54281676676,89280.45718323321,44.64022859161661
277268,Alexis Araujo,349999.9999999997,260686.8159862933,89313.1840137064,25.518052575344708
1363814,Precious Benjamin,249999.9999999998,339322.6676639937,89322.66766399393,35.7290670655976
30556,Ludovic Buysens,249999.9999999998,160675.9575014483,89324.04249855148,35.72961699942062
429911,Lars Coveliers,50000.000000000015,139335.26963800797,89335.26963800796,178.67053927601586
6803,Henri Bedimo,399999.9999999999,310653.28369266074,89346.71630733914,22.33667907683479
401717,Julio Villalba,75000.00000000004,164466.39861595223,89466.39861595219,119.28853148793618
28356,Denis Petric,50000.000000000015,139551.25848155335,89551.25848155333,179.1025169631066
320456,Giacomo Zecca,100000.00000000004,189602.6034074066,89602.60340740655,89.6026034074065
26456,Mauro Zárate,249999.9999999998,160332.6543072211,89667.3456927787,35.86693827711151
120991,Gennadiy Ganev,199999.99999999997,110322.83951154121,89677.16048845876,44.838580244229384
38341,Timur Özgöz,100000.00000000004,189709.40028755844,89709.4002875584,89.70940028755837
315165,Daniil Zuev,50000.000000000015,139813.13738553287,89813.13738553286,179.62627477106565
265077,Luca Crosta,100000.00000000004,189833.58482069563,89833.58482069559,89.83358482069555
525962,Nicolas Tié,199999.99999999997,110148.63867012493,89851.36132987504,44.92568066493753
61757,Nicola Rigoni,199999.99999999997,110139.78839202155,89860.21160797842,44.93010580398922
755355,Jin-ho Kim,349999.9999999997,260097.57831955393,89902.42168044578,25.686406194413102
130452,Fernando Godoy,75000.00000000004,164922.75672156722,89922.75672156717,119.8970089620895
45314,Federico Fazio,399999.9999999999,489944.48221152986,89944.48221152998,22.4861205528825
109314,Andriy Nesterov,199999.99999999997,110034.75805662134,89965.24194337863,44.98262097168932
91931,Denys Boyko,299999.99999999977,209993.6339377835,90006.36606221626,30.002122020738774
243805,Maximilian Pronichev,175000.00000000012,265031.14406928234,90031.14406928222,51.44636803958981
422803,Titas Milašius,100000.00000000004,190070.27267097912,90070.27267097907,90.07027267097904
238890,Panagiotis Spyropoulos,124999.9999999999,215091.20618952648,90091.20618952658,72.07296495162132
240303,Ousmane Diop,10000.00000000001,100093.84771127849,90093.84771127847,900.938477112784
165402,Miguel Lourenço,100000.00000000004,190108.5711081375,90108.57110813745,90.1085711081374
902869,Rica Rocha,199999.99999999997,290110.49302384455,90110.49302384458,45.0552465119223
125698,Dillon Powers,150000.00000000006,240110.5855535869,90110.58555358683,60.0737237023912
1385085,Takato Yamamoto,175000.00000000012,84824.47914428968,90175.52085571043,51.528869060405924
973314,Sergio Mestre,50000.000000000015,140217.7274579211,90217.7274579211,180.43545491584214
55743,Simeon Bulgaru,249999.9999999998,159781.43900538865,90218.56099461115,36.087424397844494
399350,Nigel Ogidi Nwankwo,124999.9999999999,215270.4268970508,90270.42689705091,72.21634151764079
48081,Christian Strohdiek,150000.00000000006,240280.72927079734,90280.72927079728,60.18715284719816
310437,Jack Stobbs,50000.000000000015,140295.20005772254,90295.20005772253,180.590400115445
270240,Dráusio,600000.0000000003,509549.31881026155,90450.6811897388,15.075113531623124
699018,Zac Ashworth,249999.9999999998,159523.82370073875,90476.17629926105,36.19047051970445
345881,Miguel Silva,449999.99999999994,359451.47625615215,90548.52374384779,20.121894165299512
844568,Denis Kiggundu,25000.000000000004,115589.00034280725,90589.00034280725,362.35600137122896
547820,Dragoș Albu,449999.99999999994,359359.38446064404,90640.6155393559,20.142359008745757
601555,Gaël Kakudji,50000.000000000015,140669.81563256014,90669.81563256013,181.3396312651202
540935,Jon Mersinaj,399999.9999999999,490674.5862051838,90674.58620518394,22.66864655129599
59425,Vladyslav Leonidov,25000.000000000004,115704.05013681485,90704.05013681485,362.81620054725937
298796,Érick Gutiérrez,1499999.9999999986,1590756.012493064,90756.01249306533,6.050400832871027
95472,Joel Allansson,199999.99999999997,290921.52132199326,90921.52132199329,45.460760660996655
44787,Nacer Barazite,150000.00000000006,240924.9259895102,90924.92598951014,60.61661732634007
655525,Yeferson Paz,499999.99999999977,409071.01192779955,90928.98807220021,18.185797614440048
253855,Michael Fabbro,249999.9999999998,159054.57222969522,90945.42777030458,36.37817110812186
239667,Michele De Matteis,25000.000000000004,116010.10532387867,91010.10532387867,364.0404212955146
1211641,Jalal Al-Salem,150000.00000000006,58932.338148984556,91067.6618510155,60.71177456734363
398693,Kadir Kurt,150000.00000000006,58839.34855362921,91160.65144637084,60.77376763091388
415529,Martin Vantruba,225000.00000000015,133836.25585884866,91163.74414115149,40.51721961828952
631055,Alberto Quintana,100000.00000000004,191166.7573299003,91166.75732990027,91.16675732990022
13483,Mustapha Oussalah,150000.00000000006,241186.71239856532,91186.71239856526,60.791141599043485
171696,Marco Perrotta,249999.9999999998,341222.5649354781,91222.5649354783,36.48902597419135
7867,Rodolfo Bodipo,100000.00000000004,191229.54039846614,91229.5403984661,91.22954039846606
151213,Ross Callachan,75000.00000000004,166258.533429216,91258.53342921597,121.67804457228787
121218,Yevgen Yeliseev,25000.000000000004,116280.51768709077,91280.51768709077,365.122070748363
893787,Halvor Rødølen Opsahl,349999.9999999997,258698.5417800376,91301.4582199621,26.0861309199892
1000691,Bautista Dadín,249999.9999999998,158682.49293797236,91317.50706202743,36.52700282481101
22435,Bruno Jorge,199999.99999999997,108617.72458478568,91382.27541521429,45.69113770760715
492932,Koya Okuda,249999.9999999998,341402.98062303447,91402.98062303467,36.561192249213896
369111,Georgios Tzovaras,249999.9999999998,341468.47406770795,91468.47406770816,36.5873896270833
255496,Asier Etxaburu,50000.000000000015,141514.412107428,91514.412107428,183.02882421485594
197304,Patrick Da Silva,275000.0000000002,183473.6667425002,91526.33325749997,33.28230300272724
1111077,Jaygo van Ommeren,499999.99999999977,591552.1130461694,91552.11304616963,18.310422609233935
503625,Adrian Kappenberger,199999.99999999997,291619.2033148733,91619.2033148733,45.80960165743666
533569,Fernando Bersano,199999.99999999997,108341.65418434242,91658.34581565755,45.82917290782878
6270,Yohann Pelé,249999.9999999998,158309.30820096674,91690.69179903305,36.676276719613256
319287,Jorgo Muca,25000.000000000004,116781.24846857137,91781.24846857137,367.12499387428545
203127,Conor McGrandles,349999.9999999997,441890.6900127717,91890.69001277199,26.254482860792017
447071,Nauris Petkevičius,375000.00000000006,467079.0962239085,92079.09622390842,24.554425659708908
642591,Maranhão,1499999.9999999986,1407870.247611966,92129.75238803262,6.141983492535514
27178,Rúben Fernandes,25000.000000000004,117147.34754367112,92147.34754367112,368.5893901746844
418884,Andrea Cagnano,399999.9999999999,307845.15704919735,92154.84295080253,23.038710737700637
136748,Giannis Goniadis,249999.9999999998,157800.31235230746,92199.68764769234,36.879875059076966
580715,Maxime Sivis,700000.0000000006,607790.56354718,92209.43645282055,13.17277663611721
567756,Ebert,199999.99999999997,292287.79783158546,92287.79783158549,46.14389891579275
672388,Radhi Al-Otaibi,349999.9999999997,257597.3479254327,92402.65207456701,26.400757735590595
34534,Marcel Gecov,299999.99999999977,207590.3852364943,92409.61476350547,30.803204921168515
2048,Philipp Haastrup,100000.00000000004,192432.6373748974,92432.63737489736,92.43263737489733
340524,Ivanildo Fernandes,199999.99999999997,292458.0135271581,92458.01352715815,46.229006763579086
102284,Marko Simic,199999.99999999997,107358.97099577467,92641.0290042253,46.32051450211266
334425,Mutalip Alibekov,700000.0000000006,792643.6665581118,92643.6665581112,13.23480950830159
652487,Yaya Dukuly,600000.0000000003,507340.4906826699,92659.50931733043,15.443251552888396
520463,Brunão,399999.9999999999,307338.04651735135,92661.95348264853,23.16548837066214
945364,Sosidan Nhean,124999.9999999999,217693.88702121237,92693.88702121247,74.15510961697004
442885,Kay Tejan,249999.9999999998,342695.22116369114,92695.22116369134,37.07808846547657
164769,Dominique Pandor,324999.9999999999,232299.30745200068,92700.6925479992,28.523290014769
421726,Keita Endo,600000.0000000003,692718.5002403344,92718.50024033408,15.453083373389005
212623,Thierry Zahui,50000.000000000015,142723.96102628234,92723.96102628233,185.4479220525646
93862,Denis Prychynenko,150000.00000000006,242725.2882604174,92725.28826041735,61.81685884027821
295469,Sherko Karim,399999.9999999999,492753.8160151309,92753.81601513101,23.18845400378276
355350,Abdoulaye Sanogo,150000.00000000006,57200.0287306503,92799.97126934976,61.86664751289981
121577,Mushaga Bakenga,399999.9999999999,307141.2595267008,92858.74047329911,23.214685118324784
265990,Michee Efete,150000.00000000006,242941.70371780032,92941.70371780026,61.96113581186682
399258,Kyle Magennis,349999.9999999997,443065.42990672117,93065.42990672146,26.590122830491868
229912,Shane O'Neill,399999.9999999999,306901.4081578535,93098.59184214636,23.274647960536594
567475,Andrea Ceresoli,499999.99999999977,406854.74154179916,93145.25845820061,18.62905169164013
743233,Maksim Stavtsev,150000.00000000006,56842.091086815846,93157.90891318422,62.105272608789456
1011140,Jack Fletcher,999999.9999999997,906839.8587744554,93160.14122554427,9.316014122554432
1051756,Stan Berkani,75000.00000000004,168180.73677545632,93180.73677545627,124.24098236727497
995638,Nicolás Ferreira,600000.0000000003,693200.7621067574,93200.76210675703,15.533460351126163
42547,Lewis Stevenson,100000.00000000004,193257.7514448304,93257.75144483037,93.25775144483033
216660,Alexandru Buzbuchi,349999.9999999997,256700.9999103981,93299.00008960161,26.656857168457627
14882,Cédric Makiadi,649999.9999999995,556646.6617812699,93353.3382187296,14.362052033650716
961348,Chanthavixay Khounthoumphone,75000.00000000004,168417.65953347395,93417.65953347391,124.55687937796513
279614,Aldin El-Zubaidi,25000.000000000004,118546.6906880793,93546.6906880793,374.1867627523171
58016,Oleg Golodyuk,199999.99999999997,106429.45511662465,93570.54488337532,46.78527244168767
296585,Silviu Balaure,299999.99999999977,393576.7413017478,93576.74130174803,31.192247100582698
282250,Birger Meling,899999.9999999995,993856.2691051312,93856.26910513162,10.42847434501463
118078,Dickson Nwakaeme,299999.99999999977,206098.07686680288,93901.92313319689,31.300641044398986
1178065,Deivid Hoxha,50000.000000000015,143936.00775229427,93936.00775229426,187.87201550458846
292736,João Góis,150000.00000000006,243938.7268073379,93938.72680733784,62.62581787155853
353204,Alioun Fall,150000.00000000006,243941.26046404624,93941.26046404618,62.627506976030766
207376,Konstantinos Bouloulis,249999.9999999998,156046.4112565681,93953.5887434317,37.58143549737271
284608,Erik Gliha,50000.000000000015,143967.0838027198,93967.08380271979,187.93416760543954
73704,Germán Mera,299999.99999999977,205940.31965657973,94059.68034342004,31.353226781140037
325992,Sebastian Denius,50000.000000000015,144076.93538191915,94076.93538191913,188.1538707638382
261739,Tareiq Holmes-Dennis,249999.9999999998,155850.11598269048,94149.88401730932,37.65995360692376
358956,Oleksandr Kucherenko,150000.00000000006,244199.67977478853,94199.67977478847,62.79978651652562
222632,Jasper Van Der Heyden,75000.00000000004,169238.13724781483,94238.13724781478,125.65084966375298
57842,Christopher Schindler,499999.99999999977,405741.8251578402,94258.17484215955,18.851634968431917
988249,Yağız Dilek,150000.00000000006,55731.634318567456,94268.3656814326,62.84557712095504
489428,Hiroki Mawatari,50000.000000000015,144285.86019295352,94285.8601929535,188.57172038590696
124888,Johan Kappelhof,299999.99999999977,205683.74604573275,94316.25395426701,31.438751318089032
73980,Zié Diabaté,299999.99999999977,205611.63573537077,94388.364264629,31.46278808820969
229807,Fuat Gölbasi,150000.00000000006,55474.99199278868,94525.00800721138,63.01667200480756
392156,Tim Maciejewski,349999.9999999997,255460.15021222984,94539.84978776987,27.011385653648556
44832,Alberto Frison,50000.000000000015,144610.53133991358,94610.53133991356,189.22106267982707
37295,Perparim Hetemaj,50000.000000000015,144657.3062133133,94657.30621331329,189.31461242662652
50104,Dean Bouzanis,50000.000000000015,144671.31176533905,94671.31176533904,189.342623530678
130755,George Francomb,150000.00000000006,244727.69633243326,94727.6963324332,63.151797554955444
125409,Nathaniel Méndez-Laing,249999.9999999998,155215.53380618256,94784.46619381724,37.913786477526926
127813,Luis Caballero,75000.00000000004,169890.4598069092,94890.45980690916,126.52061307587881
926924,Furkan Kütük,150000.00000000006,55109.01667668364,94890.98332331641,63.26065554887759
171768,Radu Ginsari,299999.99999999977,205104.90670443437,94895.0932955654,31.631697765188495
311075,Ömer Esenkaya,150000.00000000006,55033.91530369523,94966.08469630484,63.310723130869874
1003166,Ekerette Udom,100000.00000000004,194986.243972002,94986.24397200196,94.98624397200192
609454,Elvin Alvarado,75000.00000000004,169989.4719680522,94989.47196805217,126.65262929073616
592474,Stuart McKinstry,324999.9999999999,229971.5615943518,95028.43840564808,29.23951950943019
1076199,Dimitrios Bataoulas,199999.99999999997,104918.88653155467,95081.1134684453,47.540556734222655
14132,Pepe,499999.99999999977,595200.6882567073,95200.68825670751,19.04013765134151
355469,Gleison Moreira,275000.0000000002,179776.56114118715,95223.43885881302,34.62670503956835
680075,Goki Yamada,150000.00000000006,245235.73309907934,95235.73309907928,63.4904887327195
862996,Hervé Touré,199999.99999999997,295331.79319824645,95331.79319824648,47.66589659912325
58806,André Weis,100000.00000000004,195341.73702300174,95341.7370230017,95.34173702300166
586744,Panagiotis Liagas,999999.9999999997,904649.6738383027,95350.32616169692,9.535032616169696
911960,Agustín Lastra,199999.99999999997,104576.7900952343,95423.20990476567,47.71160495238284
441191,Abdulrahman Al-Oboud,700000.0000000006,795436.9448280622,95436.94482806162,13.633849261151648
821622,Yunus Emre Çift,600000.0000000003,504544.00798541686,95455.99201458349,15.909332002430574
97013,Marlon de Jesús,324999.9999999999,229495.98976774517,95504.01023225472,29.38584930223223
1099408,Kitika Jima,75000.00000000004,170616.1919856805,95616.19198568045,127.48825598090718
376228,Dmytro Ivanisenya,700000.0000000006,795629.2201505759,95629.22015057527,13.661317164367883
635673,Andrew Thomas,800000.0000000005,704293.9690361866,95706.03096381389,11.963253870476729
217036,Aleksandr Zakarlyuka,124999.9999999999,220743.6731996972,95743.6731996973,76.59493855975789
692440,Al Hassan Touré,449999.99999999994,354246.1052647878,95753.89473521215,21.27864327449159
164759,Paweł Wszołek,199999.99999999997,295779.2223411674,95779.22234116742,47.88961117058372
17130,Michele Pazienza,25000.000000000004,120829.1079406683,95829.1079406683,383.3164317626732
210941,Viera Ellong,249999.9999999998,345835.85519599123,95835.85519599143,38.3343420783966
55546,Stanislav Matyash,25000.000000000004,120837.15185742102,95837.15185742102,383.348607429684
871201,Michał Głogowski,150000.00000000006,245930.2456564736,95930.24565647353,63.95349710431566
685760,Tamaz Topuriya,150000.00000000006,54053.54931484463,95946.45068515543,63.96430045677026
101723,Fran González,50000.000000000015,145953.55587489263,95953.55587489261,191.90711174978517
474949,Marouane Afaker,50000.000000000015,145961.6626043928,95961.66260439278,191.9233252087855
26669,Ragnar Klavan,50000.000000000015,145983.94908200513,95983.94908200511,191.96789816401017
257118,Michele Rocca,299999.99999999977,203994.46957962948,96005.53042037028,32.00184347345679
372201,Ricardo Friedrich,299999.99999999977,203969.43740633267,96030.5625936671,32.01018753122239
600677,Jaimy Kroesen,50000.000000000015,146126.7683970508,96126.76839705078,192.2535367941015
312819,Silvere Ganvoula,899999.9999999995,996150.4403954229,96150.44039542333,10.683382266158153
38346,Thorsten Kirschbaum,199999.99999999997,103801.31031369312,96198.68968630685,48.09934484315343
291177,Nicky Cadden,600000.0000000003,503774.4978173721,96225.50218262826,16.0375836971047
538072,Ibrahim Karamoko,3000000.000000001,3096249.4302610876,96249.43026108667,3.2083143420362212
300272,Franco Leys,124999.9999999999,221271.00382485273,96271.00382485283,77.01680305988232
325602,Diego Pineda,299999.99999999977,203612.0661917211,96387.93380827867,32.129311269426246
155861,Ruslan Zubkov,199999.99999999997,103583.20585614193,96416.79414385805,48.208397071929035
68335,Eoin Doyle,225000.00000000015,128568.89736826181,96431.10263173834,42.858267836328125
27448,Marcos Angeleri,75000.00000000004,171437.85950620996,96437.85950620992,128.58381267494647
1258933,Majdi Erteiba,25000.000000000004,121445.50269354582,96445.50269354582,385.7820107741832
620316,Corentin Louakima,100000.00000000004,196472.32133470912,96472.32133470908,96.47232133470904
218470,Cássio,100000.00000000004,196511.22890073605,96511.22890073601,96.51122890073597
347271,Aviv Avraham,199999.99999999997,296661.24621751386,96661.2462175139,48.33062310875695
43414,Lucas Favalli,349999.9999999997,446690.4259091955,96690.4259091958,27.625835974055963
5925,Nicola Legrottaglie,299999.99999999977,396708.66784826294,96708.66784826317,32.236222616087744
569757,Berto Rosas,299999.99999999977,203266.47311957722,96733.52688042255,32.24450896014088
814454,Samuel,100000.00000000004,196739.21418162395,96739.2141816239,96.73921418162385
345225,Steve Shamal,399999.9999999999,303242.00050401315,96757.99949598673,24.189499873996688
67639,Andrey Galabinov,299999.99999999977,203202.39223325002,96797.60776674974,32.265869255583276
368620,Gustav Dahl,199999.99999999997,103037.4540519571,96962.54594804287,48.481272974021444
353047,Walter González,299999.99999999977,397048.6718535808,97048.67185358104,32.34955728452704
271505,Aleksandr Semyachkin,25000.000000000004,122067.63584101197,97067.63584101197,388.27054336404785
740498,Pastor,999999.9999999997,902917.8239707713,97082.17602922837,9.70821760292284
726973,James Beresford,349999.9999999997,252878.71605413582,97121.28394586389,27.748938270246846
661856,Robson Matheus,749999.9999999998,847142.5026230667,97142.50262306689,12.95233368307559
973690,Luca Lohr,150000.00000000006,247150.44263381753,97150.44263381747,64.76696175587828
292356,Lazaros Lamprou,800000.0000000005,702825.8424211384,97174.15757886204,12.146769697357747
254123,Jairo Molina,50000.000000000015,147267.7228158923,97267.7228158923,194.53544563178454
496871,Rob Nizet,299999.99999999977,397295.40405115305,97295.40405115328,32.431801350384454
628332,Athanasios Stojnovic,50000.000000000015,147342.9801947118,97342.98019471178,194.68596038942349
395586,Georgios Neofytidis,175000.00000000012,272363.34137086273,97363.34137086262,55.63619506906432
1161049,Ioan Bârstan,25000.000000000004,122445.617840006,97445.617840006,389.7824713600239
405856,David Buchta,600000.0000000003,697447.3867501124,97447.38675011205,16.241231125018665
715622,Gael Alonso,150000.00000000006,52540.60585317786,97459.39414682219,64.97292943121477
237113,John-Patrick Strauß,349999.9999999997,252516.12074648778,97483.87925351193,27.85253692957486
140747,Julian Rullier,50000.000000000015,147489.38857990497,97489.38857990496,194.97877715980988
22568,Juanlu,299999.99999999977,202467.32475261527,97532.6752473845,32.51089174912819
84622,Sinisa Andjelkovic,225000.00000000015,127465.4227632092,97534.57723679095,43.34870099412929
699689,Lucas Souto,399999.9999999999,302462.2823035729,97537.71769642696,24.384429424106745
227901,Bruninho,100000.00000000004,197560.1143038939,97560.11430389386,97.56011430389381
131101,Stiven Mendoza,600000.0000000003,697560.457580948,97560.45758094767,16.260076263491268
395522,Samuel Essende,2499999.9999999995,2402278.242870797,97721.7571292026,3.908870285168105
83253,Reagy Ofosu,150000.00000000006,247732.23590140208,97732.23590140202,65.154823934268
429157,Yuriy Kozyrenko,199999.99999999997,102178.66574135845,97821.33425864152,48.910667129320764
199081,Roman Begunov,249999.9999999998,347908.02678603673,97908.02678603693,39.1632107144148
655019,Timon Vanhoutte,199999.99999999997,102087.28772664577,97912.7122733542,48.95635613667711
823768,Josué Doké,199999.99999999997,102041.81708842157,97958.1829115784,48.97909145578921
605194,Eren Karadag,150000.00000000006,52018.306512764364,97981.6934872357,65.32112899149044
82555,Tobias Perch-Nielsen,199999.99999999997,102016.77779377007,97983.2222062299,48.991611103114955
724034,Athanasios Karamanis,349999.9999999997,447997.32203126873,97997.32203126902,27.99923486607689
596308,Sávio Roberto,150000.00000000006,248009.73074957982,98009.73074957976,65.33982049971982
552547,Lucas Poletto,349999.9999999997,251986.4825454644,98013.51745453532,28.003862129867258
658130,Laurenz Orgler,249999.9999999998,151972.72420411804,98027.27579588175,39.21091031835273
110863,James Hurst,75000.00000000004,173055.3203288271,98055.32032882706,130.74042710510267
18543,Víctor Montaño,299999.99999999977,201912.3822583341,98087.61774166566,32.695872580555246
922291,Nevio Di Giusto,499999.99999999977,401897.9943923753,98102.00560762448,19.620401121524907
89222,Yaroslav Rakitskyi,249999.9999999998,151802.794506979,98197.2054930208,39.27888219720835
574789,Noah Mneney,199999.99999999997,298243.6652045072,98243.66520450721,49.12183260225361
1143563,Yuta Arai,349999.9999999997,251755.28926529118,98244.71073470853,28.06991735277389
708680,Ugo Bertelli,299999.99999999977,201747.0714697981,98252.92853020167,32.750976176733914
1023950,Hamad Al-Habsi,100000.00000000004,198279.12562593434,98279.12562593429,98.27912562593426
317764,Eldar Civic,749999.9999999998,848292.1560713361,98292.15607133636,13.105620809511517
1074784,Moses Aliro,150000.00000000006,248304.32821828465,98304.32821828459,65.5362188121897
56005,Marafona,75000.00000000004,173347.47103513876,98347.47103513872,131.12996138018488
471936,Oliver Christensen,1400000.0000000007,1498409.741832407,98409.74183240626,7.029267273743301
988977,Tommaso Vannucchi,399999.9999999999,498479.7488572087,98479.74885720882,24.61993721430221
522577,Bogdan Orynchak,199999.99999999997,101508.95597782575,98491.04402217422,49.24552201108712
955349,Oleksiy Gusev,499999.99999999977,401358.25066289835,98641.74933710141,19.72834986742029
39705,Nicky Maynard,299999.99999999977,201331.2272582202,98668.77274177957,32.88959091392655
1021819,Alex Opoku Sarfo,999999.9999999997,901311.3467393696,98688.65326063009,9.868865326063013
25825,Grégory Arnolin,199999.99999999997,101282.09022240393,98717.90977759604,49.35895488879803
20980,Lee Miller,199999.99999999997,101280.86273727368,98719.13726272629,49.35956863136315
1092432,Bruno Ramos,249999.9999999998,348770.4451823928,98770.44518239298,39.50817807295723
249274,Sergio Llamas,249999.9999999998,151229.08000018317,98770.91999981663,39.50836799992668
192605,Noam Baumann,324999.9999999999,423791.6290607579,98791.62906075804,30.397424326387103
453770,Justin Heekeren,499999.99999999977,598807.1868914391,98807.18689143937,19.761437378287884
7501,Juan Carlos Valerón,100000.00000000004,198848.87708009116,98848.87708009112,98.84887708009107
258002,Luís Mata,299999.99999999977,398889.46409430524,98889.46409430547,32.963154698101846
52093,Maximilian Riedmüller,25000.000000000004,123897.82893147034,98897.82893147034,395.5913157258813
1046001,Luka Savatovic,199999.99999999997,101089.93036615095,98910.06963384902,49.45503481692452
1220226,Mohamed Bawa,25000.000000000004,123913.41229636002,98913.41229636002,395.65364918544003
540693,Emeric Depussay,249999.9999999998,348926.84097684367,98926.84097684387,39.57073639073758
29678,Ugur Kavuk,150000.00000000006,51025.08576883025,98974.91423116981,65.98327615411318
365476,Nikita Sorokin,25000.000000000004,124176.42212383097,99176.42212383097,396.70568849532384
72734,Mathieu Cornet,75000.00000000004,174209.49779620723,99209.49779620719,132.27933039494283
118874,Hussein Zein,349999.9999999997,250763.70452401772,99236.29547598198,28.353227278852017
644768,Joe-Loïc Affamah,100000.00000000004,199356.40499389413,99356.40499389409,99.35640499389405
1193300,Denis Omedi,150000.00000000006,249415.08105610055,99415.08105610049,66.27672070406697
155469,Bruno Lopes,100000.00000000004,199434.9128528388,99434.91285283877,99.43491285283872
673429,Milan Majstorovic,1200000.0000000005,1100474.262432774,99525.7375672264,8.29381146393553
481689,Nikolaos Dosis,124999.9999999999,224557.9592000977,99557.95920009782,79.64636736007832
441128,Luca Napoleone,75000.00000000004,174562.6424716117,99562.64247161166,132.7501899621488
879321,Van Khang Khuat,299999.99999999977,200435.9487926729,99564.05120732688,33.18801706910898
362790,Luiz Fernando,249999.9999999998,349576.2793356369,99576.27933563708,39.83051173425486
339005,Farouk Miya,199999.99999999997,299719.1880576619,99719.1880576619,49.859594028830955
15773,Phil Bardsley,75000.00000000004,174884.8797246277,99884.87972462767,133.1798396328368
129363,Siyanda Xulu,349999.9999999997,250039.19268467627,99960.80731532344,28.560230661521008
73720,Viktor Genev,199999.99999999997,100008.53014479234,99991.46985520763,49.99573492760383
1306974,Heon-jae Lee,25000.000000000004,125002.36599288761,100002.36599288761,400.0094639715504
89480,Dimitrios Ferfelis,50000.000000000015,150055.96315455722,100055.9631545572,200.11192630911435
70114,Anton Zabolotnyi,299999.99999999977,199926.67719053652,100073.32280946325,33.357774269821114
214534,In-sung Kim,249999.9999999998,149903.86850257588,100096.13149742392,40.038452598969606
393339,Rafaelson,600000.0000000003,499883.6389227166,100116.36107728374,16.68606017954728
1086815,Aldahir Pérez,999999.9999999997,899839.0394430108,100160.96055698884,10.016096055698888
648887,Divaio Bobson,199999.99999999997,99723.38722761344,100276.61277238654,50.13830638619328
265671,George Fochive,100000.00000000004,200285.06291986752,100285.06291986747,100.28506291986743
628825,Óscar Castellanos,349999.9999999997,249693.75282671573,100306.24717328398,28.658927763795443
138846,Darko Bjedov,75000.00000000004,175356.41984853256,100356.41984853252,133.80855979804326
376106,Anel Sabanadzovic,175000.00000000012,275364.2710130802,100364.27101308008,57.3510120074743
1061260,Iago Parente,150000.00000000006,250365.20084127985,100365.20084127979,66.9101338941865
111667,Marcinho,299999.99999999977,199471.53645630702,100528.46354369275,33.50948784789761
282240,Brad Halliday,249999.9999999998,149391.59669717797,100608.40330282183,40.24336132112876
854686,Jahaziel Marchand,549999.9999999998,650648.9622500961,100648.96225009637,18.29981131819935
525131,Yacine Bourhane,449999.99999999994,349347.841000237,100652.15899976296,22.36714644439177
112991,Fidelis,299999.99999999977,199318.7630750065,100681.23692499328,33.560412308331124
461717,Vedad Radonja,299999.99999999977,400757.1279955587,100757.12799555896,33.58570933185302
216564,Marvin Johnson,299999.99999999977,199021.86200623645,100978.13799376332,33.65937933125446
77752,Baiano,50000.000000000015,151030.2728955708,101030.27289557077,202.06054579114146
5880,Morgan De Sanctis,249999.9999999998,148934.56896820516,101065.43103179464,40.42617241271789
446048,Santiphap Channgom,299999.99999999977,401073.8259388006,101073.82593880082,33.691275312933634
592336,Max Walef,499999.99999999977,398900.5435127794,101099.45648722036,20.219891297444082
282900,Pablo Martínez,249999.9999999998,148872.0229778491,101127.9770221507,40.45119080886032
364450,Fawaz Al-Sqoor,449999.99999999994,551163.6531535888,101163.65315358882,22.48081181190863
391281,Ismayil Ibrahimli,499999.99999999977,398784.5506773835,101215.44932261627,20.243089864523263
332929,Georgios Goutsidis,75000.00000000004,176274.3578161222,101274.35781612217,135.0324770881628
10424,John Rankin,249999.9999999998,148710.24912233956,101289.75087766023,40.515900351064126
75118,Rodrigo Galo,50000.000000000015,151376.95570244052,101376.95570244051,202.75391140488094
844341,Dylan Escobar,449999.99999999994,348616.2759932293,101383.72400677064,22.529716445949035
293750,Lewis Moore,75000.00000000004,176415.14661601724,101415.1466160172,135.22019548802285
795762,Elias Bakatukanda,299999.99999999977,401437.410142328,101437.41014232824,33.81247004744277
335563,Marco Priis Jörgensen,50000.000000000015,151513.84438726722,101513.8443872672,203.02768877453437
702332,Euse Monzó,199999.99999999997,98406.40269791809,101593.59730208188,50.796798651040945
1269453,Amine Ouahabi,100000.00000000004,201603.73113881273,101603.73113881268,101.60373113881265
132002,Jonny Mosquera,150000.00000000006,251633.78881667458,101633.78881667453,67.75585921111632
336163,JT Marcinkowski,399999.9999999999,501691.65959248727,101691.65959248738,25.422914898121853
3713,Massimo Maccarone,150000.00000000006,48242.41375791185,101757.5862420882,67.83839082805878
351181,Yusuf,199999.99999999997,98219.5407684555,101780.45923154448,50.89022961577224
503032,Edu Frías,199999.99999999997,98184.29466895582,101815.70533104416,50.90785266552208
537490,Matias Rocchi,25000.000000000004,126878.68928659357,101878.68928659357,407.5147571463742
520456,Wesley Dias,150000.00000000006,251904.99933041877,101904.99933041871,67.93666622027911
552541,Soo-il Park,399999.9999999999,298062.526492452,101937.47350754787,25.484368376886973
44741,Beram Kayal,299999.99999999977,198021.0877201292,101978.91227987056,33.99297075995688
74550,Jefferson,299999.99999999977,197945.55682625272,102054.44317374704,34.01814772458238
239583,Jacopo Ferri,10000.00000000001,112075.81328622141,102075.8132862214,1020.758132862213
207049,Elvio van Overbeek,50000.000000000015,152180.0333793592,102180.03337935919,204.3600667587183
950528,Saleh Al-Harthi,100000.00000000004,202210.09600717307,102210.09600717302,102.21009600717296
68915,Oleg Krasnopyorov,299999.99999999977,197713.9170591159,102286.08294088388,34.09536098029465
223068,Tana,324999.9999999999,222711.0706875418,102288.92931245809,31.47351671152558
281040,Apostolos Tsiolis,50000.000000000015,152330.6849781808,102330.68497818078,204.66136995636154
45921,Luke Daniels,150000.00000000006,252330.99265813286,102330.9926581328,68.2206617720885
457774,Ensar Kemaloğlu,199999.99999999997,97637.97169808373,102362.02830191625,51.18101415095813
260315,Artem Yarmolitskiy,199999.99999999997,97628.16004371006,102371.83995628991,51.185919978144966
299232,Mustafa Cecenoglu,150000.00000000006,47614.89692562795,102385.1030743721,68.25673538291471
100240,Djamal,100000.00000000004,202396.06211549608,102396.06211549604,102.396062115496
406889,Pelle Boevink,199999.99999999997,97582.16396344852,102417.83603655145,51.20891801827573
554175,Alpha Diounkou,299999.99999999977,197483.7852716012,102516.21472839857,34.172071576132886
71579,Iñigo Pérez,600000.0000000003,497473.0057685253,102526.99423147505,17.087832371912498
628970,Ariel Uribe,600000.0000000003,702538.2093806103,102538.20938060991,17.089701563434975
312553,Liam Gibson,199999.99999999997,302597.77845199755,102597.77845199758,51.2988892259988
174089,Santy Ngom,150000.00000000006,252635.23655257444,102635.23655257438,68.42349103504955
73120,Ahmed Kashi,249999.9999999998,147361.83888339272,102638.16111660708,41.055264446642866
29073,Fernando Usero,50000.000000000015,152684.02704911167,102684.02704911165,205.36805409822324
4219,David Fox,249999.9999999998,352915.0954415645,102915.09544156471,41.16603817662592
334538,Jordan Silva,399999.9999999999,296982.1818192055,103017.81818079436,25.754454545198595
49734,Jan Kirchhoff,275000.0000000002,378064.23274890246,103064.23274890229,37.47790281778263
93553,Tobias Schilk,124999.9999999999,228099.82285099532,103099.82285099542,82.4798582807964
111227,Andrea Conti,499999.99999999977,603102.0319565238,103102.031956524,20.62040639130481
461258,Gabriel Nunes,75000.00000000004,178213.2579526143,103213.25795261427,137.61767727015229
39783,Alejandro Alfaro,299999.99999999977,196749.53606441885,103250.46393558092,34.41682131186033
144688,Diogo Campos,324999.9999999999,428315.5571425861,103315.55714258621,31.789402197718847
169841,Vladimir Golemic,449999.99999999994,346670.3523481551,103329.64765184483,22.96214392263219
927821,Leo Mascaró,100000.00000000004,203336.19968595126,103336.19968595121,103.33619968595119
108878,Adam Matthews,399999.9999999999,296649.4479175107,103350.55208248919,25.837638020622304
118294,Harry Novillo,249999.9999999998,146482.44138651426,103517.55861348554,41.407023445394245
36808,Chris Robertson,249999.9999999998,146445.88719529653,103554.11280470327,41.42164512188134
1094885,Otávio,1499999.9999999986,1396430.8133764178,103569.18662358075,6.904612441572057
289564,Christophe Janssens,299999.99999999977,196400.71258827145,103599.28741172832,34.53309580390947
131098,Salvador Ichazo,199999.99999999997,303619.9040380168,103619.90403801683,51.80995201900842
111005,Frédéric Bulot,150000.00000000006,253629.03552088363,103629.03552088357,69.08602368058901
497142,George Marks,100000.00000000004,203680.80571454673,103680.80571454669,103.68080571454665
166230,Josip Vukovic,349999.9999999997,453687.69037673256,103687.69037673285,29.62505439335227
329722,André Horta,2000000.0000000016,1896307.4387868969,103692.56121310475,5.184628060655233
48411,Zoumana Bakayogo,199999.99999999997,303700.9742355146,103700.97423551462,51.85048711775732
218353,Sassá,299999.99999999977,196275.67580633707,103724.3241936627,34.57477473122093
353253,Caleb Gomina,199999.99999999997,96262.57371086393,103737.42628913604,51.86871314456803
210009,Marwane Saadane,399999.9999999999,296203.3511909138,103796.64880908607,25.949162202271523
103428,Bjørn Paulsen,25000.000000000004,128882.49326698278,103882.49326698278,415.5299730679311
72087,Andres Tuñez,249999.9999999998,146029.57748475543,103970.42251524437,41.58816900609778
324512,Giannis Varkas,249999.9999999998,145943.26120442696,104056.73879557283,41.62269551822917
334082,Rodrigo Colombo,324999.9999999999,220915.70116899654,104084.29883100334,32.025938101847196
31182,Andreas Beck,199999.99999999997,304102.38410065015,104102.38410065018,52.05119205032509
39914,Mathieu Coutadeur,199999.99999999997,304125.97518766474,104125.97518766476,52.06298759383239
40612,Liam Bridcutt,199999.99999999997,304283.16192309064,104283.16192309067,52.141580961545344
244497,Konstantinos Markopoulos,249999.9999999998,145665.9803418194,104334.01965818039,41.73360786327219
650809,Shaquil Delos,399999.9999999999,295658.0555254801,104341.94447451981,26.08548611862996
83951,Dries Wuytens,299999.99999999977,195620.02056225,104379.97943774977,34.793326479249956
548371,Egy Maulana Vikri,299999.99999999977,195562.15528196355,104437.84471803621,34.812614906012094
464699,Mark Pabai,249999.9999999998,145546.82988372503,104453.17011627476,41.781268046509936
943592,Jelani Seedorf,249999.9999999998,354489.00909427577,104489.00909427597,41.79560363771042
216499,Fouad Chafik,50000.000000000015,154504.08747810943,104504.08747810942,209.0081749562188
114341,Anselmo,100000.00000000004,204569.32943809906,104569.32943809901,104.56932943809896
650833,Daniel Ruiz,899999.9999999995,1004609.9676270457,104609.96762704616,11.623329736338468
712560,Mikhail Sukhoruchenko,225000.00000000015,120288.71546102625,104711.2845389739,46.53834868398837
188498,Brayan Perea,399999.9999999999,295284.12721441383,104715.87278558605,26.178968196396518
990132,Mohammed Al-Rashidi,50000.000000000015,154781.21237085763,104781.21237085761,209.56242474171515
1157616,Abdel Kader Coulibaly,50000.000000000015,154798.0008218129,104798.00082181288,209.5960016436257
64118,Alexandru Bourceanu,199999.99999999997,95123.1129005595,104876.88709944047,52.43844354972025
324111,Teun Bijleveld,275000.0000000002,170028.23661364388,104971.7633863563,38.171550322311354
276689,Jakob Andreasen,50000.000000000015,155094.85901280734,105094.85901280733,210.1897180256146
905408,Mamadou Camara,249999.9999999998,144893.88952780247,105106.11047219732,42.04244418887896
418652,Leroy Abanda,449999.99999999994,344875.0070393019,105124.99296069803,23.361109546821787
252778,Valeriy Kurelekh,25000.000000000004,130158.73305974106,105158.73305974106,420.63493223896415
52956,Gerson Acevedo,100000.00000000004,205169.51124315392,105169.51124315387,105.16951124315383
460757,Francesco Semeraro,100000.00000000004,205197.40651280334,105197.4065128033,105.19740651280325
697663,Oliver Roche,150000.00000000006,44772.795044317914,105227.20495568214,70.15146997045474
523947,Kevin Čustović,299999.99999999977,194726.47848537427,105273.52151462549,35.09117383820852
274839,Wilfred Ndidi,8000000.000000002,8105299.164664739,105299.16466473695,1.3162395583092115
67245,Martijn van der Laan,100000.00000000004,205370.8565382779,105370.85653827786,105.37085653827782
517669,Allef,124999.9999999999,230447.54065358933,105447.54065358943,84.35803252287161
1079362,Eamonn McCarron,199999.99999999997,94453.73094734494,105546.26905265503,52.773134526327524
198629,Moise Adilehou,299999.99999999977,194315.32741819977,105684.6725818,35.22822419393336
168166,Lucas Pirard,349999.9999999997,455706.51800252334,105706.51800252363,30.20186228643535
88016,Björn Sigurdarson,75000.00000000004,180741.33105728385,105741.33105728381,140.98844140971167
89208,Casper Sloth,100000.00000000004,205775.44328076998,105775.44328076993,105.77544328076989
35600,Miguel Flaño,199999.99999999997,94166.80512409977,105833.1948759002,52.91659743795011
402117,Jules Keita,299999.99999999977,194093.50023031604,105906.49976968372,35.302166589894604
124697,Georgios Kaminiaris,249999.9999999998,144072.8455678912,105927.1544321086,42.37086177284347
1143410,Hayato Inamura,449999.99999999994,555935.090220983,105935.09022098308,23.541131160218466
281909,Anders Holst,199999.99999999997,93890.51417159275,106109.48582840723,53.05474291420362
633169,Nil Garrido,50000.000000000015,156170.3769690624,106170.37696906239,212.3407539381247
31218,Johannes van den Bergh,249999.9999999998,143808.5750149101,106191.42498508969,42.47656999403591
595169,Ansou Sow,249999.9999999998,143761.8737145605,106238.1262854393,42.49525051417575
8740,Josef Cinar,50000.000000000015,156258.72751598348,106258.72751598347,212.51745503196688
858645,Jae-won Lee,150000.00000000006,256298.88558259993,106298.88558259988,70.86592372173322
285621,Mohammed Fuseini,25000.000000000004,131310.2677394647,106310.2677394647,425.2410709578587
537706,Lucas Fox,124999.9999999999,231376.4860243983,106376.4860243984,85.1011888195188
1050131,Lucas Scicluna,249999.9999999998,356485.78238955315,106485.78238955335,42.59431295582137
18929,Stelios Iliadis,249999.9999999998,143462.46407194206,106537.53592805774,42.61501437122313
813109,Bruno Marques,299999.99999999977,406572.6056104949,106572.60561049514,35.52420187016507
616228,Filippo Neri,249999.9999999998,143412.20457088924,106587.79542911056,42.63511817164426
956819,Umidjan Yusup,399999.9999999999,506626.5028665178,106626.50286651793,26.656625716629488
981977,Axel Guéguin,150000.00000000006,256657.2435363974,106657.24353639735,71.10482902426487
707364,Stijn Hogervorst,25000.000000000004,131660.61645019756,106660.61645019756,426.64246580079015
31642,Geoff Cameron,150000.00000000006,256714.94892775436,106714.9489277543,71.1432992851695
84979,Callum Booth,249999.9999999998,143151.19364962555,106848.80635037425,42.739522540149736
276567,Justin Hoffmanns,75000.00000000004,181926.72816371577,106926.72816371573,142.5689708849542
74861,David Wotherspoon,299999.99999999977,193063.80524126175,106936.19475873801,35.6453982529127
229854,Leandrinho,299999.99999999977,193063.364120113,106936.63587988677,35.64554529329562
400131,Siebe Van der Heyden,3000000.000000001,3106974.237428353,106974.23742835224,3.5658079142784063
533134,Francesco Cusumano,50000.000000000015,156995.32711358304,106995.32711358303,213.99065422716598
817676,Geovani,449999.99999999994,342924.98965974763,107075.01034025231,23.794446742278293
109793,Raffael Korte,100000.00000000004,207136.74284374932,107136.74284374928,107.13674284374923
375663,Artem Golubev,349999.9999999997,242750.6312683244,107249.36873167532,30.642676780478688
344541,Zé Pedro,175000.00000000012,282264.51297338365,107264.51297338353,61.29400741336198
14574,Craig Conway,349999.9999999997,242565.42106127122,107434.57893872849,30.69559398249388
924800,Axel Camblan,499999.99999999977,392507.88968641846,107492.1103135813,21.498422062716273
12101,Franck Signorino,249999.9999999998,357526.31453237083,107526.31453237103,43.010525812948444
25368,Njazi Kuqi,25000.000000000004,132579.0672452515,107579.0672452515,430.3162689810059
455945,Adílio Santos,199999.99999999997,307628.2517982807,107628.25179828072,53.814125899140365
140310,Ryota Morioka,399999.9999999999,507640.2136250925,107640.21362509264,26.910053406273164
73662,Joni Kauko,299999.99999999977,192278.71055324952,107721.28944675025,35.90709648225011
80702,Mark Birighitti,100000.00000000004,207752.48831134406,107752.48831134402,107.75248831134397
334213,Lukas Daschner,999999.9999999997,1107793.1398048752,107793.1398048756,10.779313980487563
595937,Jorn Berkhout,249999.9999999998,142173.25848866563,107826.74151133417,43.1306966045337
1026007,Adam Forrester,249999.9999999998,142146.10034620055,107853.89965379925,43.14155986151974
149949,Nuri Fatih Aydin,50000.000000000015,157885.860910895,107885.86091089497,215.77172182178987
1503054,Harvey Sarajian,199999.99999999997,307887.33384785336,107887.33384785338,53.943666923926706
234161,Conor Pepper,50000.000000000015,157915.07203278568,107915.07203278567,215.83014406557126
867082,Abakar Gadzhiev,399999.9999999999,507916.6562581272,107916.6562581273,26.979164064531837
422698,Cristian Tarragona,199999.99999999997,92044.34844936852,107955.65155063145,53.977825775315736
354232,Hakim El Mokeddem,249999.9999999998,142011.16602538756,107988.83397461224,43.19553358984493
44367,Roman Eremenko,25000.000000000004,133027.04432334437,108027.04432334437,432.1081772933774
61809,Rochdi Achenteh,150000.00000000006,258034.05722258158,108034.05722258153,72.02270481505433
396831,Yassine Abdelali,25000.000000000004,133036.9003922569,108036.90039225691,432.14760156902753
59930,Apodi,199999.99999999997,91961.90613097287,108038.0938690271,54.01904693451356
517469,Paris Babis,299999.99999999977,191844.96559761907,108155.0344023807,36.05167813412693
293450,Baily Cargill,199999.99999999997,308295.6295776399,108295.62957763995,54.14781478881998
541749,Luqman Hakim,50000.000000000015,158369.95553454335,108369.95553454333,216.7399110690866
628080,Muhammet Akpinar,175000.00000000012,66524.85331430801,108475.1466856921,61.98579810610973
1025798,Arthur Harinck,50000.000000000015,158503.13749571473,108503.13749571472,217.0062749914294
81785,Shinji Kagawa,150000.00000000006,258527.93770517898,108527.93770517892,72.35195847011924
508637,Solomon Bonnah,349999.9999999997,458565.19646698644,108565.19646698673,31.018627561996237
291522,Tommaso Fantacci,75000.00000000004,183580.83262574562,108580.83262574558,144.774443500994
505640,Koki Fukui,199999.99999999997,308588.69853660016,108588.69853660019,54.2943492683001
743375,Tom Poitoux,199999.99999999997,91373.99833790673,108626.00166209324,54.31300083104663
668323,Jakub Kolar,275000.0000000002,383662.956470182,108662.95647018182,39.51380235279336
182420,Loris Brogno,349999.9999999997,241311.33061612773,108688.66938387198,31.053905538249165
922621,Ryan Kessler,299999.99999999977,408731.7317375245,108731.73173752474,36.243910579174944
179634,Robert Bauer,800000.0000000005,691256.7090947636,108743.29090523685,13.592911363154597
217839,Antonis Ranos,299999.99999999977,191207.18771362497,108792.8122863748,36.26427076212496
287737,Tiziano Tulissi,75000.00000000004,183794.7341947453,108794.73419474527,145.0596455929936
149412,Ahmed Sassi,249999.9999999998,141154.371460543,108845.62853945678,43.538251415782746
765519,Beto Ydrach,175000.00000000012,283852.04284706316,108852.04284706304,62.201167341178845
618495,James Norris,175000.00000000012,283943.29569744377,108943.29569744365,62.253311827110615
962739,Ibrahim Al-Rajhi,225000.00000000015,116053.09826016819,108946.90173983196,48.42084521770306
247906,Álex Portillo,150000.00000000006,259008.89740422182,109008.89740422176,72.67259826948114
218233,Fredrik Oldrup Jensen,249999.9999999998,359015.86725105124,109015.86725105144,43.60634690042061
950727,Victor Mayela,199999.99999999997,309086.1593470748,109086.15934707483,54.54307967353742
161244,Conor O'Brien,299999.99999999977,190908.6268565815,109091.37314341826,36.36379104780612
104376,Filip Kurto,249999.9999999998,140843.55182869302,109156.44817130678,43.66257926852275
310759,Jean-Marc Makusu,199999.99999999997,309223.73457292246,109223.73457292249,54.611867286461255
295309,Aliyu Abubakar,100000.00000000004,209331.3144285738,109331.31442857375,109.3313144285737
257461,Nemanja Ivanovic,50000.000000000015,159446.51631394576,109446.51631394574,218.89303262789142
234793,Nikolaos Kourellas,124999.9999999999,234492.52005562527,109492.52005562537,87.59401604450036
203136,Yuri Mamute,199999.99999999997,309514.6111062125,109514.61110621251,54.757305553106264
156939,Ben Heneghan,249999.9999999998,359560.4586203049,109560.45862030509,43.82418344812207
314975,Steve Ryckaert,199999.99999999997,90409.06539434445,109590.93460565552,54.795467302827774
34345,Ilyas Zeytullaev,50000.000000000015,159643.02932297153,109643.02932297152,219.28605864594294
96798,Davide Petrucci,50000.000000000015,159783.89323564977,109783.89323564975,219.56778647129943
211251,Darwin Machís,349999.9999999997,459801.68935472885,109801.68935472914,31.37191124420835
452707,Jordan Smith,50000.000000000015,159847.95338975723,109847.95338975721,219.69590677951433
352770,Tiago Morgado,249999.9999999998,140121.5147638108,109878.48523618901,43.95139409447564
30003,Wout Brama,100000.00000000004,209994.51900447896,109994.51900447892,109.99451900447887
564842,Jefferson Brenes,299999.99999999977,410053.9459068107,110053.94590681093,36.68464863560367
262613,Pelle van Amersfoort,1499999.9999999986,1610070.609423665,110070.6094236665,7.33804062824444
487210,Vladimir Bradonjic,349999.9999999997,239912.80040330664,110087.19959669307,31.453485599055185
342216,Julien Serrano,249999.9999999998,139845.4942958846,110154.5057041152,44.061802281646116
177280,Vitaliy Gemega,10000.00000000001,120183.81951618478,110183.81951618477,1101.8381951618467
34543,Dusan Svento,299999.99999999977,189795.9162156226,110204.08378437717,36.73469459479242
1045943,Vladan Carapic,150000.00000000006,260280.52500122783,110280.52500122777,73.52035000081848
131090,Diego Reyes,649999.9999999995,760321.4581163195,110321.45811631996,16.972532017895393
369580,Alem Pasic,499999.99999999977,389675.1535980305,110324.84640196926,22.06496928039386
659886,Bill,299999.99999999977,189628.0715273261,110371.92847267367,36.790642824224584
477947,San Sat Naing,100000.00000000004,210544.12252121943,110544.12252121938,110.54412252121932
170576,Gela Zaseev,25000.000000000004,135551.0316083072,110551.03160830721,442.2041264332288
356621,Adam Frizzell,225000.00000000015,114319.67491267006,110680.32508733009,49.19125559436889
1240382,Alan Forneris,600000.0000000003,710729.6017501716,110729.60175017128,18.454933625028534
72422,Mamadou Samassa,249999.9999999998,139195.72080924557,110804.27919075423,44.32171167630173
462772,Tayyip Talha Sanuç,1499999.9999999986,1611016.397085165,111016.3970851663,7.401093139011093
96267,Zeljko Filipovic,299999.99999999977,188944.35927620917,111055.6407237906,37.01854690793023
194620,Giannis Diniotakis,124999.9999999999,236112.20204840758,111112.20204840768,88.88976163872621
424008,Ben Williamson,199999.99999999997,88845.96247098564,111154.03752901433,55.577018764507166
1064381,James Nieuwenhuizen,100000.00000000004,211189.23867520082,111189.23867520077,111.18923867520071
16870,Cesare Natali,100000.00000000004,211239.8772850781,111239.87728507807,111.23987728507802
895615,Haruka Motoyama,249999.9999999998,361288.52240357554,111288.52240357574,44.51540896143033
380026,Justin Amaluzor,75000.00000000004,186329.1923549448,111329.19235494475,148.43892313992626
205519,Karim Coulibaly,150000.00000000006,261338.4124247887,111338.41242478864,74.22560828319239
261357,Cameron Brannagan,499999.99999999977,388638.3584211452,111361.64157885459,22.272328315770928
183348,Marko Kolaković,100000.00000000004,211380.26323572078,111380.26323572073,111.38026323572068
372908,Alexandru Albu,249999.9999999998,138617.01289536103,111382.98710463877,44.55319484185554
27374,Sidnei,249999.9999999998,361396.72194352106,111396.72194352126,44.55868877740854
175449,Moi Gómez,1499999.9999999986,1388566.7278382143,111433.27216178435,7.42888481078563
626899,Baba Alhassan,749999.9999999998,861505.6932001908,111505.69320019102,14.867425760025474
935550,Arda Kılıç,50000.000000000015,161531.34922184626,111531.34922184625,223.06269844369245
120095,José Campaña,749999.9999999998,861546.0098274293,111546.00982742955,14.872801310323943
88709,Luca Scapuzzi,175000.00000000012,286557.3696707626,111557.3696707625,63.74706838329281
340309,Mich'el Parker,10000.00000000001,121567.14690478226,111567.14690478225,1115.6714690478213
1070536,Tiago Machado,100000.00000000004,211623.28275071917,111623.28275071913,111.62328275071907
739675,Bryce Duke,1200000.0000000005,1088374.8644255144,111625.1355744861,9.302094631207172
292805,Lennerd Daneels,299999.99999999977,188278.6142441964,111721.38575580338,37.240461918601156
234044,Romário,75000.00000000004,186846.9789586817,111846.97895868165,149.1293052782421
522260,Nemanja Nikolic,175000.00000000012,286875.2274696385,111875.2274696384,63.9287014112219
93751,Kévin Rimane,150000.00000000006,261879.18964795888,111879.18964795882,74.58612643197252
687059,Danil Kazantsev,150000.00000000006,262167.2046724879,112167.20467248786,74.77813644832521
1220232,Lucas Sanabria,3499999.9999999995,3387815.8566623023,112184.14333769726,3.2052612382199217
989632,Trung Kien Tran,199999.99999999997,87814.99741120664,112185.00258879333,56.09250129439667
391496,Mustafa Seyhan,175000.00000000012,62709.7660973522,112290.23390264792,64.16584794437019
357190,Omiros Syrengelas,50000.000000000015,162409.3496361862,112409.34963618619,224.81869927237233
307098,Kerim Memija,299999.99999999977,187483.58672724274,112516.41327275702,37.50547109091904
611430,Momo Diaby,299999.99999999977,412543.22594656673,112543.22594656696,37.514408648855685
147078,Fran Vélez,150000.00000000006,262592.2394703732,112592.23947037314,75.06149298024873
911244,Sebastian Walker,399999.9999999999,287348.6403102782,112651.35968972166,28.162839922430422
1271379,Sérgio Malé,75000.00000000004,187678.6331151916,112678.63311519155,150.23817748692198
46662,Cristian Tanase,199999.99999999997,87303.5989456612,112696.40105433877,56.34820052716939
1210202,Yojan Garcés,249999.9999999998,137160.2952114589,112839.7047885409,45.1358819154164
23817,Dan Twardzik,50000.000000000015,162935.07392941395,112935.07392941393,225.8701478588278
338297,Alessandro Turrin,75000.00000000004,187972.1846235709,112972.18462357087,150.6295794980944
464983,Jonas Dakir,249999.9999999998,136952.681491395,113047.3185086048,45.21892740344196
706245,Nemanja Zunic,249999.9999999998,363049.9576588784,113049.95765887861,45.21998306355148
614262,Charlie McNeill,199999.99999999997,313181.3160476276,113181.31604762762,56.59065802381382
364144,Felix Örn Fridriksson,75000.00000000004,188182.34629028544,113182.3462902854,150.9097950537138
194947,Aleksey Evseev,299999.99999999977,186816.6083164053,113183.39168359447,37.72779722786485
69059,Zsolt Korcsmár,299999.99999999977,186771.54795833008,113228.45204166969,37.74281734722326
173131,Mahmoud Ezzat,100000.00000000004,213260.9651936713,113260.96519367125,113.2609651936712
292152,Rafael Thyere,249999.9999999998,363298.0825188611,113298.08251886131,45.31923300754456
710999,Silvinho Esajas,150000.00000000006,263314.4568877729,113314.45688777283,75.5429712585152
25508,Salvatore Sirigu,275000.0000000002,161622.2640213822,113377.73597861797,41.22826762858833
393304,Maurice Opfermann Arcones,50000.000000000015,163492.58808753162,113492.5880875316,226.98517617506315
98320,Kalidou Yero,75000.00000000004,188633.28402931234,113633.2840293123,151.5110453724163
121269,Ryan Watson,150000.00000000006,263752.0443507052,113752.04435070517,75.83469623380341
564620,Samir Lagsir,124999.9999999999,238832.75323900417,113832.75323900428,91.06620259120349
108692,Frank Olijve,124999.9999999999,238834.1412495097,113834.1412495098,91.06731299960792
177960,Hamza Barry,299999.99999999977,186130.44501583418,113869.55498416559,37.956518328055225
874043,Louie Marsh,150000.00000000006,264010.41552965424,114010.41552965419,76.00694368643609
264278,Jan Grzesik,349999.9999999997,235905.24277393785,114094.75722606186,32.59850206458913
369030,Wang-Kit Tsui,199999.99999999997,314116.3526294173,114116.35262941735,57.05817631470869
322800,Srdjan Plavsic,225000.00000000015,339116.58388222056,114116.58388222041,50.71848172543126
315850,Marco Tumminello,249999.9999999998,135872.0970105803,114127.9029894195,45.651161195767834
627143,Ronan Wynne,150000.00000000006,264212.64314834133,114212.64314834127,76.14176209889415
337816,Sinan Karweina,299999.99999999977,414257.35351959564,114257.35351959587,38.085784506531986
610414,Saeed Issah,150000.00000000006,264276.28905748733,114276.28905748727,76.18419270499149
401319,Lukas Browning Lagerfeldt,124999.9999999999,239331.40747211385,114331.40747211395,91.46512597769123
909961,Jumpei Hayakawa,299999.99999999977,185643.1175564077,114356.88244359207,38.118960814530716
623331,Bogdan Viunnyk,499999.99999999977,614379.1645739662,114379.16457396641,22.875832914793293
16746,Niko Kranjcar,499999.99999999977,385620.57054049283,114379.42945950694,22.875885891901397
1024661,David Falkner,75000.00000000004,189432.3849178555,114432.38491785545,152.57651322380718
57370,Damien Da Silva,199999.99999999997,85431.98478275357,114568.0152172464,57.28400760862321
346482,Dan Nlundulu,349999.9999999997,464586.06791797205,114586.06791797234,32.73887654799212
410237,Moussa Seydi,75000.00000000004,189593.77871818197,114593.77871818193,152.7917049575758
298231,Courtney Baker-Richardson,249999.9999999998,364598.39350855624,114598.39350855644,45.83935740342262
294701,Kianz Froese,249999.9999999998,364683.08995100646,114683.08995100667,45.873235980402704
288228,Adrián Dalmau,199999.99999999997,314689.6575321965,114689.65753219652,57.34482876609827
767439,Wei-Chieh Huang,50000.000000000015,164705.85494844514,114705.85494844512,229.4117098968902
585420,Bryan Castrillón,600000.0000000003,485252.8917169981,114747.10828300222,19.124518047167026
353559,Dominik Oroz,999999.9999999997,1114763.5092974287,114763.509297429,11.476350929742903
223971,Gary Oliver,50000.000000000015,164788.72058003984,114788.72058003982,229.5774411600796
284846,Innokentiy Samokhvalov,199999.99999999997,85161.69349503757,114838.3065049624,57.4191532524812
331498,Jordi Mboula,499999.99999999977,614879.5536723053,114879.55367230554,22.97591073446112
509599,Alec Smir,150000.00000000006,264910.18954418355,114910.1895441835,76.60679302945563
291231,Juraj Chvatal,199999.99999999997,314976.11482074996,114976.11482075,57.488057410375006
972552,Taro Hamada,249999.9999999998,135012.8365494143,114987.1634505855,45.99486538023424
344010,Ryan Harrington,75000.00000000004,190293.17827750984,115293.1782775098,153.72423770334632
148957,Carl McHugh,399999.9999999999,284676.9587218673,115323.04127813259,28.830760319533155
165400,Lloyd Palun,249999.9999999998,134598.46956264589,115401.53043735391,46.1606121749416
4687,Aaron Hunt,249999.9999999998,134590.37308065014,115409.62691934966,46.1638507677399
520056,Ilya Kuptsov,100000.00000000004,215480.72426210565,115480.7242621056,115.48072426210555
910804,Noah Leddel,124999.9999999999,240552.0907524892,115552.0907524893,92.44167260199151
34325,Giannis Siderakis,249999.9999999998,134439.4322315943,115560.56776840548,46.22422710736223
374562,Sebastian Milewski,499999.99999999977,384421.41298082616,115578.5870191736,23.115717403834733
578878,Ángel Baena,499999.99999999977,615593.3292806869,115593.32928068715,23.11866585613744
735411,Christos Kryparakos,175000.00000000012,59382.20301773289,115617.79698226723,66.06731256129552
470009,Salah Mohsen,800000.0000000005,684363.1363615983,115636.8636384022,14.454607954800267
266775,Federico Bravo,299999.99999999977,184343.63433276597,115656.3656672338,38.55212188907796
183124,Milos Antic,199999.99999999997,84301.19866962638,115698.8013303736,57.8494006651868
352015,Miguel Carvalho,100000.00000000004,215719.14585577912,115719.14585577908,115.71914585577903
424326,Cheick Touré,249999.9999999998,134203.4693809079,115796.53061909191,46.31861224763681
572163,Daniil Yermolov,50000.000000000015,165880.81437266376,115880.81437266375,231.7616287453274
3869,Andrew Davies,249999.9999999998,134102.2949304254,115897.70506957438,46.35908202782979
587688,Zdravko Dimitrov,600000.0000000003,484036.32770729164,115963.67229270871,19.327278715451442
226262,Miguel García,150000.00000000006,266057.4121432555,116057.41214325547,77.37160809550362
160643,Vjaceslavs Isajevs,150000.00000000006,266061.0968054343,116061.09680543427,77.37406453695614
770971,Azizbek Daliev,249999.9999999998,133738.8543694079,116261.1456305919,46.504458252236795
251676,Rifet Kapic,800000.0000000005,683737.9515482952,116262.04845170525,14.532756056463148
171307,Joshua Brillante,349999.9999999997,466265.4327126447,116265.43271264498,33.218695060755735
1121048,Renji Hidano,349999.9999999997,233730.47145887,116269.52854112972,33.21986529746566
541402,Khalid Hachadi,50000.000000000015,166277.2527997553,116277.2527997553,232.55450559951055
185427,Nicolai Rapp,700000.0000000006,583610.9070461099,116389.09295389068,16.627013279127226
292739,Alioune Fall,150000.00000000006,266488.314636196,116488.31463619595,77.65887642413061
125868,Pape Souaré,150000.00000000006,266508.4995537959,116508.49955379585,77.67233303586387
134657,Omar Bogle,399999.9999999999,283452.6189626403,116547.38103735959,29.136845259339907
728602,Juan Elordi,399999.9999999999,283435.2605313014,116564.7394686985,29.141184867174637
251829,Shaq Coulthirst,100000.00000000004,216566.70555786244,116566.7055578624,116.56670555786235
638269,Rhaldney,999999.9999999997,1116568.1272403921,116568.1272403925,11.656812724039254
287178,Rubén Sánchez,399999.9999999999,283366.23159416055,116633.76840583934,29.15844210145984
131255,Joseph Mora,275000.0000000002,158350.5110359592,116649.48896404097,42.41799598692396
278496,Andrea Chukanov,249999.9999999998,133296.92091575914,116703.07908424066,46.6812316336963
64431,Kevin Pannewitz,100000.00000000004,216716.63322665534,116716.63322665529,116.71663322665525
127992,Daniel Addo,299999.99999999977,183238.0534958207,116761.94650417907,38.920648834726386
274811,Raymond Gyasi,75000.00000000004,191768.19937058326,116768.19937058321,155.69093249411085
331725,Faiq Bolkiah,175000.00000000012,291780.2231312234,116780.22313122329,66.7315560749847
486236,Iván López,25000.000000000004,141782.39243700093,116782.39243700093,467.1295697480037
502073,Taylor Perry,349999.9999999997,233162.22163491714,116837.77836508257,33.38222239002362
556173,Omar Khailoti,100000.00000000004,216860.75116098853,116860.75116098848,116.86075116098844
17220,Miroslaw Sznaucner,249999.9999999998,132980.9595604908,117019.040439509,46.80761617580364
486456,Harpreet Ghotra,100000.00000000004,217076.93497444713,117076.93497444708,117.07693497444703
566342,Kamil Lukoszek,299999.99999999977,417143.55062386347,117143.5506238637,39.047850207954596
127769,Nwankwo Obiora,199999.99999999997,317156.2765335725,117156.27653357256,58.57813826678628
22340,Michaël Cordier,249999.9999999998,132793.24616040176,117206.75383959804,46.88270153583925
173617,Fabrício,100000.00000000004,217224.43289958235,117224.4328995823,117.22443289958224
444064,Henk van Schaik,25000.000000000004,142265.582137238,117265.582137238,469.06232854895194
700168,João Victor,100000.00000000004,217362.8717900184,117362.87179001835,117.3628717900183
450195,Amar Catic,249999.9999999998,132572.28905250708,117427.71094749271,46.971084378997126
262682,Kingsley Madu,249999.9999999998,132520.15961653896,117479.84038346083,46.99193615338437
387996,Rui Mendes,199999.99999999997,317509.28613239864,117509.28613239867,58.75464306619934
230457,Bruno Gaspar,449999.99999999994,332391.3639665523,117608.63603344763,26.135252451877257
92936,Kelvin Leerdam,50000.000000000015,167655.0262469755,117655.02624697548,235.3100524939509
319160,Jakub Jankto,800000.0000000005,917845.9221145535,117845.92211455305,14.730740264319122
47931,Rafinha,25000.000000000004,142870.90772143353,117870.90772143353,471.48363088573404
955354,Dan Sinaté,150000.00000000006,268031.11613343534,118031.11613343528,78.68741075562349
252005,Murat Torun,199999.99999999997,81933.68232212088,118066.3176778791,59.033158838939556
217130,Daniel Prieto,150000.00000000006,268091.2982932871,118091.29829328705,78.72753219552467
618531,Michalis Kosidis,399999.9999999999,518226.37452646287,118226.37452646298,29.55659363161575
1061846,Gavin Muens,25000.000000000004,143367.9662817511,118367.96628175111,473.47186512700443
330122,Vadym Semchuk,100000.00000000004,218528.79237147566,118528.79237147562,118.52879237147556
303111,Emmanuel Besea,10000.00000000001,128604.64719462296,118604.64719462294,1186.0464719462284
345251,Connor Johnson,50000.000000000015,168622.9844484853,118622.9844484853,237.24596889697054
928288,Oleksandr Dykhtyaruk,150000.00000000006,268632.2101166589,118632.21011665883,79.08814007777252
166630,Manuel Perez,249999.9999999998,368671.75088244275,118671.75088244295,47.46870035297722
93568,Murat Bildirici,25000.000000000004,143782.15273763874,118782.15273763874,475.1286109505549
368860,Torben Müsel,225000.00000000015,343839.2665105666,118839.26651056643,52.81745178247393
110868,Ryan Tunnicliffe,249999.9999999998,368846.6855371318,118846.685537132,47.53867421485284
160910,Mahamadou N'Diaye,100000.00000000004,218892.65686960978,118892.65686960974,118.89265686960968
1049764,Konstantinos Grozos,50000.000000000015,168936.0888589645,118936.08885896449,237.8721777179289
44094,Tarmo Kink,25000.000000000004,144002.77198249186,119002.77198249186,476.0110879299674
610706,Jamal Baptiste,249999.9999999998,130914.297003323,119085.7029966768,47.634281198670756
56372,Hursut Meric,199999.99999999997,80909.77443770067,119090.2255622993,59.545112781149655
228660,Yuriy Dyupin,199999.99999999997,80884.57918577493,119115.42081422504,59.55771040711253
372122,Aleksejs Saveljevs,249999.9999999998,369220.73505656736,119220.73505656756,47.68829402262706
1287394,Austin Harrison,100000.00000000004,219356.66307197337,119356.66307197332,119.35666307197327
565014,Jordan Farr,150000.00000000006,269496.41034939,119496.41034938995,79.66427356625994
1111147,Chijioke Aniagboso,249999.9999999998,130417.12838976488,119582.87161023491,47.833148644094
371980,Mohamed Mallahi,225000.00000000015,105220.07400664374,119779.9259933564,53.23552266371392
98502,Liban Abdi,324999.9999999999,205146.3310269965,119853.6689730034,36.87805199169337
489357,Jefferson Tabinas,399999.9999999999,280127.63745358953,119872.36254641035,29.968090636602597
555500,Jorge Herrando,3499999.9999999995,3619985.6799845165,119985.67998451693,3.428162285271913
625269,Edarlyn Reyes,499999.99999999977,379997.7893107308,120002.21068926895,24.0004421378538
4216,Florent Sinama-Pongolle,249999.9999999998,129737.08632857012,120262.91367142968,48.10516546857191
433651,Ryan Bolaños,199999.99999999997,320272.4743482981,120272.47434829813,60.13623717414907
529512,Kristo Hussar,299999.99999999977,420297.45705510065,120297.45705510088,40.099152351700326
259721,Daniel De Silva,449999.99999999994,329667.7773908682,120332.22260913171,26.740493913140384
879631,Laurit Krasniqi,349999.9999999997,229598.30748766358,120401.69251233613,34.400483574953206
6968,Sancak Kaplan,399999.9999999999,520491.3467599768,120491.34675997694,30.12283668999424
7717,José Antonio Reyes,299999.99999999977,179504.10616504404,120495.89383495573,40.16529794498528
485959,Benrandy Abdallah,150000.00000000006,270507.0518158636,120507.05181586352,80.33803454390899
514240,Diogo Almeida,275000.0000000002,154340.18403484064,120659.81596515953,43.87629671460344
77966,Oğuzhan Özyakup,600000.0000000003,479305.3853806979,120694.61461930245,20.115769103217062
281831,Christian,100000.00000000004,220934.91030826536,120934.91030826532,120.93491030826526
913718,Panagiotis Kyriakou,249999.9999999998,129013.93180939066,120986.06819060913,48.3944272762437
66550,Ángel Rangel,299999.99999999977,179008.25386050963,120991.74613949013,40.330582046496744
501568,Villiam Granath,499999.99999999977,379006.4267819275,120993.57321807224,24.198714643614462
1291336,Konrad Ciszek,150000.00000000006,271028.4556894548,121028.45568945474,80.68563712630313
540887,Enrico Oviszach,100000.00000000004,221069.96672430204,121069.966724302,121.06996672430195
96718,Óscar de Marcos,1499999.9999999986,1378917.5930350362,121082.40696496237,8.072160464330832
711769,João Teixeira,175000.00000000012,296108.6595272325,121108.6595272324,69.20494830127562
1077355,Tristan Vidackovic,50000.000000000015,171136.37201809528,121136.37201809527,242.2727440361905
446043,Getterson Alves,299999.99999999977,178768.78054303836,121231.21945696141,40.41040648565383
192985,Simon Tibbling,399999.9999999999,278674.1528969076,121325.8471030923,30.331461775773082
625310,Khalid Al-Braiki,100000.00000000004,221352.11090330614,121352.1109033061,121.35211090330604
534675,Georgios Kanellopoulos,449999.99999999994,328566.2641350926,121433.73586490733,26.98527463664608
81655,Joe Sise,50000.000000000015,171515.29826552275,121515.29826552274,243.0305965310454
718086,Kobe Franklin,600000.0000000003,478478.6762698195,121521.32373018085,20.25355395503013
449377,Egor Shamov,199999.99999999997,321600.7718566688,121600.77185666884,60.800385928334435
20623,Pape Sow,100000.00000000004,221639.0674613954,121639.06746139536,121.6390674613953
36212,Alan Kasaev,199999.99999999997,78316.73989074283,121683.26010925714,60.84163005462858
589611,Zhurun Liu,249999.9999999998,371686.65598842216,121686.65598842237,48.67466239536899
221883,Abdul Basit,50000.000000000015,171748.49493015208,121748.49493015207,243.49698986030407
429243,Stefan Sapic,299999.99999999977,421782.943667327,121782.94366732723,40.594314555775775
1203035,Rony Mimb Baheng,299999.99999999977,178177.99454438427,121822.0054556155,40.607335151871865
111180,Warner Hahn,449999.99999999994,328177.27388087736,121822.72611912258,27.07171691536058
645137,Tomer Yosefi,399999.9999999999,521955.85709192866,121955.85709192877,30.4889642729822
918342,Aleksey Koltakov,150000.00000000006,271979.25768794573,121979.25768794568,81.31950512529708
351245,Nego Tembeng,100000.00000000004,222000.1041059204,122000.10410592037,122.00010410592033
1112013,Rikuto Ishio,499999.99999999977,377957.687891148,122042.3121088518,24.408462421770373
184145,Abdel Malik Hsissane,150000.00000000006,272055.55931905034,122055.55931905028,81.37037287936683
1104718,Mitch Glasson,100000.00000000004,222217.2526034336,122217.25260343355,122.21725260343351
342609,Mykola Kovtalyuk,299999.99999999977,422223.6031765426,122223.60317654285,40.74120105884765
131097,Daniel Cataño,275000.0000000002,152613.53051922686,122386.46948077332,44.50417072028118
95984,Hallur Hansson,100000.00000000004,222461.59421487365,122461.5942148736,122.46159421487354
126597,Paolo Grossi,249999.9999999998,127534.21895357367,122465.78104642613,48.98631241857049
706965,Sung-wook Hong,299999.99999999977,177528.2540004931,122471.74599950667,40.82391533316893
124559,Alen Stevanovic,249999.9999999998,372605.7149403524,122605.71494035263,49.042285976141095
187293,Joey Pelupessy,249999.9999999998,372718.69686010265,122718.69686010285,49.08747874404118
441341,Nicolás Sansotre,299999.99999999977,177261.21532158394,122738.78467841583,40.912928226138646
62457,Rasmus Festersen,199999.99999999997,322744.79211051244,122744.79211051247,61.37239605525624
393904,Filippo Delli Carri,299999.99999999977,177229.98215604524,122770.01784395453,40.923339281318206
1172441,Benjamin Brantlind,199999.99999999997,322838.13911765546,122838.13911765549,61.41906955882776
91849,Thomas Delaney,499999.99999999977,377014.0714966535,122985.92850334628,24.597185700669264
567493,Angelos Tsavos,199999.99999999997,76997.98195998784,123002.01804001213,61.50100902000607
509911,Nasser Al-Dawsari,899999.9999999995,776973.8663673821,123026.13363261742,13.669570403624165
58301,Hugo Ventura,700000.0000000006,576903.3142290552,123096.68577094539,17.585240824420755
123536,Simon Moore,75000.00000000004,198129.44609016998,123129.44609016993,164.17259478689314
35703,Robert Acquafresca,50000.000000000015,173150.9911571227,123150.9911571227,246.30198231424535
127220,Giuseppe Capua,10000.00000000001,133153.9080934802,123153.90809348018,1231.5390809348007
1169537,Aleksa Milosevic,299999.99999999977,423201.3376872832,123201.3376872834,41.06711256242783
318552,Innes Murray,50000.000000000015,173213.08959940713,123213.08959940712,246.42617919881417
258879,Cameron Borthwick-Jackson,249999.9999999998,126590.73365046621,123409.26634953359,49.36370653981347
287636,Mirko Esposito,199999.99999999997,76562.20944673185,123437.79055326812,61.718895276634065
457444,Giuseppe Aurelio,700000.0000000006,576484.9241729673,123515.07582703326,17.645010832433307
30834,Pablo Vitti,399999.9999999999,276252.22451954527,123747.77548045461,30.936943870113666
599574,Stefan Ilic,50000.000000000015,173751.28975279187,123751.28975279185,247.50257950558364
118014,Cédric D'Ulivo,75000.00000000004,198754.743145344,123754.74314534395,165.00632419379184
685589,Lawrence Nicholas,150000.00000000006,273832.33768274053,123832.33768274047,82.5548917884936
209587,Salim Kouider-Aïssa,50000.000000000015,173879.75804349445,123879.75804349444,247.7595160869888
649035,Youssouph Badji,800000.0000000005,676052.0950957037,123947.90490429674,15.493488113037083
19363,Xavier Chen,150000.00000000006,274000.99491123355,124000.99491123349,82.66732994082228
424769,Tianyu Guo,275000.0000000002,150973.4188003283,124026.58119967187,45.100574981698834
235349,Artem Simonyan,249999.9999999998,374062.9114143345,124062.9114143347,49.62516456573392
260740,Iván Arboleda,299999.99999999977,175882.03324793247,124117.9667520673,41.37265558402247
600616,Rogerio Caicedo,50000.000000000015,174140.1480893443,124140.14808934428,248.28029617868847
800246,Mohamed Cissé,199999.99999999997,324141.4728005948,124141.47280059484,62.070736400297434
208828,Ionuț Vînă,549999.9999999998,425827.7483522559,124172.25164774386,22.57677302686253
18828,Milos Krasic,399999.9999999999,275717.761867944,124282.2381320559,31.070559533013984
183793,Marko Maric,449999.99999999994,325625.9616436015,124374.03835639847,27.638675190310774
379632,Sergio Camus,50000.000000000015,174416.37083515877,124416.37083515876,248.83274167031746
182720,Leandro Silva,399999.9999999999,275488.9545864748,124511.04541352508,31.127761353381278
161549,Tobias Pachonik,399999.9999999999,275371.2861005692,124628.7138994307,31.157178474857684
358719,Joseph Amoah,100000.00000000004,224682.61536016793,124682.61536016788,124.68261536016783
85922,Petar Filipovic,299999.99999999977,175274.2649151447,124725.73508485506,41.57524502828505
668431,Gabrielius Micevičius,299999.99999999977,175189.64260400727,124810.3573959925,41.60345246533087
181061,Walter Viitala,25000.000000000004,149865.6549526516,124865.65495265159,499.46261981060627
870390,César Augusto,100000.00000000004,224963.74742876785,124963.7474287678,124.96374742876775
481677,Apostolos Martinis,249999.9999999998,124977.3519639268,125022.64803607299,50.00905921442924
468198,Joe Aribo,1800000.000000001,1674921.1107496864,125078.88925031456,6.948827180573028
672382,Mansor Al-Beshe,199999.99999999997,325163.60309532844,125163.60309532846,62.58180154766424
637802,Sapara,100000.00000000004,225196.94025582474,125196.9402558247,125.19694025582464
248330,Chema Rodríguez,499999.99999999977,374760.15155291057,125239.8484470892,25.047969689417855
997056,Alonso Ramírez,299999.99999999977,425281.8829381858,125281.88293818606,41.76062764606205
13099,Bram Verbist,249999.9999999998,124699.5270266505,125300.4729733493,50.12018918933976
181373,Antoine Conte,299999.99999999977,425341.62170658505,125341.62170658528,41.780540568861795
709215,Mikel Goti,1499999.9999999986,1625351.2983206687,125351.29832067015,8.356753221378018
270791,Jan Suchan,275000.0000000002,149578.04186822398,125421.95813177619,45.60798477519131
43299,Edmar Galovskyi,199999.99999999997,74566.89708370109,125433.10291629889,62.71655145814945
912009,Simón Rivero,299999.99999999977,425684.91119191475,125684.91119191499,41.89497039730502
314463,Mehdi Lazaar,50000.000000000015,175777.31312166038,125777.31312166037,251.55462624332068
358648,Anton Kryvotsiuk,649999.9999999995,523982.71371828235,126017.28628171718,19.38727481257189
232577,Jonatan Lucca,150000.00000000006,276024.10781494505,126024.10781494499,84.01607187662997
873445,Emrecan Terzi,449999.99999999994,323955.72232754884,126044.2776724511,28.009839482766917
128833,Ramazotti,50000.000000000015,176101.80568382237,126101.80568382236,252.20361136764464
244911,Oleksandr Masalov,199999.99999999997,73882.93607346163,126117.06392653834,63.05853196326918
88370,Matic Fink,25000.000000000004,151203.1568254021,126203.15682540211,504.81262730160836
433219,Pape-Alioune Ndiaye,275000.0000000002,148780.56380984525,126219.43619015493,45.89797679641994
66319,Ammar Jemal,324999.9999999999,198714.78893163946,126285.21106836043,38.85698802103399
1133977,Issa Traoré,800000.0000000005,673675.9865597377,126324.01344026276,15.790501680032836
973852,Jocelyn Janneh,199999.99999999997,73667.85240487204,126332.14759512793,63.16607379756397
671334,Berke Demircan,175000.00000000012,48624.68735283037,126375.31264716975,72.21446436981124
198074,Arsenio Valpoort,150000.00000000006,276388.9513376171,126388.95133761707,84.25930089174469
307519,Fede San Emeterio,1499999.9999999986,1373453.0792166023,126546.92078339634,8.436461385559763
5309,Damien Grégorini,399999.9999999999,526556.3458526637,126556.34585266386,31.63908646316597
804550,Paul Bellon,100000.00000000004,226563.42222310486,126563.42222310482,126.56342222310477
62611,Sergio Mora,100000.00000000004,226755.63312289972,126755.63312289967,126.75563312289961
362529,Andriy Storchous,299999.99999999977,426786.872503829,126786.87250382925,42.262290834609786
224662,Esben Petersen,199999.99999999997,73210.56083792786,126789.43916207211,63.394719581036064
539965,Iuri Tabatadze,1200000.0000000005,1326863.451287152,126863.45128715155,10.571954273929292
61583,Eunan O'Kane,199999.99999999997,326897.28307132,126897.28307132001,63.44864153566001
273980,David Ramírez,100000.00000000004,226929.8243920306,126929.82439203055,126.92982439203048
423111,Barna Tóth,600000.0000000003,472999.5222110882,127000.47778891213,21.16674629815201
148484,Artem Potapov,299999.99999999977,172942.68027070086,127057.3197292989,42.35243990976634
353368,Killian Le Roy,25000.000000000004,152071.9677329621,127071.9677329621,508.2878709318483
366718,Marcel Cermak,399999.9999999999,272878.6967472371,127121.30325276277,31.7803258131907
95950,Graeme Shinnie,100000.00000000004,227122.73976519392,127122.73976519388,127.12273976519381
743627,Jewison Bennette,600000.0000000003,727125.1077100745,127125.10771007417,21.187517951679016
814453,Andrea Sodero,299999.99999999977,427179.4171286994,127179.41712869966,42.39313904289992
388287,Yeison Suárez,800000.0000000005,672729.7798675844,127270.22013241611,15.908777516552005
137086,Eli Babalj,100000.00000000004,227295.0008870417,127295.00088704166,127.2950008870416
472243,Lilian Egloff,800000.0000000005,672665.873703261,127334.12629673944,15.916765787092421
277743,Alex Muralha,75000.00000000004,202340.31359568585,127340.3135956858,169.78708479424765
623023,Carles Marco,25000.000000000004,152348.85660160382,127348.85660160382,509.3954264064152
168125,Kay,25000.000000000004,152369.38639860618,127369.38639860618,509.4775455944246
741149,Elidon Qenaj,100000.00000000004,227604.13424876533,127604.13424876529,127.60413424876522
332204,Niels De Pauw,199999.99999999997,72393.92777906201,127606.07222093796,63.803036110468994
396225,Vaclav Mika,150000.00000000006,277659.70317673445,127659.70317673439,85.10646878448955
469271,Dominik Hasek,175000.00000000012,302676.74782142375,127676.74782142363,72.95814161224202
184745,Alexander Lundin,100000.00000000004,227757.56471528596,127757.56471528592,127.75756471528585
890186,Corey Hollman,299999.99999999977,172233.64358451997,127766.3564154798,42.588785471826625
198973,Davide Cinaglia,100000.00000000004,227769.16889883432,127769.16889883428,127.76916889883422
326194,Suad Sahiti,75000.00000000004,202911.48386669173,127911.48386669169,170.54864515558882
297194,Iván Villar,899999.9999999995,772059.8047113519,127940.19528864766,14.215577254294192
72768,Nélson Oliveira,199999.99999999997,327942.3504420499,127942.35044204994,63.97117522102498
283871,Florian Dietz,600000.0000000003,728010.8723569098,128010.87235690944,21.335145392818227
68162,Graham Cummins,299999.99999999977,171936.89429925932,128063.10570074045,42.68770190024685
337390,Tommaso Tentoni,100000.00000000004,228085.85859883032,128085.85859883028,128.0858585988302
82834,Antonio Meola,10000.00000000001,138103.7003867163,128103.70038671627,1281.0370038671615
492627,Marco Frigerio,299999.99999999977,171826.60621714397,128173.3937828558,42.7244645942853
867589,Samuel Marques,499999.99999999977,628196.964258743,128196.96425874322,25.639392851748653
663187,Jhon Solís,50000.000000000015,178287.9069787504,128287.90697875038,256.5758139575007
1511602,Michael Idowu,50000.000000000015,178288.00777467655,128288.00777467653,256.57601554935303
532574,Ilya Berkovskiy,649999.9999999995,521636.2624456728,128363.73755432671,19.748267316050278
52200,Dominik Kaiser,249999.9999999998,121576.86494731632,128423.13505268347,51.36925402107343
375343,Maung Maung Lwin,150000.00000000006,278513.19438931916,128513.1943893191,85.6754629262127
31123,Benjamin Gorka,150000.00000000006,278514.8124273879,128514.81242738786,85.67654161825854
576566,Zafer Görgen,800000.0000000005,928560.6142687628,128560.61426876229,16.070076783595276
173584,Raheem Hanley,75000.00000000004,203624.3385076219,128624.33850762185,171.49911801016236
21726,Philipp Tschauner,299999.99999999977,171350.80728177098,128649.19271822879,42.88306423940963
30476,Samil Cinaz,299999.99999999977,428656.7287854388,128656.72878543905,42.88557626181305
355444,Andrea Dini,275000.0000000002,146326.1730254882,128673.82697451196,46.79048253618614
60790,Toni Sunjic,299999.99999999977,171304.27449442982,128695.72550556995,42.89857516852335
24011,Boban Grncarov,199999.99999999997,71166.80078689235,128833.19921310763,64.41659960655383
384664,Maciej Wolski,199999.99999999997,328858.7152386863,128858.71523868633,64.42935761934318
66608,Samir Fazli,124999.9999999999,253863.7020145283,128863.7020145284,103.09096161162282
705355,Lorenzo Palmisani,199999.99999999997,71090.7811161795,128909.21888382047,64.45460944191025
320733,Kacper Chodyna,399999.9999999999,528978.9381575474,128978.9381575475,32.24473453938688
54996,João Victor,299999.99999999977,171018.0587690673,128981.94123093245,42.99398041031085
133876,Lucas Finazzi,50000.000000000015,178987.5117002692,128987.5117002692,257.9750234005383
17348,Steeve Elana,199999.99999999997,70927.54275877851,129072.45724122146,64.53622862061074
187496,Maurice Multhaup,399999.9999999999,270921.08819627477,129078.91180372512,32.26972795093129
592491,Ryan Shanley,50000.000000000015,179099.87716532106,129099.87716532104,258.199754330642
12663,Stevie Hammell,399999.9999999999,270725.20078536286,129274.79921463702,32.31869980365927
662777,Beckham Putra,399999.9999999999,529605.3319164264,129605.33191642654,32.40133297910665
601454,Artem Sukhanov,199999.99999999997,70357.03955016471,129642.96044983526,64.82148022491764
188651,Patrick Twumasi,324999.9999999999,454792.54114127666,129792.54114127677,39.93616650500825
135057,André Carrillo,800000.0000000005,669874.6383588716,130125.3616411289,16.265670205141102
1061154,Ahmed Saleh,50000.000000000015,180191.71179105155,130191.71179105154,260.383423582103
260644,Thitiphan Puangchan,249999.9999999998,380260.52823286556,130260.52823286576,52.10421129314635
104395,Vitaliy Ustinov,249999.9999999998,119612.4968196561,130387.5031803437,52.155001272137525
196240,Mathias Pogba,50000.000000000015,180590.05871144813,130590.05871144812,261.18011742289616
167863,Donatas Kazlauskas,299999.99999999977,169327.95800670184,130672.04199329793,43.55734733109934
1181093,Abdulaziz Al-Dwehe,150000.00000000006,280677.63129414263,130677.63129414257,87.11842086276168
806167,Kylian Silvestre,100000.00000000004,230699.35672393336,130699.35672393332,130.69935672393328
66410,Anthony Scribe,299999.99999999977,169266.96950492446,130733.0304950753,43.577676831691804
946963,Filip Mazar,399999.9999999999,269247.93651741423,130752.06348258565,32.688015870646424
12709,Danny Gabbidon,249999.9999999998,380755.70486176846,130755.70486176867,52.30228194470751
934941,Liam Jessop,25000.000000000004,155813.05780081253,130813.05780081253,523.2522312032501
740515,Gökhan Altiparmak,175000.00000000012,44108.31794162299,130891.68205837713,74.79524689050116
347748,Lucas Hedlund,199999.99999999997,331055.390074111,131055.39007411103,65.52769503705552
721666,Zalán Vancsa,449999.99999999994,581080.3980639972,131080.3980639972,29.12897734755494
57348,Thomas Ayasse,399999.9999999999,268791.42363609234,131208.57636390754,32.802144090976896
361075,Kundai Benyu,25000.000000000004,156210.24779102244,131210.24779102244,524.8409911640897
800015,Vlad Raileanu,499999.99999999977,368727.1532205535,131272.8467794463,26.254569355889274
671101,Ismet Lushaku,700000.0000000006,568597.6248476902,131402.37515231036,18.771767878901464
62077,James Marwood,50000.000000000015,181447.16345148353,131447.16345148353,262.89432690296695
534202,Redi Kasa,349999.9999999997,218471.0684812143,131528.93151878542,37.57969471965301
907313,Emiliano Viveros,800000.0000000005,931539.1906683032,131539.1906683027,16.442398833537826
701055,Anton Gaaei,4999999.999999999,5131695.032562353,131695.03256235365,2.6339006512470733
27486,Kiko Casilla,299999.99999999977,168298.268961151,131701.73103884875,43.90057701294962
66415,Abdou Traoré,474999.99999999977,343296.0395088316,131703.96049116814,27.727149577088046
201668,Marko Nunic,50000.000000000015,181808.21795294265,131808.21795294265,263.6164359058852
221267,Bugra Cagiran,249999.9999999998,118133.1695201215,131866.8304798783,52.74673219195136
481166,Hakim Ouro-Sama,150000.00000000006,281893.9819557908,131893.98195579072,87.92932130386045
410719,Alex Plat,299999.99999999977,431903.5426960668,131903.54269606702,43.967847565355704
84260,Nicky Kuiper,50000.000000000015,181932.4688414783,131932.4688414783,263.8649376829565
340480,Mamadou Doucouré,100000.00000000004,231979.68947995326,131979.6894799532,131.97968947995315
165778,Hiroki Akino,249999.9999999998,382015.3882254865,132015.3882254867,52.806155290194724
188912,Ayumi Niekawa,75000.00000000004,207070.3891345751,132070.38913457503,176.09385217943327
66280,Cristobal Jorquera,50000.000000000015,182086.49553673874,132086.49553673872,264.17299107347736
27108,Konstantinos Makridis,199999.99999999997,67900.3383825493,132099.66161745068,66.04983080872535
460255,Max Melbourne,150000.00000000006,282172.53541489627,132172.5354148962,88.11502360993076
392124,Daniel Klein,150000.00000000006,282173.64487427,132173.64487426996,88.11576324951326
226802,Andreas Gianniotis,299999.99999999977,432305.7016722477,132305.70167224796,44.101900557416016
411302,Brendan Hines-Ike,999999.9999999997,867641.0401956174,132358.9598043823,13.235895980438233
897461,Tiemoko Ouattara,600000.0000000003,732445.5218194529,132445.52181945252,22.07425363657541
404912,Vladislav Karapuzov,349999.9999999997,482476.0384165975,132476.03841659782,37.85029669045655
503096,Jorge Hernández,299999.99999999977,167468.00945325696,132531.9905467428,44.17733018224764
43084,Gaetano Berardi,50000.000000000015,182545.48206578704,132545.48206578702,265.09096413157397
1439392,Sumaila Wasiu,249999.9999999998,117235.44519505915,132764.55480494065,53.1058219219763
146596,Amidu Salifu,75000.00000000004,207774.91636694095,132774.9163669409,177.03322182258773
265569,Youssef Aït Bennasser,800000.0000000005,932797.2032752055,132797.20327520499,16.599650409400613
180221,Benjamin Stokke,124999.9999999999,257981.6666435946,132981.66664359468,106.38533331487582
273896,Jairo Henríquez,150000.00000000006,283015.0507365392,133015.05073653912,88.67670049102605
1004495,Nikola Popovic,25000.000000000004,158020.28828019166,133020.28828019166,532.0811531207665
935109,Artem Slesar,800000.0000000005,933067.9335445049,133067.93354450446,16.633491693063046
228326,Shangyuan Wang,150000.00000000006,283068.8134734204,133068.81347342033,88.71254231561352
734168,Hoang Viet Anh Bui,299999.99999999977,433086.2995219865,133086.29952198674,44.36209984066228
395867,Akira Fantini,50000.000000000015,183129.2509372835,133129.2509372835,266.25850187456695
762070,Evgeniy Malashevich,499999.99999999977,366851.43729931733,133148.56270068244,26.629712540136502
398851,Aleksandar Vukotic,399999.9999999999,266850.75293091405,133149.24706908583,33.28731176727147
193051,Niklas Teichgräber,50000.000000000015,183177.1552796847,133177.1552796847,266.3543105593693
111283,Cédric Cambon,399999.9999999999,266737.2968426441,133262.70315735578,33.315675789338954
508244,Van Toi Dang,225000.00000000015,358357.58334763534,133357.5833476352,59.27003704339339
61194,Vladan Giljen,249999.9999999998,116622.25958344019,133377.74041655962,53.35109616662389
627212,Antino Lopez,299999.99999999977,433379.2104793495,133379.2104793497,44.45973682644994
76285,Toño,50000.000000000015,183389.93455840487,133389.93455840484,266.7798691168096
269817,Leonardo Villalba,50000.000000000015,183422.16637857747,133422.16637857747,266.8443327571549
59951,David Manga,100000.00000000004,233566.97162954212,133566.97162954207,133.566971629542
455289,Onur Akdeniz,199999.99999999997,66429.11592222504,133570.88407777494,66.78544203888748
489824,Vladan Bubanja,749999.9999999998,616422.8648438076,133577.13515619212,17.810284687492288
292665,Ante Blazevic,150000.00000000006,283604.90764100564,133604.9076410056,89.06993842733702
62643,Harry Forrester,100000.00000000004,233673.96917757898,133673.96917757893,133.67396917757887
227965,Rubén Ramiro,199999.99999999997,66270.78645810841,133729.21354189154,66.86460677094578
256705,Savvas Moudouroglou,100000.00000000004,233796.49854597106,133796.498545971,133.79649854597093
38004,Aurélien Joachim,75000.00000000004,208797.71657350025,133797.7165735002,178.39695543133348
297635,Matteo Gasperoni,10000.00000000001,143817.51472981996,133817.51472981996,1338.1751472981985
518942,Karim El Eraki,499999.99999999977,366154.88605230063,133845.11394769914,26.769022789539843
13493,Lionel Ainsworth,299999.99999999977,166088.65677744112,133911.34322255864,44.63711440751958
735353,Athanasios Koutsogoulas,249999.9999999998,116027.47593456258,133972.5240654372,53.58900962617492
301840,Uygar Zeybek,25000.000000000004,159022.64793166346,134022.64793166346,536.0905917266538
871863,Andriy Andreychuk,249999.9999999998,115923.4541403604,134076.54585963942,53.63061834385581
32233,Carlos Diogo,399999.9999999999,265878.0623344538,134121.93766554608,33.53048441638653
804661,Simon Elisor,1499999.9999999986,1365812.4936084114,134187.5063915872,8.945833759439155
90769,Vitaliy Ponomar,50000.000000000015,184244.56189538533,134244.56189538533,268.4891237907706
183966,Dylan Tombides,249999.9999999998,115743.5041240645,134256.4958759353,53.70259835037417
662335,Cristian,75000.00000000004,209270.08416668186,134270.0841666818,179.02677888890898
403809,Jiovany Ramos,449999.99999999994,315591.14581566467,134408.85418433527,29.868634263185616
118317,Afonso Taira,499999.99999999977,365564.2418342358,134435.75816576398,26.88715163315281
814526,Brandon Cover,124999.9999999999,259471.09853262763,134471.09853262774,107.57687882610227
426666,Ryotaro Meshino,349999.9999999997,484516.49494076497,134516.49494076526,38.43328426879011
786829,Pedro Lubamba,25000.000000000004,159527.5925761142,134527.5925761142,538.1103703044568
1074045,Maksym Korobov,800000.0000000005,665468.6865472968,134531.31345270365,16.816414181587945
191486,Benjamin Kololli,100000.00000000004,234569.91318276702,134569.913182767,134.56991318276695
30741,Sepp De Roover,249999.9999999998,384584.47182564787,134584.47182564807,53.83378873025927
810086,Vimoj Muntu Wa Mungu,299999.99999999977,165407.7848973562,134592.21510264356,44.86407170088122
58830,Birol Hikmet,199999.99999999997,65395.69582158465,134604.30417841533,67.30215208920768
18947,Milhazes,75000.00000000004,209680.06692380446,134680.0669238044,179.57342256507243
814725,Marco Majouga,249999.9999999998,115212.75256133107,134787.24743866874,53.91489897546754
1073380,Andrei Chirilă,499999.99999999977,365154.3539111018,134845.64608889795,26.969129217779603
623306,Denis Novikov,25000.000000000004,159870.96173376546,134870.96173376546,539.4838469350618
369171,Niall Ennis,449999.99999999994,315057.8136271535,134942.18637284642,29.98715252729921
478872,Alexis Guendouz,499999.99999999977,365054.55450668634,134945.44549331343,26.9890890986627
67886,Paulo Victor,50000.000000000015,185159.49681974814,135159.49681974814,270.3189936394962
226896,Dankler,299999.99999999977,164835.58065260676,135164.419347393,45.054806449131036
66613,Nikola Jakimovski,150000.00000000006,285169.0796801666,135169.07968016656,90.11271978677767
121481,Amedej Vetrih,275000.0000000002,410262.5663419692,135262.566341969,49.186387760715974
253316,Lebogang Phiri,150000.00000000006,285360.1815444497,135360.18154444965,90.24012102963306
349567,Juan Familia-Castillo,399999.9999999999,264627.82775285497,135372.17224714492,33.84304306178624
257466,Lazar Tufegdzic,349999.9999999997,485387.9490915642,135387.94909156451,38.68227116901847
513257,Vitaliy Sychev,25000.000000000004,160403.5879495129,135403.5879495129,541.6143517980515
9830,César Peixoto,399999.9999999999,264494.0866707306,135505.91332926927,33.876478332317326
190048,Dejan Trajkovski,50000.000000000015,185509.20335421554,135509.20335421554,271.01840670843103
1075884,João Aragão,499999.99999999977,635624.5732116695,135624.5732116697,27.12491464233395
4208,Dominik Reinhardt,50000.000000000015,185652.4594115831,135652.45941158308,271.3049188231661
184917,Serge Leuko,299999.99999999977,164309.77272187517,135690.2272781246,45.2300757593749
24859,Michalis Fragoulakis,299999.99999999977,164305.73566089952,135694.26433910025,45.23142144636679
975134,Felipe Mosquera,100000.00000000004,235710.27988721692,135710.27988721686,135.7102798872168
145981,Evgeniy Shlyakov,249999.9999999998,385808.78232387913,135808.78232387934,54.323512929551775
111819,Neto,899999.9999999995,764057.5725805395,135942.42741946003,15.104714157717789
876809,Bernard Kamungo,999999.9999999997,864048.0119755628,135951.98802443687,13.595198802443692
100722,Lago Júnior,899999.9999999995,763962.1847979986,136037.8152020009,15.11531280022233
228038,Michael,75000.00000000004,211336.9519544018,136336.95195440174,181.78260260586887
205551,Selim Ilgaz,249999.9999999998,113662.18667233491,136337.8133276649,54.535125331066006
1376274,Musab Abdi Mohamud,10000.00000000001,146369.0392196233,136369.0392196233,1363.6903921962316
184473,Haris Duljevic,399999.9999999999,263623.7245406242,136376.2754593757,34.09406886484393
711638,Fran Delgado,349999.9999999997,486412.57341568894,136412.57341568923,38.97502097591124
153754,Hasan Kılıç,275000.0000000002,138543.63197227783,136456.36802772235,49.620497464626276
238947,Elio Capradossi,449999.99999999994,313506.9265105319,136493.07348946802,30.331794108770676
448058,Giannis Papanikolaou,1200000.0000000005,1336497.2745106963,136497.27451069583,11.374772875891315
82608,Pavlo Khudzik,299999.99999999977,163495.00304889484,136504.99695110493,45.501665650368345
724957,Saba Khvadagiani,399999.9999999999,536649.4580838149,136649.45808381506,34.16236452095377
38297,Bogdan Shust,199999.99999999997,63322.49120818362,136677.50879181636,68.3387543959082
541021,Levi Malungu,199999.99999999997,63318.26389503362,136681.73610496635,68.34086805248319
235648,Jacques Alberto Ngwem,124999.9999999999,261754.72435550418,136754.72435550427,109.4037794844035
51285,Simon Zenke,124999.9999999999,261838.7140426356,136838.7140426357,109.47097123410865
837240,Rareș Pop,549999.9999999998,686863.8631982472,136863.8631982474,24.884338763317718
460602,Franck Djoulou,199999.99999999997,63132.930101087375,136867.0698989126,68.43353494945632
314773,Myung-jae Lee,399999.9999999999,263075.82049836864,136924.17950163124,34.23104487540782
699265,Danila Sukhomlinov,349999.9999999997,212848.3053071348,137151.6946928649,39.18619848367572
85339,Özkan Karabulut,199999.99999999997,62827.876256319534,137172.12374368042,68.58606187184022
66521,Keisuke Honda,275000.0000000002,137819.4172685693,137180.58273143088,49.883848265974834
721879,Eui-hyeong Lee,150000.00000000006,287182.8004355527,137182.80043555266,91.45520029036841
1020507,Theo Bergvall,800000.0000000005,937204.7023539781,137204.7023539776,17.15058779424719
89231,Jóhann Berg Gudmundsson,349999.9999999997,212788.8688916876,137211.1311083121,39.203180316660635
224673,Harry Panayiotou,50000.000000000015,187282.0743636918,137282.0743636918,274.5641487273835
323010,Mikael Soisalo,349999.9999999997,487302.7085988709,137302.7085988712,39.22934531396323
726717,Konstantinos Pomonis,175000.00000000012,312452.07066988916,137452.07066988904,78.5440403827937
275273,Mikhail Belov,75000.00000000004,212458.9669957167,137458.96699571668,183.27862266095548
280491,Fethi Özer,249999.9999999998,112537.94017812402,137462.05982187577,54.984823928750345
461959,Douglas Aurélio,749999.9999999998,612475.8713549146,137524.12864508515,18.336550486011358
240355,Nathan Oduwa,349999.9999999997,212458.87240356937,137541.12759643033,39.29746502755156
270648,Francis,349999.9999999997,212424.6309389672,137575.3690610325,39.30724830315218
80191,Mehdi Mostefa,299999.99999999977,162318.11699681284,137681.88300318693,45.893961001062344
387201,Clint Essers,299999.99999999977,162299.90585095194,137700.09414904783,45.90003138301598
406558,Steven Sessegnon,800000.0000000005,662298.9452147369,137701.0547852636,17.21263184815794
624087,Yunusa Muritala,100000.00000000004,237713.69920957505,137713.69920957502,137.71369920957494
368693,Francisco Tinaglini,399999.9999999999,537740.4136837476,137740.41368374776,34.43510342093695
1065761,Guilherme Neiva,299999.99999999977,437774.48243511363,137774.48243511387,45.92482747837133
988408,Kevin Cataño,449999.99999999994,588098.2324657363,138098.2324657364,30.68849610349698
268228,Angelo Gregorio,25000.000000000004,163111.3358280525,138111.3358280525,552.44534331221
66660,Matías Suárez,299999.99999999977,161875.7111296612,138124.28887033855,46.04142962344622
1467255,Aruto Higuchi,124999.9999999999,263288.91505451757,138288.91505451768,110.63113204361423
549960,Tymur Stetskov,299999.99999999977,438446.1064246323,138446.10642463254,46.14870214154422
220795,Guyon Philips,25000.000000000004,163455.94629600036,138455.94629600036,553.8237851840013
194547,Vítor Gonçalves,225000.00000000015,363503.6410748962,138503.64107489606,61.55717381106488
292501,Mohammad Baghdadi,50000.000000000015,188626.42224729684,138626.42224729684,277.2528444945936
371936,Sieben Dewaele,499999.99999999977,638783.3020822873,138783.3020822875,27.756660416457514
451164,Damian Hilbrycht,399999.9999999999,261210.60690468136,138789.39309531852,34.69734827382964
113915,Abdulaziz Hatim,249999.9999999998,111186.04971728023,138813.95028271957,55.52558011308787
132,Tomas Rosicky,349999.9999999997,211164.46383524287,138835.53616475684,39.667296047073414
431737,Bautista Merlini,399999.9999999999,538879.4803181208,138879.4803181209,34.71987007953024
13783,Lee Cook,399999.9999999999,260994.7255872864,139005.27441271348,34.751318603178376
1105789,Joel Bertolissio,399999.9999999999,260944.70453383925,139055.29546616063,34.763823866540164
126558,Hugo Guichard,249999.9999999998,110944.5019693152,139055.4980306846,55.622199212273884
363010,Evgeniy Goshev,175000.00000000012,314077.98989019066,139077.98989019054,79.47313708010883
260828,Søren Andreasen,349999.9999999997,210777.82997926447,139222.17002073524,39.777762863067245
587562,Antonio Zarzana,199999.99999999997,339280.83369793656,139280.83369793658,69.6404168489683
164816,Javi Álamo,50000.000000000015,189292.989935109,139292.98993510898,278.5859798702179
36787,William Kvist,399999.9999999999,260682.93581102058,139317.0641889793,34.829266047244836
726721,Gonçalo Esteves,499999.99999999977,360621.46441212203,139378.53558787773,27.87570711757556
321568,Ayyoub Allach,349999.9999999997,210558.1026750638,139441.8973249359,39.84054209283887
381250,Benjamin Leneis,75000.00000000004,214490.05184461907,139490.05184461904,185.98673579282527
39827,Jacob Butterfield,375000.00000000006,235486.904693014,139513.09530698607,37.20349208186295
1026597,Vitus Friis,25000.000000000004,164561.10387433248,139561.10387433248,558.2444154973298
244261,Calvin Miller,600000.0000000003,460393.32084586547,139606.67915413488,23.26777985902247
76047,Johan Mårtensson,199999.99999999997,339633.31956253015,139633.31956253017,69.8166597812651
1029002,Juan Manuel Cabrera,150000.00000000006,289651.4104359765,139651.41043597646,93.10094029065094
884849,Daniil Khrypchuk,299999.99999999977,160333.86492297894,139666.13507702082,46.55537835900698
1214952,Jamar Ricketts,800000.0000000005,660287.902921139,139712.09707886144,17.464012134857672
1364188,Cheikne Kébé,249999.9999999998,110238.66263422296,139761.33736577682,55.90453494631078
730408,Leon Reichardt,124999.9999999999,264831.824060694,139831.82406069414,111.8654592485554
456877,Rekeem Harper,399999.9999999999,260160.69506940822,139839.30493059166,34.95982623264793
1437532,Samuel Martín,249999.9999999998,389846.9172289104,139846.91722891058,55.93876689156427
75420,Bolívia,249999.9999999998,110082.17981244424,139917.82018755557,55.96712807502227
21415,Marc Fitzpatrick,150000.00000000006,290011.46297627507,140011.462976275,93.34097531751664
160361,Sonny Stevens,449999.99999999994,309875.6501920324,140124.34980796755,31.13874440177057
1014014,Kyota Sakakibara,100000.00000000004,240181.76745452164,140181.7674545216,140.18176745452155
82215,Bongani Khumalo,299999.99999999977,440209.71511567174,140209.71511567198,46.73657170522403
185400,Sven Braken,324999.9999999999,184749.17060004873,140250.82939995115,43.15410135383114
1045167,Filip Sancl,600000.0000000003,459725.9064109,140274.09358910035,23.37901559818338
348267,Bruno Ramires,375000.00000000006,234676.77739713513,140323.22260286493,37.41952602743064
169813,Erhan Celenk,199999.99999999997,59657.06218769813,140342.93781230185,70.17146890615093
531890,Uros Stojanovic,150000.00000000006,290361.094811053,140361.09481105296,93.5740632073686
494384,Yusuf Maart,499999.99999999977,640497.0573113365,140497.05731133674,28.09941146226736
167265,Cameron McGeehan,499999.99999999977,640651.9732551964,140651.9732551966,28.13039465103933
318829,Advan Kadusic,600000.0000000003,459165.0609082137,140834.93909178663,23.47248984863109
565434,Anthony Descotte,600000.0000000003,740853.8293561239,140853.82935612358,23.475638226020582
13938,Richard Brittain,549999.9999999998,690859.1398170543,140859.1398170545,25.610752694009918
67869,Marco Terrazzino,150000.00000000006,290911.22689064086,140911.2268906408,93.94081792709383
546983,Dmitriy Prishchepa,299999.99999999977,440980.2686460515,140980.26864605176,46.993422882017285
197613,Alexandre Guedes,299999.99999999977,441189.2292381179,141189.22923811816,47.06307641270609
572658,Hamza Haoudi,175000.00000000012,316211.9765042576,141211.97650425747,80.69255800243279
23951,Steve Mandanda,499999.99999999977,358644.40655095805,141355.5934490417,28.271118689808354
206743,Mike Havekotte,249999.9999999998,108546.95405468122,141453.0459453186,56.58121837812749
610238,Pedro Ortiz,600000.0000000003,458444.08097390726,141555.9190260931,23.592653171015503
265666,Carlinhos Junior,800000.0000000005,658415.1094465572,141584.89055344323,17.69811131918039
387495,Andriy Riznyk,75000.00000000004,216689.3424054345,141689.34240543447,188.91912320724583
1334978,Faycal Konate,150000.00000000006,291731.9269331059,141731.92693310586,94.48795128873721
983554,João Fonseca,600000.0000000003,458247.3478388776,141752.65216112277,23.62544202685378
574117,Deniss Melniks,275000.0000000002,416787.7276314942,141787.72763149405,51.559173684179626
51118,Adil Rami,249999.9999999998,391801.8149908941,141801.81499089432,56.72072599635777
991540,Jesús Muñoz,299999.99999999977,158146.4864397415,141853.51356025826,47.284504520086124
660145,Daniel Wilmering,549999.9999999998,408034.3634551061,141965.63654489367,25.811933917253405
650249,Riccardo Turicchia,499999.99999999977,357906.5833982543,142093.41660174547,28.418683320349107
16649,Jefferson Farfán,199999.99999999997,57787.98647432911,142212.01352567086,71.10600676283543
594812,Andreas Nibe,600000.0000000003,457550.0349584147,142449.96504158567,23.741660840264263
421764,Matteo Cardinali,249999.9999999998,107525.64306025735,142474.35693974246,56.989742775897035
13090,Kenny Thompson,299999.99999999977,157515.06738014458,142484.9326198552,47.49497753995177
655414,Darell Tokpa,100000.00000000004,242681.01617232087,142681.01617232081,142.68101617232077
743390,Brahim Ghalidi,175000.00000000012,317930.5602245981,142930.56022459798,81.67460584262737
882003,Ronaldo Webster,600000.0000000003,456890.17357230064,143109.8264276997,23.851637737949936
342407,Mattias Andersson,225000.00000000015,368138.0411137782,143138.04111377805,63.616907161679094
92117,Daniel,499999.99999999977,356853.06922396756,143146.9307760322,28.629386155206454
147457,Jérémy Serwy,10000.00000000001,153390.6488001382,143390.6488001382,1433.9064880013807
139634,Ledian Memushaj,349999.9999999997,206415.8816200306,143584.11837996912,41.02403382284835
1042598,Cuba Mitchell,25000.000000000004,168616.1497918879,143616.1497918879,574.4645991675516
71559,Xabi Etxeita,299999.99999999977,156319.95633707065,143680.04366292912,47.89334788764308
708801,Sang-eun Shin,150000.00000000006,293687.79940614034,143687.7994061403,95.79186627076015
42506,Ibrahima Diallo,150000.00000000006,293830.5101648659,143830.51016486582,95.88700677657718
226975,Omar Rowe,50000.000000000015,194040.6526557654,144040.6526557654,288.08130531153074
370734,Nicolás Garmendia,75000.00000000004,219079.39807237702,144079.39807237696,192.1058640965025
504075,Rafael Brito,600000.0000000003,744126.2023876581,144126.20238765772,24.021033731276273
401040,Blair Malcolm,50000.000000000015,194145.2969985431,144145.29699854308,288.2905939970861
270411,Saîf-Eddine Khaoui,2000000.0000000016,1855821.4713053112,144178.52869469044,7.208926434734517
3640,Mark Hudson,499999.99999999977,355761.1793356681,144238.82066433167,28.84776413286635
291397,Samba Camara,399999.9999999999,544388.899255219,144388.89925521915,36.09722481380479
1356836,Caleb Swann,50000.000000000015,194441.58788425682,144441.5878842568,288.88317576851347
1127413,Amirhossein Reyvandi,100000.00000000004,244489.24159661226,144489.2415966122,144.48924159661215
1117557,Endre Osenbroch,499999.99999999977,644494.9750206778,144494.97502067802,28.89899500413562
138199,Christopher Maboulou,299999.99999999977,155480.103665086,144519.89633491376,48.17329877830463
310132,Artem Maksimenko,249999.9999999998,105458.68287071254,144541.31712928726,57.816526851714954
648309,Andrés Colorado,399999.9999999999,255430.96284606642,144569.03715393346,36.14225928848337
37337,Mario Suárez,299999.99999999977,155425.72660668372,144574.27339331605,48.19142446443872
645601,Ruan Levine,100000.00000000004,244594.80001776482,144594.8000177648,144.59480001776473
72237,Mervan Çelik,150000.00000000006,294737.5967926889,144737.59679268883,96.49173119512585
247590,Stef Gronsveld,249999.9999999998,105186.5977070943,144813.4022929055,57.92536091716224
912688,Jakub Vinarčík,299999.99999999977,444848.0999157268,144848.09991572704,48.28269997190905
374283,Antony Evans,499999.99999999977,355127.5945172798,144872.40548271994,28.974481096544004
743987,Bica,299999.99999999977,444901.5973378269,144901.59733782714,48.300532445942416
42853,Ferreira,324999.9999999999,179996.77483175875,145003.22516824113,44.61637697484344
235783,Dom Thomas,349999.9999999997,204966.13230049852,145033.8676995012,41.43824791414323
15074,Pavel Pogrebnyak,50000.000000000015,195041.72757951397,145041.72757951397,290.08345515902784
301240,Samuele Perisan,399999.9999999999,545165.1028163669,145165.10281636706,36.291275704091774
1024198,Luka Jurak,50000.000000000015,195257.71139106277,145257.71139106277,290.5154227821254
956518,Jiri Hamza,399999.9999999999,545281.9318087948,145281.93180879497,36.32048295219875
499341,Milorad Stajic,549999.9999999998,404694.5676876403,145305.43231235945,26.41916951133809
654408,Lucas Lavallée,299999.99999999977,154666.832131008,145333.16786899176,48.44438928966396
16394,Iosif Daskalakis,299999.99999999977,154589.77319169574,145410.22680830403,48.47007560276805
258036,Fábio Duarte,150000.00000000006,295490.2260722954,145490.22607229534,96.99348404819685
232093,Reziuan Mirzov,449999.99999999994,304473.5174018953,145526.48259810463,32.33921835513437
554463,Gustavo Souza,124999.9999999999,270590.6840492311,145590.68404923123,116.47254723938507
529149,Daniel Șerbănică,349999.9999999997,204389.17087655934,145610.82912344037,41.60309403526871
67411,Matt Done,349999.9999999997,204273.98799165993,145726.01200833978,41.636003430954254
328961,Aris Lamprakis,199999.99999999997,54265.737689343485,145734.2623106565,72.86713115532825
79110,Fodé Koita,50000.000000000015,195767.73248201606,145767.73248201603,291.535464964032
7949,Kees Kwakman,349999.9999999997,204141.17078196278,145858.82921803693,41.67395120515344
75422,Markus Holgersson,299999.99999999977,154102.5412086509,145897.45879134888,48.632486263783
126699,Vincent Pajot,399999.9999999999,254091.58053161172,145908.41946838817,36.477104867097054
727318,Rafał Mamla,299999.99999999977,153990.61515429785,146009.38484570192,48.66979494856734
73934,Ettore Mendicino,25000.000000000004,171082.5845342895,146082.5845342895,584.3303381371578
44432,Adrian Ropotan,299999.99999999977,153897.70106908918,146102.2989309106,48.700766310303564
115333,Juanpe,399999.9999999999,253886.90379309392,146113.09620690596,36.5282740517265
623119,Styopa Mkrtchyan,600000.0000000003,453788.4367845005,146211.56321549986,24.368593869249963
1243089,Denis Popenkov,199999.99999999997,346267.14108637295,146267.14108637298,73.1335705431865
418424,Tiago André,349999.9999999997,203502.7941871048,146497.2058128949,41.856344517970015
252667,Fali,2000000.0000000016,2146539.1427623853,146539.14276238368,7.326957138119178
990860,Amine Rehmi,100000.00000000004,246630.9348306816,146630.93483068154,146.63093483068147
623120,Artur Serobyan,499999.99999999977,353290.9216198992,146709.07838010055,29.341815676020122
25721,Giannis Maniatis,399999.9999999999,253241.66863005352,146758.33136994636,36.6895828424866
625311,Ahmed Al-Rawahi,199999.99999999997,346996.45221861196,146996.452218612,73.498226109306
52453,Haris Handzic,50000.000000000015,197268.25315629938,147268.25315629935,294.5365063125986
261071,James Efmorfidis,349999.9999999997,202718.22438064645,147281.77561935326,42.080507319815254
61715,Jordan Mustoe,50000.000000000015,197313.77767325603,147313.777673256,294.6275553465119
402082,Wiston Fernández,399999.9999999999,252685.01798338623,147314.98201661365,36.82874550415342
537509,Mattia Compagnon,399999.9999999999,547513.2722767992,147513.2722767993,36.87831806919984
597931,Georgios Manalis,349999.9999999997,202351.0757472023,147648.9242527974,42.18540692937072
96313,Federico Mancuello,50000.000000000015,197678.17116494072,147678.1711649407,295.3563423298813
182814,Dorian Caddy,199999.99999999997,347740.29618022096,147740.296180221,73.8701480901105
1197,Peter Graulund,249999.9999999998,102053.5792963195,147946.4207036803,59.178568281472174
122116,Nicolas de Préville,399999.9999999999,252052.9526652948,147947.04733470507,36.986761833676276
334233,Walter Bou,749999.9999999998,602045.020288102,147954.9797118978,19.727330628253046
93330,Deivid,399999.9999999999,252029.0397094292,147970.96029057069,36.99274007264268
1391239,Mohamed Fofana,249999.9999999998,102026.31746146748,147973.6825385323,59.18947301541297
1046042,Cole Mrowka,124999.9999999999,273066.765945685,148066.7659456851,118.45341275654818
15838,Elliott Ward,249999.9999999998,398130.40816455515,148130.40816455535,59.25216326582219
541448,Oisin McEntee,499999.99999999977,648184.705864992,148184.70586499223,29.63694117299846
261244,Le Tong,50000.000000000015,198416.0083565223,148416.0083565223,296.83201671304454
16599,Vangelis Koutsopoulos,299999.99999999977,151538.36339992302,148461.63660007674,49.487212200025624
81190,Loïc Damour,199999.99999999997,348471.9204575999,148471.92045759995,74.23596022879998
912586,Niv Eliasi,800000.0000000005,651361.4064959307,148638.59350406972,18.579824188008704
216896,Aaron Lennox,75000.00000000004,223638.6700420778,148638.67004207778,198.18489338943692
30306,Ivanildo,499999.99999999977,648739.0182184948,148739.01821849507,29.74780364369903
514918,Jacob Haahr,199999.99999999997,348833.5063329182,148833.50633291822,74.41675316645912
5469,Sébastien Chabbert,50000.000000000015,198908.01299472636,148908.01299472636,297.8160259894526
1175928,Eren Arda Şan,50000.000000000015,199028.60651776288,149028.60651776288,298.0572130355257
13036,Boldizsár Bodor,199999.99999999997,349133.3586603257,149133.35866032573,74.56667933016288
845277,Dominik Biniek,100000.00000000004,249158.62219235415,149158.62219235412,149.15862219235404
110928,Lorenzo Crisetig,499999.99999999977,350804.86948594666,149195.1305140531,29.839026102810635
184575,Denys Bain,399999.9999999999,250667.9219071909,149332.07809280898,37.33301952320225
45082,Diego Gómez,199999.99999999997,349430.8722026487,149430.87220264875,74.71543610132439
448919,Alexandros Malis,249999.9999999998,399541.0426599017,149541.04265990193,59.81641706396081
623249,Minkail Matsuev,50000.000000000015,199900.60689317095,149900.60689317092,299.80121378634175
1122080,Khalid Al-Ghatrifi,249999.9999999998,100099.3329680461,149900.6670319537,59.960266812781526
65321,Yago Fernández,50000.000000000015,199943.83175631778,149943.83175631776,299.8876635126354
1356044,Dean Boltz,75000.00000000004,225133.88992632015,150133.88992632012,200.17851990176007
645846,Min-gyu Jang,449999.99999999994,299768.5621990354,150231.43780096452,33.3847639557699
50055,Marcus Nilsson,399999.9999999999,249739.40818504433,150260.59181495555,37.5651479537389
365450,Ilias Moutha-Sebtaoui,50000.000000000015,200470.5827999676,150470.5827999676,300.9411655999351
202788,Robin Pröpper,1200000.0000000005,1350504.305277574,150504.30527757364,12.542025439797799
1022746,Mathias Tønnessen,999999.9999999997,849482.3445574371,150517.65544256254,15.05176554425626
32522,Antonio Barragán,600000.0000000003,449386.7314469855,150613.26855301484,25.102211425502457
121411,Joan Román,399999.9999999999,249191.18602246032,150808.81397753957,37.702203494384904
22627,Franck Berrier,150000.00000000006,300942.6547874917,150942.65478749166,100.6284365249944
670105,Alwande Roaldsøy,800000.0000000005,648916.3677129954,151083.63228700508,18.88545403587562
290935,Tafsir Chérif,50000.000000000015,201109.90380955453,151109.90380955453,302.21980761910896
122011,Markus Henriksen,800000.0000000005,648770.7271629381,151229.27283706237,18.903659104632784
70220,Anton Kochenkov,199999.99999999997,48742.21099184839,151257.78900815157,75.62889450407579
230221,Christian Kouakou,75000.00000000004,226296.77763829276,151296.7776382927,201.72903685105683
440972,Sander Moen Foss,449999.99999999994,298684.8625019282,151315.13749807177,33.62558611068262
598100,Rodrigo Banegas,299999.99999999977,148665.51622237565,151334.48377762412,50.44482792587475
47740,Nils Röseler,299999.99999999977,148507.4172469505,151492.58275304927,50.4975275843498
867107,Saná Gomes,10000.00000000001,161496.77502925802,151496.77502925802,1514.9677502925788
261850,Yazeed Abulaila,299999.99999999977,148502.83604676338,151497.1639532364,50.499054651078836
1435998,Novak Stevanovic,299999.99999999977,148497.76821045784,151502.23178954193,50.500743929847346
12386,Grégory Bourillon,399999.9999999999,248369.76101301488,151630.238986985,37.90755974674626
147555,Petr Sevcik,150000.00000000006,301671.36664311803,151671.36664311797,101.11424442874528
304684,Kyeong-min Kim,299999.99999999977,148321.0620370354,151678.93796296438,50.55964598765483
85301,Albert Blázquez,50000.000000000015,201826.09371866973,151826.09371866973,303.65218743733936
138141,Diego Maurício,349999.9999999997,198164.56658846518,151835.43341153453,43.381552403295615
648520,Alex Vigo,600000.0000000003,751894.9877445664,151894.98774456605,25.315831290760993
1335120,Francisco Dias,199999.99999999997,351919.69890226325,151919.69890226328,75.95984945113165
343917,Maxim Cojocaru,225000.00000000015,377037.11618440575,152037.1161844056,67.57205163751355
901307,Abdulbasit Hawsawi,75000.00000000004,227131.191693894,152131.19169389398,202.84158892519187
76076,Eñaut Zubikarai,249999.9999999998,97856.96753668679,152143.03246331302,60.85721298532526
180907,Stefano Magnasco,375000.00000000006,222624.02757327748,152375.97242672258,40.633592647126015
452877,Mehdi Merghem,449999.99999999994,602399.0679736942,152399.06797369424,33.86645954970984
304225,Dimitrios Mavrias,299999.99999999977,147547.20056112602,152452.79943887374,50.81759981295796
817523,André Lopes,50000.000000000015,202464.20085157745,152464.20085157745,304.9284017031548
552628,Hernán de la Fuente,299999.99999999977,452511.29177690635,152511.29177690658,50.837097258968896
798773,Felix Lange,75000.00000000004,227591.3464077847,152591.34640778467,203.45512854371276
3838,Boaz Myhill,349999.9999999997,197386.7571592775,152613.2428407222,43.60378366877781
892926,Leandro Antonetti,199999.99999999997,352616.62510682293,152616.62510682296,76.3083125534115
181714,Sven Sprangler,225000.00000000015,377717.18045952456,152717.18045952442,67.87430242645526
95641,Darko Brasanac,399999.9999999999,552933.589295669,152933.5892956691,38.23339732391729
946025,Francis Nzaba,249999.9999999998,97002.20524272032,152997.79475727948,61.19911790291184
405690,Ole Pohlmann,1499999.9999999986,1653111.0143962218,153111.01439622324,10.207400959748226
643750,Nicolás Hernández,449999.99999999994,603128.5586390872,153128.5586390873,34.02856858646385
808477,Ahmed Sidibé,100000.00000000004,253129.83476702985,153129.8347670298,153.12983476702973
69015,Andriy Yarmolenko,999999.9999999997,1153346.1137334567,153346.11373345705,15.33461137334571
346898,Alexis Antunes,1499999.9999999986,1346563.6100859789,153436.38991401973,10.229092660934658
171062,Nemanja Antonov,399999.9999999999,246509.8147590354,153490.1852409645,38.372546310241134
316983,Marko Johansson,399999.9999999999,246503.47186297434,153496.52813702554,38.3741320342564
181315,Batraz Khadartsev,249999.9999999998,96436.55646607504,153563.44353392476,61.42537741356995
1038684,Jacek Czapliński,100000.00000000004,253697.8142590498,153697.81425904977,153.69781425904972
201139,Kristoffer Larsen,100000.00000000004,253703.9520001713,153703.95200017124,153.70395200017117
524033,Thijs van Leeuwen,275000.0000000002,121278.03688960215,153721.96311039804,55.898895676508346
26432,Pablo Batalla,999999.9999999997,846212.5957579615,153787.40424203814,15.378740424203821
239951,Andrej Lukic,399999.9999999999,246206.85142175434,153793.14857824554,38.4482871445614
410854,Ragnar Oratmangoen,499999.99999999977,346197.5128158179,153802.48718418187,30.76049743683639
76055,Ronny Rodelin,100000.00000000004,253974.01842880828,153974.01842880825,153.97401842880817
287663,Luca Valzania,499999.99999999977,346011.2740030043,153988.72599699546,30.797745199399106
670857,Jude Soonsup-Bell,150000.00000000006,304099.4092727568,154099.40927275672,102.73293951517111
424021,Dapo Mebude,199999.99999999997,354275.9309045545,154275.93090455452,77.13796545227727
658874,Seung-bin Kim,225000.00000000015,379397.1507135663,154397.15071356614,68.62095587269602
146281,Lum Rexhepi,25000.000000000004,179477.52904500338,154477.52904500338,617.9101161800135
364057,Sebastián Acosta,100000.00000000004,254497.5628518556,154497.56285185553,154.49756285185546
96853,Adrian Stoian,75000.00000000004,229578.05848929213,154578.0584892921,206.1040779857227
888215,William Svensson,399999.9999999999,245313.24966661647,154686.75033338342,38.671687583345864
117476,Levent Aycicek,349999.9999999997,195134.62886310992,154865.3711368898,44.24724889625426
1034636,Stefan Bitca,349999.9999999997,195120.8486133119,154879.15138668782,44.25118611048227
158718,Max Ehmer,175000.00000000012,329983.5093795494,154983.5093795493,88.5620053597424
496661,Elliot Thorpe,199999.99999999997,355062.54714173893,155062.54714173896,77.5312735708695
142326,Philtzgerald Mbaka,25000.000000000004,180081.79351218662,155081.79351218662,620.3271740487464
704712,Riccardo Pinzi,100000.00000000004,255089.71172694897,155089.7117269489,155.08971172694882
554495,Boniface Nduka,399999.9999999999,555127.3741329967,155127.37413299677,38.7818435332492
40822,Mauro Boselli,249999.9999999998,94771.05882739593,155228.94117260387,62.0915764690416
989448,Ebbe De Vlaeminck,249999.9999999998,94673.04556806853,155326.95443193126,62.13078177277255
1383742,Luis Marimón,199999.99999999997,355536.70115614927,155536.7011561493,77.76835057807466
105468,Neuton,299999.99999999977,144454.36596855082,155545.63403144895,51.84854467714969
27510,Lee Croft,349999.9999999997,194359.14500356838,155640.85499643133,44.46881571326613
5501,Mauro Cetto,299999.99999999977,144160.11795868084,155839.88204131892,51.94662734710634
934863,Tommaso Pittino,150000.00000000006,305917.895341733,155917.89534173295,103.94526356115526
480546,Mostafa Matar,349999.9999999997,193978.89826629646,156021.10173370325,44.57745763820097
27306,Mathieu Debuchy,299999.99999999977,143932.5729780267,156067.42702197307,52.02247567399107
410213,Oleksandr Chepelyuk,249999.9999999998,93909.03646102907,156090.96353897074,62.43638541558835
175323,Óscar Duarte,499999.99999999977,343896.06270430225,156103.9372956975,31.220787459139515
1146029,Juanma Herzog,999999.9999999997,1156176.4002820773,156176.4002820776,15.617640028207767
684159,Kevin Rodríguez,6000000.0,5843682.745936294,156317.2540637059,2.605287567728432
605528,Pol Tristán,50000.000000000015,206446.78942420502,156446.78942420502,312.89357884840996
982366,Vito Caic,299999.99999999977,143537.82787321837,156462.1721267814,52.154057375593844
127066,Quentin Pereira,100000.00000000004,256669.43877772836,156669.4387777283,156.66943877772823
453796,Kevin Bukusu,249999.9999999998,93281.79394285566,156718.20605714415,62.68728242285771
351441,Atanas Chernev,700000.0000000006,543281.0126215796,156718.987378421,22.38842676834584
836547,Serginho,3000000.000000001,3156732.8328183824,156732.8328183815,5.2244277606127145
391887,Yuri Araújo,299999.99999999977,456763.53545976244,156763.53545976267,52.254511819920936
89313,Eneko Bóveda,399999.9999999999,243187.35696764087,156812.64303235902,39.203160758089766
1059172,Ahmed Ouattara Kossonou,449999.99999999994,606868.5301307859,156868.53013078595,34.85967336239688
252027,Lorenzo Pace,25000.000000000004,181870.24838748536,156870.24838748536,627.4809935499413
575706,Abdulrahman Saleh,449999.99999999994,293120.89083089377,156879.10916910617,34.86202425980138
955389,Martin Børsheim,800000.0000000005,957026.3248456771,157026.32484567666,19.628290605709573
502990,Ka-Wing Tse,100000.00000000004,257040.30987720727,157040.3098772072,157.04030987720714
1300866,Issiaka Dembele,299999.99999999977,457097.98098727316,157097.9809872734,52.3659936624245
796299,Billy Gee,249999.9999999998,407177.3660575057,157177.36605750592,62.870946423002415
668420,Matijus Remeikis,449999.99999999994,292816.8000514881,157183.19994851184,34.92959998855819
736043,Ali Kadhim,449999.99999999994,292705.34156109,157294.65843890992,34.95436854197999
583767,Semir Telalovic,399999.9999999999,557335.413612381,157335.4136123811,39.33385340309528
146660,Ronaldo,399999.9999999999,242500.99772672908,157499.0022732708,39.374750568317715
213271,Léo,349999.9999999997,192487.3353809607,157512.66461903902,45.003618462582615
742484,Duarte Carvalho,299999.99999999977,142486.13187147354,157513.86812852623,52.50462270950879
544789,Flávio Cristóvão,100000.00000000004,257570.91833897345,157570.91833897342,157.57091833897337
238635,Julien Fabri,100000.00000000004,257584.3440283157,157584.34402831568,157.5843440283156
95261,Fabio,100000.00000000004,257665.66454183668,157665.66454183665,157.6656645418366
132694,Vasilios Konstantinidis,50000.000000000015,207864.6674569806,157864.66745698056,315.729334913961
111266,Anthony Losilla,499999.99999999977,342072.1905176056,157927.8094823942,31.585561896478854
430824,Peter Gwargis,600000.0000000003,757940.6110971506,157940.61109715025,26.323435182858358
542138,Emanuel Iñiguez,100000.00000000004,257970.1482918512,157970.14829185116,157.9701482918511
656796,Ivar Jenner,299999.99999999977,141954.45436369532,158045.54563630445,52.68184854543486
5406,Benoît Pedretti,249999.9999999998,408095.5001927052,158095.5001927054,63.238200077082205
490951,Tony Stojkovski,25000.000000000004,183140.1071956291,158140.1071956291,632.5604287825163
459100,Mattia Petricca,10000.00000000001,168278.81680684516,158278.81680684516,1582.7881680684502
244273,Craig Wighton,199999.99999999997,358280.9885204772,158280.98852047723,79.14049426023863
673069,Isak Bjerkebo,800000.0000000005,641705.6632742375,158294.33672576293,19.786792090720354
888602,Corban Piper,449999.99999999994,291705.1061940308,158294.89380596916,35.176643067993155
108471,Csaba Somogyi,50000.000000000015,208346.8863472802,158346.88634728017,316.69377269456027
479945,Carl Stewart,50000.000000000015,208425.14584802298,158425.14584802295,316.8502916960458
127118,Florent André,50000.000000000015,208484.96562410102,158484.965624101,316.9699312482019
524986,Franklin Wadja,199999.99999999997,358617.4941888282,158617.49418882825,79.30874709441413
21010,Radek Cerny,249999.9999999998,91286.56581623346,158713.43418376634,63.48537367350659
198981,Matvei Igonen,449999.99999999994,291197.4352428208,158802.56475717912,35.2894588349287
332142,Quentin Lecoeuche,299999.99999999977,141168.86246436436,158831.1375356354,52.943712511878516
724219,Martín Garnerone,349999.9999999997,190984.85982803325,159015.14017196646,45.432897191990456
64016,Yasin Pehlivan,25000.000000000004,184050.78263041558,159050.78263041558,636.2031305216622
1190006,Dominik Chong Qui,150000.00000000006,309160.0637109125,159160.06371091242,106.10670914060825
170979,Paul Reulet,299999.99999999977,140729.30161892017,159270.6983810796,53.09023279369324
23918,David Ducourtioux,249999.9999999998,90606.0985897501,159393.9014102497,63.75756056409993
164925,Anice Badri,299999.99999999977,140565.82574384377,159434.174256156,53.14472475205204
253153,Álvaro Traver,150000.00000000006,309598.4309879961,159598.43098799605,106.39895399199733
3467,Shaun Wright-Phillips,100000.00000000004,259659.310907818,159659.31090781797,159.6593109078179
100482,Deivydas Matulevicius,50000.000000000015,209677.0874710043,159677.08747100428,319.3541749420085
703520,Rodolfo Sulia,50000.000000000015,209707.08769704655,159707.08769704652,319.4141753940929
1380876,Gabriel Jesus David,199999.99999999997,359779.45364460704,159779.45364460707,79.88972682230354
927714,Carlos Eduardo,499999.99999999977,659822.8745649693,159822.87456496956,31.964574912993925
1102301,Heiler Mosquera,25000.000000000004,184834.62445053257,159834.62445053257,639.3384978021302
909127,Kyu-min Kim,150000.00000000006,310269.6092513742,160269.60925137415,106.84640616758271
229616,Elias Andersson,349999.9999999997,510374.25875568786,160374.25875568815,45.82121678733951
731738,Teddy Rowe,150000.00000000006,310582.36099080066,160582.3609908006,107.05490732720035
52209,Steeven Langil,249999.9999999998,89379.23190360182,160620.76809639798,64.24830723855925
567150,Kai Kennedy,299999.99999999977,139338.259084354,160661.74091564576,53.55391363854862
638623,Jherson Mosquera,449999.99999999994,610675.6802821289,160675.68028212892,35.705706729361985
249061,Giovanni Fenati,50000.000000000015,210920.5874905665,160920.58749056648,321.8411749811329
46060,Federico Melchiorri,299999.99999999977,139054.57565444466,160945.4243455551,53.64847478185174
95172,Pedro Gallese,349999.9999999997,189007.6332393906,160992.36676060912,45.997819074459784
388548,Jandro Orellana,999999.9999999997,838961.9347995159,161038.06520048378,16.103806520048384
338636,Jérôme Déom,349999.9999999997,511219.6381762294,161219.63817622967,46.06275376463709
268176,Sergi Palencia,2499999.9999999995,2338699.488107548,161300.51189245144,6.452020475698059
733886,Mitch Gibson,50000.000000000015,211458.56847699196,161458.56847699196,322.91713695398386
198070,Elvis Manu,499999.99999999977,338407.8235204581,161592.17647954164,32.318435295908344
49474,Shamil Lakhiyalov,399999.9999999999,238322.72594228704,161677.27405771284,40.41931851442822
197604,Filipe Chaby,50000.000000000015,211759.8987443635,161759.8987443635,323.51979748872697
132553,Kaveh Rezaei,349999.9999999997,188233.40598419515,161766.59401580456,46.219026861658485
48424,Ivan Franjic,299999.99999999977,138049.5569135809,161950.44308641888,53.98348102880634
102470,Antonino Ragusa,349999.9999999997,187995.62826903324,162004.37173096646,46.28696335170474
792523,Marius Olsen,600000.0000000003,437983.86244882003,162016.13755118032,27.002689591863373
140069,Babajide Ogunbiyi,249999.9999999998,412349.727176664,162349.7271766642,64.93989087066574
256213,Maksym Malyshev,50000.000000000015,212383.47835785314,162383.47835785314,324.7669567157062
543467,Deiber Caicedo,700000.0000000006,862433.6197777146,162433.61977771402,23.204802825387695
19356,Kevin Begois,249999.9999999998,87475.21896954373,162524.78103045607,65.00991241218247
448257,Ogechika Heil,299999.99999999977,137430.37879018593,162569.62120981383,54.18987373660465
704692,Nicolò Cocetta,75000.00000000004,237716.81567047123,162716.81567047117,216.95575422729476
622801,Flavio Paoletti,899999.9999999995,737080.9006301978,162919.0993698017,18.1021221522002
36559,Emil Johansson,50000.000000000015,213221.30289461874,163221.3028946187,326.44260578923735
1161128,Ammar Al-Harfi,100000.00000000004,263227.10401592974,163227.10401592968,163.22710401592963
1145742,Sultan Tunkar,299999.99999999977,463279.1468761511,163279.14687615132,54.42638229205048
677477,Jae-min Jung,175000.00000000012,338537.2127587944,163537.2127587943,93.44983586216811
181768,Hernani,1499999.9999999986,1663554.5624455367,163554.56244553812,10.90363749636922
221805,Ignacio Rivero,1200000.0000000005,1036398.4962266312,163601.50377336924,13.633458647780767
1049104,Zakaria Taifi,349999.9999999997,186303.3216407463,163696.67835925342,46.7704795312153
988734,Ángel Stringa,100000.00000000004,263712.4489785082,163712.44897850812,163.71244897850806
236995,Marcel Langer,25000.000000000004,188829.29905890324,163829.29905890324,655.3171962356129
468512,Kassim M'Dahoma,100000.00000000004,263846.38360009686,163846.3836000968,163.84638360009674
77569,Danny Seaborne,299999.99999999977,463867.63181344396,163867.6318134442,54.62254393781477
809639,Koffi,199999.99999999997,36015.479387981955,163984.520612018,81.99226030600902
4607,Roel Brouwers,399999.9999999999,235782.10429576016,164217.89570423972,41.05447392605994
656831,Jintao Liao,499999.99999999977,335767.6571678561,164232.34283214365,32.84646856642874
67721,Mohammed Rabiu,100000.00000000004,264238.4937628589,164238.49376285885,164.23849376285878
243841,Mykhaylo Sergiychuk,299999.99999999977,135737.02159208865,164262.9784079111,54.75432613597041
251485,Jordan Tillson,299999.99999999977,135708.8730910556,164291.12690894416,54.76370896964809
72522,Luuk de Jong,499999.99999999977,335675.4716929774,164324.52830702235,32.864905661404485
1101447,Iván Román,1499999.9999999986,1664503.1710080018,164503.17100800318,10.966878067200222
1304045,Devrim Şahin,399999.9999999999,235469.21584832342,164530.78415167646,41.132696037919125
830855,Stefano Moreyra,600000.0000000003,435427.60146075883,164572.39853924152,27.428733089873568
718152,Otso Liimatta,800000.0000000005,635276.9750090331,164723.02499096736,20.59037812387091
1135726,Freddy Molina,299999.99999999977,135249.9557525809,164750.04424741887,54.91668141580634
22749,Daniele Croce,249999.9999999998,85188.71815832064,164811.28184167916,65.92451273667172
16311,Rouwen Hennings,299999.99999999977,135139.58507671065,164860.41492328912,54.95347164109642
140540,Fedor Černych,100000.00000000004,264918.7552857082,164918.75528570812,164.91875528570804
568242,Lachezar Kotev,499999.99999999977,335026.936542887,164973.06345711276,32.99461269142257
1015995,Jason Dalle Molle,249999.9999999998,85018.1894598559,164981.8105401439,65.99272421605761
659589,Rodrigo González,375000.00000000006,209967.31212512797,165032.6878748721,44.00871676663255
376860,Salvador Sánchez,399999.9999999999,234963.06206677403,165036.93793322585,41.25923448330647
386447,Alessandro Fiordaliso,299999.99999999977,465116.4012696089,165116.4012696091,55.038800423203085
186988,Sven Michel,700000.0000000006,534797.3712702616,165202.628729739,23.600375532819836
236590,Christian Ramirez,199999.99999999997,365377.5014296861,165377.50142968612,82.68875071484307
601512,Tom Bradbury,100000.00000000004,265451.91697190533,165451.91697190527,165.4519169719052
519291,Stian Kristiansen,499999.99999999977,334524.99711767765,165475.00288232212,33.09500057646444
45259,Alharbi El Jadeyaoui,399999.9999999999,234480.58467493483,165519.41532506506,41.379853831266274
319674,Duhan Aksu,600000.0000000003,434208.36611881637,165791.63388118398,27.63193898019731
70724,Rodrigo Antônio,100000.00000000004,265917.33091637905,165917.330916379,165.91733091637892
240906,Tiago Silva,249999.9999999998,84063.29840406474,165936.70159593504,66.37468063837407
290928,Dylan Bahamboula,324999.9999999999,158968.62928500734,166031.37071499255,51.0865756046131
1182738,Abdoulaye Faye,4500000.000000002,4333885.542830326,166114.4571696762,3.691432381548358
546532,Jordan,999999.9999999997,833815.137825155,166184.8621748446,16.618486217484467
528211,Tino Jukic,499999.99999999977,333771.3188551561,166228.6811448437,33.24573622896875
918302,Cheick Doumbia,50000.000000000015,216339.4725200454,166339.4725200454,332.67894504009075
401054,Aymen Hussein,399999.9999999999,233659.40669267636,166340.59330732352,41.58514832683089
3216,Milan Baros,249999.9999999998,83653.20720945706,166346.79279054274,66.53871711621716
49024,Sergiy Symonenko,399999.9999999999,233635.94015938023,166364.05984061965,41.59101496015493
425733,Nikola Stevanovic,850000.0000000005,683610.5057419767,166389.4942580238,19.575234618591026
839444,Seung-ho Park,299999.99999999977,133530.86112545544,166469.13887454433,55.48971295818148
65301,Xavi Torres,100000.00000000004,266506.20371904736,166506.2037190473,166.50620371904722
118275,Maxime Blanc,249999.9999999998,416521.1721293351,166521.17212933532,66.60846885173419
298975,Pol Lirola,1499999.9999999986,1666569.8875665367,166569.88756653806,11.104659171102547
84442,Leonardo Capezzi,349999.9999999997,183429.6143869561,166570.38561304362,47.59153874658393
459390,Tore André Sørås,349999.9999999997,516612.1015531755,166612.10155317577,47.60345758662169
191850,Kosmas Gezos,399999.9999999999,566718.1252953135,166718.12529531366,41.67953132382843
51547,Mané,499999.99999999977,666938.649156567,166938.64915656717,33.38772983131345
175914,Álex Barrera,100000.00000000004,267038.91219492065,167038.9121949206,167.0389121949205
628499,Kenneth Soler,100000.00000000004,267061.5200876433,167061.52008764324,167.06152008764317
908662,Yuto Matsunagane,299999.99999999977,132934.34361999805,167065.65638000172,55.688552126667275
542838,Emil Wass,25000.000000000004,192160.94828985666,167160.94828985666,668.6437931594265
202836,Yaffa Yusupha,10000.00000000001,177391.9250682049,167391.9250682049,1673.9192506820477
807124,Alioune Ndoye,999999.9999999997,1167402.134739092,167402.13473909243,16.74021347390925
134402,Thomas Mikkelsen,25000.000000000004,192524.82188994638,167524.82188994638,670.0992875597854
234124,Simon Deli,100000.00000000004,267540.78781439434,167540.78781439428,167.5407878143942
146918,Egor Baburin,499999.99999999977,667548.8901693985,167548.89016939874,33.50977803387977
44687,Johan Cavalli,299999.99999999977,132442.5001231242,167557.49987687558,55.85249995895857
271183,Brandt Bronico,1200000.0000000005,1032435.5690188901,167564.43098111032,13.963702581759188
89731,Iñigo Eguaras,800000.0000000005,967609.2386029994,167609.2386029989,20.95115482537485
22720,William,25000.000000000004,192673.4055570933,167673.4055570933,670.6936222283731
402604,Vladimir Moskvichev,499999.99999999977,332262.14845456526,167737.8515454345,33.547570309086915
426011,Mykola Kogut,299999.99999999977,132243.72451292892,167756.27548707084,55.91875849569033
4267,Tim Howard,299999.99999999977,132202.74613482668,167797.2538651731,55.93241795505774
52082,Deniz Vural,275000.0000000002,107183.02101153956,167816.9789884606,61.02435599580382
182909,Louis Nganioni,124999.9999999999,292830.8683154822,167830.86831548234,134.26469465238597
583889,Mohamed Sobhi,349999.9999999997,518386.3693629411,168386.36936294142,48.11039124655473
599909,Antonio López,549999.9999999998,381596.5584479326,168403.44155206718,30.618807554921318
181773,Charles,299999.99999999977,468491.55998384097,168491.5599838412,56.16385332794711
655637,Brayan Sánchez,50000.000000000015,218569.96273952269,168569.96273952269,337.13992547904525
514893,Anders Dahl,499999.99999999977,331209.986539087,168790.01346091274,33.758002692182565
67797,Milan Borjan,249999.9999999998,81161.9810709063,168838.0189290935,67.53520757163746
963835,Adam Abeddou,50000.000000000015,218840.78131474493,168840.7813147449,337.6815626294897
477461,Guilherme Mantuan,50000.000000000015,218878.90909552918,168878.90909552918,337.7578181910582
459953,Giacomo Manzari,299999.99999999977,131076.79547585172,168923.20452414805,56.307734841382725
398063,Luke Southwood,199999.99999999997,369000.04667270265,169000.04667270268,84.50002333635135
5639,José Saez,499999.99999999977,330957.9141896095,169042.08581039024,33.808417162078065
242299,Roberto Olabe,399999.9999999999,230939.78883350425,169060.21116649563,42.26505279162392
319180,Andrea Marcucci,75000.00000000004,244143.89186267435,169143.89186267433,225.5251891502323
121238,George Moncur,375000.00000000006,205792.13137151094,169207.86862848912,45.122098300930425
337669,Ilias Alhaft,299999.99999999977,130776.93778582646,169223.06221417332,56.407687404724484
799095,Vadim Ulyanov,800000.0000000005,969262.6722485657,169262.67224856524,21.157834031070642
18958,Alejandro Domínguez,299999.99999999977,130668.95669243962,169331.04330756015,56.443681102520095
199321,Rubén Blanco,700000.0000000006,869400.9595286406,169400.95952864003,24.200137075519983
90451,Iván Marcone,399999.9999999999,230508.17031186432,169491.82968813556,42.3729574220339
447730,Luc Ihorst,349999.9999999997,180453.3105543309,169546.6894456688,48.44191127019113
654348,Kazuya Konno,800000.0000000005,630446.6182661549,169553.38173384557,21.194172716730684
406281,Moussa Diallo,25000.000000000004,194631.5239242178,169631.5239242178,678.526095696871
346922,Thiago Santos,100000.00000000004,269662.61572239205,169662.615722392,169.6626157223919
3397,Paul Scholes,999999.9999999997,1169673.1071091576,169673.10710915795,16.9673107109158
1126889,Anton Kurochkin,349999.9999999997,180110.41573338976,169889.58426660995,48.53988121903146
802986,Justin Bengui,299999.99999999977,130072.14294615539,169927.85705384437,56.64261901794817
39720,Viktor Bopp,249999.9999999998,80020.65387305425,169979.34612694554,67.99173845077827
156934,Tyias Browning,349999.9999999997,520118.77354019246,170118.77354019275,48.60536386862654
719383,Ivan Pavlic,399999.9999999999,570179.5727795784,170179.5727795785,42.54489319489464
12753,Cammy Bell,50000.000000000015,220230.90650989005,170230.90650989005,340.46181301978
163744,Jack Stephens,1200000.0000000005,1370292.9194757517,170292.91947575123,14.191076622979265
606527,Maks Dziov,549999.9999999998,379696.83508109546,170303.1649189043,30.96421180343716
720930,Andrey Kudravets,249999.9999999998,420481.60727371235,170481.60727371255,68.19264290948507
75458,Robin Olsen,600000.0000000003,429479.464917756,170520.53508224437,28.42008918037405
798927,N'Dri Koffi,800000.0000000005,629407.4308961227,170592.56910387776,21.324071137984706
94205,Kevin Scheidhauer,75000.00000000004,245643.48840270736,170643.48840270733,227.52465120360964
51383,Manuel Arana,399999.9999999999,229121.97673400238,170878.0232659975,42.719505816499385
888630,Vladimir Nazarov,399999.9999999999,229039.02401046624,170960.97598953365,42.74024399738342
479431,Jethro Mashart,275000.0000000002,103993.7365134038,171006.26348659638,62.184095813307735
314963,Bruno Paz,299999.99999999977,471119.87546138425,171119.87546138448,57.0399584871282
141344,Lee Lynch,175000.00000000012,346136.6181005741,171136.618100574,97.79235320032794
696326,Max Woltman,299999.99999999977,128796.68030254636,171203.3196974534,57.06777323248451
608943,Lucas Silva,700000.0000000006,528691.6198038512,171308.38019614934,24.472625742307027
127768,Raheem Lawal,10000.00000000001,181309.5470919359,171309.5470919359,1713.0954709193575
1050797,Emrecan Bulut,600000.0000000003,771476.3455100094,171476.3455100091,28.579390918334834
164020,Marco Pinato,499999.99999999977,328504.1838369038,171495.816163096,34.299163232619215
1118874,Jan Leszczyński,600000.0000000003,428365.8082466065,171634.19175339385,28.605698625565623
335086,José Esquivel,999999.9999999997,828336.2341568973,171663.76584310236,17.166376584310242
415816,Diallang Jaiyesimi,225000.00000000015,396696.1747206524,171696.17472065226,76.30941098695651
1073752,Kamil Jakóbczyk,249999.9999999998,78206.90146430273,171793.09853569706,68.71723941427888
74294,Nemanja Gudelj,2000000.0000000016,1828161.6174802023,171838.38251979928,8.591919125989957
136212,Eren Tozlu,249999.9999999998,78042.20276179176,171957.79723820803,68.78311889528327
606447,Percy Prado,50000.000000000015,221990.52042528483,171990.5204252848,343.9810408505695
195162,Mayron George,349999.9999999997,177938.8732294788,172061.1267705209,49.160321934434585
279657,Nico Rinderknecht,50000.000000000015,222413.6751665295,172413.6751665295,344.82735033305886
259748,Tal Kahila,100000.00000000004,272436.94802728103,172436.94802728097,172.4369480272809
55687,Ritchie De Laet,299999.99999999977,127547.88137403267,172452.1186259671,57.48403954198908
600481,Alhassan Yusuf,3000000.000000001,2827385.851664844,172614.14833515696,5.75380494450523
7326,Kwame Quansah,850000.0000000005,677375.9231051735,172624.07689482695,20.30871492880316
754040,Ruslanbek Jiyanov,800000.0000000005,972674.3292767418,172674.32927674137,21.58429115959266
180189,Jorge Rojas,50000.000000000015,222800.83191543355,172800.83191543352,345.6016638308669
807318,Ryan Finnigan,249999.9999999998,77177.241065292,172822.7589347078,69.12910357388317
829159,Pocholo Bugas,25000.000000000004,197910.88545316798,172910.88545316798,691.6435418126719
1161179,Seung-gu Choi,249999.9999999998,76889.65595909792,173110.34404090187,69.2441376163608
210158,Uche,50000.000000000015,223133.94096281865,173133.94096281863,346.26788192563714
1258105,Cristian Iguarán,249999.9999999998,76833.52341392652,173166.4765860733,69.26659063442938
255638,Dmytro Kravchenko,100000.00000000004,273306.62390835985,173306.6239083598,173.3066239083597
226404,Bady,50000.000000000015,223346.77217903058,173346.77217903058,346.6935443580611
412939,Dennis Vos,349999.9999999997,176498.07772281652,173501.92227718318,49.571977793480954
159622,Adrien Trébel,199999.99999999997,373568.6115905896,173568.6115905896,86.78430579529481
1157676,Adonija Ouanda,600000.0000000003,773624.3493664949,173624.34936649457,28.93739156108241
40446,Jirès Kembo Ekoko,199999.99999999997,373685.04834861844,173685.04834861847,86.84252417430925
185026,Mikhail Gashchenkov,299999.99999999977,126302.33203800535,173697.66796199442,57.89922265399818
341374,Vlad Pop,349999.9999999997,176284.74776603977,173715.25223395994,49.63292920970288
17693,Sébastien Roudet,299999.99999999977,126207.98590143591,173792.01409856387,57.930671366188
22636,Benoît Lesoimier,50000.000000000015,223833.68416430516,173833.68416430516,347.6673683286102
80672,Roman Bezjak,25000.000000000004,198921.39987303026,173921.39987303026,695.6855994921209
554040,Aloísio Neto,150000.00000000006,323924.97972997214,173924.97972997208,115.949986486648
36812,Blagoy Georgiev,50000.000000000015,224162.1321512355,174162.13215123548,348.32426430247085
126422,Allan,999999.9999999997,825823.2464960895,174176.75350391015,17.417675350391022
72484,Manu Barreiro,100000.00000000004,274313.59136052476,174313.5913605247,174.3135913605246
147266,Carlos Peña,124999.9999999999,299430.95554914075,174430.95554914087,139.54476443931281
878419,Isidoros Koutsidis,299999.99999999977,125541.76618786612,174458.23381213367,58.15274460404461
547827,Andrei Mărginean,700000.0000000006,525373.426224184,174626.5737758166,24.94665339654521
50806,Adnan Aganovic,299999.99999999977,125336.47899841421,174663.52100158556,58.221173667195224
1228946,Adama Dramé,150000.00000000006,324704.9547148281,174704.95471482805,116.46996980988533
584275,Petr Hodous,749999.9999999998,575243.886942122,174756.11305787775,23.300815074383706
748445,Yassine Titraoui,6999999.999999995,6825212.855132812,174787.14486718364,2.4969592123883397
46156,Aleksandar Kolarov,499999.99999999977,325122.82061842264,174877.17938157712,34.975435876315444
315124,Tristan Dekker,299999.99999999977,125096.84073228094,174903.15926771885,58.301053089239666
1146650,Abel Walatee,299999.99999999977,475104.50488896895,175104.50488896918,58.368168296323105
339816,Tete Morente,1800000.000000001,1624718.214630505,175281.78536949586,9.737876964971989
182462,Welthon,399999.9999999999,224689.92693328756,175310.07306671233,43.8275182666781
331278,Mateusz Marzec,50000.000000000015,225397.92891705345,175397.92891705345,350.79585783410676
337310,Lamin Jallow,249999.9999999998,74524.70007221398,175475.29992778582,70.19011997111438
322917,Dani Ndi,50000.000000000015,225478.90951792337,175478.90951792337,350.9578190358466
126249,Adam Buxton,50000.000000000015,225555.35447644044,175555.3544764404,351.1107089528807
654326,Salim Hernández,449999.99999999994,625644.3274390742,175644.32743907423,39.03207276423872
4276,Carlos Tevez,299999.99999999977,124315.17000807363,175684.82999192615,58.561609997308764
783429,Unai Dufur,299999.99999999977,124296.269028582,175703.73097141777,58.567910323805975
78530,Matija Skarabot,10000.00000000001,185757.67142897032,175757.67142897032,1757.5767142897018
44792,Kieran Gibbs,499999.99999999977,324240.20345147693,175759.79654852283,35.15195930970458
700673,Claus Niyukuri,499999.99999999977,675831.7950372471,175831.79503724736,35.166359007449486
94305,Uros Cosic,349999.9999999997,173926.82890363334,176073.17109636636,50.30662031324758
190811,Ognjen Gnjatic,100000.00000000004,276101.2068960447,176101.20689604466,176.10120689604457
375662,Vitaliy Stezhko,399999.9999999999,576166.6474021644,176166.64740216453,44.04166185054114
582131,Denilho Cleonise,399999.9999999999,223774.69262174438,176225.3073782555,44.056326844563884
237468,Santiago Montoya,150000.00000000006,326252.3118599109,176252.31185991084,117.50154123994052
637545,Ilya Kirsh,749999.9999999998,573545.9722453995,176454.02775460028,23.527203700613377
149716,Ivan Cavaleiro,349999.9999999997,526538.3129876402,176538.31298764044,50.439517996468744
71905,Coke,299999.99999999977,123389.93131381838,176610.0686861814,58.87002289539384
961642,Chris Donnell,349999.9999999997,526670.9971625207,176670.99716252094,50.47742776072032
60799,Wilson Eduardo,600000.0000000003,423129.3243333473,176870.67566665303,29.478445944442157
66472,Besart Ibraimi,249999.9999999998,73106.29408961213,176893.70591038768,70.75748236415514
515056,Stepan Oganesyan,299999.99999999977,476911.1162766181,176911.11627661833,58.970372092206155
69006,Lacina Traore,75000.00000000004,251981.16742229738,176981.16742229735,235.97488989639635
15760,Ibrahim Afellay,474999.99999999977,297825.812147999,177174.18785200076,37.29982902147386
130427,Islam Feruz,50000.000000000015,227461.60478311242,177461.60478311242,354.9232095662247
640735,Abdoul Tapsoba,549999.9999999998,372504.7929626433,177495.20703735645,32.27185582497392
930389,Martin Ryzek,25000.000000000004,202528.95237260286,177528.95237260286,710.1158094904113
618813,Carlos Martín,1499999.9999999986,1322457.314375043,177542.6856249557,11.836179041663723
347038,Thomas Oude Kotte,499999.99999999977,322312.5782215061,177687.42177849368,35.53748435569875
32591,Krzysztof Krol,199999.99999999997,377759.9752911761,177759.97529117615,88.87998764558809
476142,Leon Sabua,275000.0000000002,97207.9341956708,177792.06580432938,64.65166029248337
369267,Maximiliano Caufriez,899999.9999999995,722204.503047197,177795.49695280252,19.755055216978068
661241,Diego Acosta,50000.000000000015,227858.19197760947,177858.19197760947,355.7163839552188
164254,Gabriel Iancu,150000.00000000006,327871.96636951814,177871.96636951808,118.581310913012
1171955,Matvey Bokhno,50000.000000000015,227989.92149621047,177989.92149621045,355.9798429924208
61572,Chris Herd,199999.99999999997,378003.65638222493,178003.65638222496,89.0018281911125
949973,Carlo Matekovic,50000.000000000015,228122.74512189365,178122.74512189365,356.2454902437872
56796,Pape M'Bow,349999.9999999997,171712.8498895953,178287.15011040441,50.939185745829874
42934,Franck Guela,324999.9999999999,146701.39740163184,178298.60259836804,54.861108491805574
630523,Martin Svidersky,275000.0000000002,453423.5573230323,178423.55732303212,64.88129357201163
211085,Mohammed Saeid,349999.9999999997,171566.89116043877,178433.10883956094,50.9808882398746
487756,Renars Varslavans,499999.99999999977,321503.36288829707,178496.6371117027,35.69932742234055
1045446,Dmytro Bogdanov,800000.0000000005,978730.3052943542,178730.30529435375,22.341288161794207
923617,Shahin Shahniyarov,299999.99999999977,121147.4486399763,178852.55136002347,59.61751712000787
53293,Manu Fernández,299999.99999999977,121083.50743307767,178916.4925669221,59.63883085564075
32816,Danilo,299999.99999999977,120958.00732798928,179041.9926720105,59.68066422400354
353969,Kota Watanabe,899999.9999999995,720714.8797012835,179285.120298716,19.920568922079568
1109206,Miguel Di Pizio,449999.99999999994,270522.7851232836,179477.21487671632,39.88382552815919
236549,Cleyton,349999.9999999997,170510.86509514708,179489.13490485263,51.28260997281509
262636,Modestas Vorobjovas,399999.9999999999,220324.7505622208,179675.24943777907,44.91881235944478
336667,Assim Madibo,349999.9999999997,170243.5562852616,179756.4437147381,51.358983918496634
292545,Murat Ucar,275000.0000000002,95238.50362101002,179761.49637899015,65.36781686508729
651417,Felipe Souza Ferreyra,150000.00000000006,329802.75608269754,179802.75608269748,119.86850405513161
710474,Álvaro Aceves,399999.9999999999,220097.20698247224,179902.79301752764,44.975698254381925
665582,David Seger,399999.9999999999,579902.9786393166,179902.97863931675,44.975744659829196
962090,Artem Smolyakov,1499999.9999999986,1679917.6549825284,179917.6549825298,11.994510332168666
211318,Ruslan Palamar,150000.00000000006,329932.6220985757,179932.62209857564,119.95508139905039
528052,Jae-hyeon Mo,749999.9999999998,570049.7077381131,179950.29226188664,23.99337230158489
1726,Heiko Westermann,399999.9999999999,220012.91160244966,179987.08839755022,44.99677209938756
354136,Vitalie Damascan,399999.9999999999,580018.3427850925,180018.34278509265,45.004585696273175
409511,Damjan Pavlovic,349999.9999999997,530088.2453158209,180088.2453158212,51.45378437594895
854488,Joffrey Bazié,100000.00000000004,280219.6949781312,180219.69497813116,180.2196949781311
158697,Gaël Bigirimana,100000.00000000004,280222.55620282027,180222.5562028202,180.22255620282013
93678,Gaëtan Charbonnier,399999.9999999999,219750.6738216127,180249.3261783872,45.06233154459681
136610,Papy Djilobodji,499999.99999999977,680276.5504030674,180276.5504030676,36.05531008061354
222977,Casper Højer,999999.9999999997,1180394.1391638282,180394.13916382857,18.039413916382863
574199,David Lelle,150000.00000000006,330588.3342159372,180588.33421593712,120.39222281062469
489077,Riku Yamada,299999.99999999977,480724.8072841834,180724.80728418363,60.241602428061256
1004274,Victor Svensson,299999.99999999977,119234.45621996516,180765.5437800346,60.25518126001158
174213,Oleksandr Tkachenko,299999.99999999977,119187.47972906496,180812.5202709348,60.27084009031165
587726,Burak Bozan,600000.0000000003,780966.7116566874,180966.71165668708,30.16111860944783
541914,Anton Kovalev,225000.00000000015,405977.8761543501,180977.87615434997,80.4346116241555
826064,Samuele Di Benedetto,449999.99999999994,631017.8505782912,181017.85057829128,40.22618901739807
907004,Matías Morello,75000.00000000004,256114.77590659476,181114.7759065947,241.48636787545948
405568,Maurice Malone,999999.9999999997,1181136.4666097208,181136.4666097212,18.113646660972123
294857,Germán Ferreyra,399999.9999999999,218727.17003887944,181272.82996112044,45.31820749028012
61960,Pavel Nekhaychik,399999.9999999999,218685.58860822264,181314.41139177725,45.328602847944325
560396,Poramet Arjvirai,249999.9999999998,431545.7568232357,181545.75682323592,72.61830272929443
97616,Sotirios Papagiannopoulos,150000.00000000006,331547.6593988188,181547.65939881874,121.03177293254579
214448,Yaroslav Bogunov,199999.99999999997,381571.12994578114,181571.12994578117,90.7855649728906
787776,Valeriy Dubko,499999.99999999977,681680.6340447515,181680.63404475176,36.33612680895037
658586,Matteo Fiorenza,50000.000000000015,231844.55933540285,181844.55933540285,363.6891186708056
284843,Roman Ezhov,800000.0000000005,981950.009814933,181950.00981493248,22.743751226866546
382686,Conor McCarthy,399999.9999999999,218016.93577443817,181983.0642255617,45.495766056390444
729356,Alejandro Martínez,600000.0000000003,782082.3234858948,182082.32348589448,30.34705391431573
581405,Ivan Golovkin,50000.000000000015,232450.07820340103,182450.078203401,364.9001564068019
324829,Anthony Maisonnial,299999.99999999977,117515.98303104287,182484.01696895692,60.828005656319014
229970,Tom Lawrence,999999.9999999997,1182493.5671480228,182493.56714802317,18.249356714802325
189070,Modou Barrow,800000.0000000005,617283.1882197285,182716.81178027194,22.839601472533978
38270,Sergio Sánchez,100000.00000000004,283013.1374070132,183013.13740701316,183.0131374070131
49270,Dawda Bah,25000.000000000004,208075.82407566122,183075.82407566122,732.3032963026448
139668,Amessan,100000.00000000004,283176.38558869954,183176.3855886995,183.1763855886994
574669,Bogdan Jocic,899999.9999999995,1083278.590625548,183278.5906255485,20.364287847283176
1203753,Alexis González,50000.000000000015,233432.4293436159,183432.4293436159,366.8648586872317
417780,Juan David Ríos,324999.9999999999,141280.74994285894,183719.25005714095,56.52900001758185
129031,Hugo González,349999.9999999997,166258.3223595329,183741.6776404668,52.497622182990554
570165,Jader Valencia,249999.9999999998,433928.8462568234,183928.8462568236,73.5715385027295
35546,Rafita,800000.0000000005,983934.1030266546,183934.1030266541,22.991762878331752
654673,Andrea Zammit,249999.9999999998,434044.5603402696,184044.5603402698,73.61782413610798
1312171,Daniel Nunoo,499999.99999999977,315828.78630198305,184171.2136980167,36.83424273960336
635888,Matej Koubek,199999.99999999997,384182.72925389034,184182.72925389037,92.0913646269452
408288,Jesús Ruiz,299999.99999999977,115710.99951543659,184289.00048456318,61.42966682818778
93658,Tim Albutat,150000.00000000006,334343.02925270214,184343.02925270208,122.89535283513466
55338,Willian,299999.99999999977,115553.14088601874,184446.85911398102,61.482286371327056
231712,Kenan Piric,600000.0000000003,415350.93549129844,184649.0645087019,30.77484408478363
914195,Yutaka Michiwaki,249999.9999999998,65331.74513713081,184668.25486286898,73.86730194514766
1434459,Nikodem Rogowski,25000.000000000004,209750.72924053055,184750.72924053055,739.0029169621221
17374,Maurício,299999.99999999977,115187.71395572647,184812.2860442733,61.60409534809115
252900,Willian Oliveira,299999.99999999977,484815.6173021395,184815.61730213976,61.605205767379964
75568,Viktor Lundberg,124999.9999999999,309842.33106440445,184842.33106440457,147.8738648515238
531840,Elvis Bwomono,124999.9999999999,309963.0737678633,184963.0737678634,147.9704590142908
345061,Murilo,800000.0000000005,614987.0753628307,185012.9246371698,23.126615579646213
825994,Jakub Jezierski,600000.0000000003,785121.9025269531,185121.9025269528,30.85365042115878
187211,Ygor Nogueira,399999.9999999999,585173.7747209287,185173.77472092886,46.29344368023223
258138,Milos Stanojevic,50000.000000000015,235433.2659258045,185433.2659258045,370.8665318516089
293283,Oskar Buur,449999.99999999994,264525.10140143236,185474.89859856758,41.21664413301502
36356,Marco Andreolli,499999.99999999977,314515.4061857276,185484.59381427214,37.09691876285445
336756,Miguel Silva,299999.99999999977,485729.11855723255,185729.11855723278,61.909706185744305
520857,Conor Noß,399999.9999999999,214236.9466193483,185763.05338065157,46.44076334516291
668603,Ethane Azoulay,2000000.0000000016,1814110.4893179266,185889.51068207505,9.294475534103745
72283,Christopher Oualembo,499999.99999999977,685944.4565960625,185944.45659606275,37.18889131921257
54916,Jonathan Rossini,50000.000000000015,236150.53627625678,186150.53627625678,372.30107255251346
836546,Luís Bastos,199999.99999999997,386323.88653281005,186323.88653281008,93.16194326640506
333494,Jakub Pokorny,600000.0000000003,413494.5190504828,186505.48094951757,31.084246824919575
457674,Alessandro Di Pardo,800000.0000000005,986997.4893646364,186997.4893646359,23.374686170579473
182122,Didier Moreno,349999.9999999997,162984.45718100778,187015.54281899193,53.43301223399774
751988,Denys Galata,249999.9999999998,62900.35733498087,187099.6426650189,74.83985706600762
72175,Aleksey Bazanov,299999.99999999977,112899.79709290827,187100.2029070915,62.36673430236388
798666,Denis Shepilov,75000.00000000004,262186.7554205592,187186.75542055914,249.5823405607454
354214,John Mary,249999.9999999998,437230.7266543832,187230.72665438338,74.8922906617534
41511,Denni Avdic,100000.00000000004,287306.82528512547,187306.8252851254,187.3068252851253
310201,Eiichi Katayama,75000.00000000004,262471.72140711144,187471.72140711138,249.9622952094817
57941,Samuel Llorca,100000.00000000004,287715.79358379106,187715.793583791,187.7157935837909
435236,Giorgi Zaria,600000.0000000003,412252.2149768442,187747.78502315615,31.29129750385934
344870,Ivan Inzoudine,10000.00000000001,197800.13725556846,187800.13725556846,1878.001372555683
380349,Artem Meshchaninov,349999.9999999997,537876.5761585167,187876.57615851698,53.67902175957633
443673,André Teles,100000.00000000004,288028.14063066,188028.14063065994,188.02814063065983
187097,Budu Zivzivadze,1200000.0000000005,1011747.4747157629,188252.52528423758,15.687710440353126
131015,Marco Baixinho,299999.99999999977,111532.86016335218,188467.1398366476,62.82237994554926
182403,Dmitriy Barkov,199999.99999999997,388521.9276400618,188521.92764006185,94.26096382003094
406091,Boyd Lucassen,349999.9999999997,538580.3357399302,188580.33573993045,53.88009592569446
775985,Seb Loeffen,150000.00000000006,338782.5253927364,188782.52539273637,125.85501692849085
280178,Claude Gonçalves,199999.99999999997,388940.43196653854,188940.43196653857,94.4702159832693
283140,Tarsis Bonga,249999.9999999998,438965.3758462599,188965.37584626008,75.5861503385041
199856,Leandro Sosa,299999.99999999977,110936.78116718684,189063.2188328129,63.02107294427102
47576,Valerică Găman,349999.9999999997,160933.6753685585,189066.3246314412,54.018949894697535
316422,Dion Cools,700000.0000000006,889152.0841758138,189152.08417581324,27.02172631083044
53922,Alan Kardec,499999.99999999977,310810.3925699084,189189.60743009136,37.83792148601829
3291,Gareth Barry,324999.9999999999,135719.3173667601,189280.68263323978,58.24021004099688
214231,Babacar Diop,25000.000000000004,214653.0680227663,189653.0680227663,758.612272091065
288253,Jeremiah St. Juste,3000000.000000001,2810319.58518676,189680.414813241,6.322680493774698
312575,Daniel Londoño,399999.9999999999,589743.9577436585,189743.95774365857,47.43598943591466
504103,Eduardo García,800000.0000000005,990197.9286409636,190197.92864096316,23.774741080120382
322843,Leonel Di Plácido,199999.99999999997,390303.61288986803,190303.61288986806,95.15180644493404
547354,Pascu,249999.9999999998,440336.09163714934,190336.09163714954,76.13443665485988
266941,Milos Satara,399999.9999999999,590400.8396698133,190400.8396698134,47.60020991745336
956126,Ian Olivera,100000.00000000004,290467.1448051477,190467.14480514766,190.46714480514757
888398,Cristian Licsandru,50000.000000000015,240520.42647163454,190520.42647163454,381.04085294326893
347594,Florian Miguel,999999.9999999997,809336.0930366624,190663.9069633372,19.06639069633373
141654,Michele Fornasier,75000.00000000004,265690.7641630844,190690.76416308433,254.25435221744564
238056,Alexander Fransson,399999.9999999999,590747.6300556137,190747.63005561382,47.68690751390347
1126257,Gaku Nawata,150000.00000000006,340810.8986230039,190810.89862300386,127.20726574866919
350347,Michael Woud,399999.9999999999,209002.73505859115,190997.26494140874,47.7493162353522
60889,Gary Medel,800000.0000000005,608928.4197271413,191071.5802728592,23.883947534107385
1195798,Mathias Ferrante,199999.99999999997,391143.3093621183,191143.30936211834,95.57165468105919
80315,Roberts Savalnieks,449999.99999999994,258849.14606978945,191150.8539302105,42.47796754004678
507467,Stéphane Cueni,299999.99999999977,491218.4207194428,191218.420719443,63.73947357314772
311680,Fran Villalba,1499999.9999999986,1691234.4913374954,191234.4913374968,12.748966089166464
193998,Dario Canadjija,299999.99999999977,491345.27605984063,191345.27605984086,63.781758686613664
797864,Filip Samurovic,50000.000000000015,241534.79430289747,191534.79430289747,383.0695886057948
132555,Payam Sadeghian,100000.00000000004,291694.1630168215,191694.16301682143,191.69416301682134
955449,Alexi Koum,100000.00000000004,291900.0360929711,191900.03609297104,191.90003609297096
349890,Dudu Lima,199999.99999999997,392293.6318849083,192293.63188490833,96.14681594245418
355611,Filippo Berardi,50000.000000000015,242601.8088457216,192601.8088457216,385.20361769144307
80435,Korey Smith,399999.9999999999,592792.8549917692,192792.8549917693,48.19821374794234
960211,Sandro Reyes,100000.00000000004,292850.975639349,192850.97563934897,192.8509756393489
131323,Danijel Miskic,999999.9999999997,1192974.7983684747,192974.79836847505,19.29747983684751
703658,Joshua Rawlins,449999.99999999994,256808.2323553572,193191.76764464274,42.93150392103173
59483,Antonio Mrsic,100000.00000000004,293552.0267711234,193552.02677112335,193.55202677112325
158623,Cyrus Christie,999999.9999999997,806200.1708164053,193799.82918359432,19.37998291835944
349443,Ricardo Ryller,899999.9999999995,1093841.1227984272,193841.1227984277,21.537902533158647
14279,Castro,299999.99999999977,105979.28154773307,194020.7184522667,64.67357281742228
105565,Mark Duffy,399999.9999999999,205921.67254305113,194078.32745694875,48.5195818642372
591431,Mohamed Al-Naser,150000.00000000006,344204.84816650633,194204.84816650627,129.46989877767078
445101,Rodrigues,700000.0000000006,894292.1527031849,194292.15270318429,27.75602181474059
15112,Igor Semshov,299999.99999999977,105541.00938549369,194458.99061450607,64.81966353816874
598101,Roberto Fernández,1499999.9999999986,1305374.1286854187,194625.87131457985,12.975058087638669
45622,Ernest Asante,299999.99999999977,105251.99775312902,194748.00224687075,64.91600074895698
66923,Luke Freeman,499999.99999999977,305237.72923248605,194762.27076751372,38.952454153502764
156713,Umut Sönmez,50000.000000000015,245196.5909862347,195196.59098623466,390.3931819724692
260321,Marcos Valente,349999.9999999997,154752.26521633932,195247.7347836604,55.78506708104587
566911,Yassin Oukili,700000.0000000006,895285.2945827756,195285.29458277498,27.897899226110688
187384,Cristian Buonaiuto,800000.0000000005,995317.1230370135,195317.123037013,24.414640379626608
846745,Andreja Ristic,100000.00000000004,295343.865537947,195343.86553794693,195.34386553794684
110708,Fredrik Gulbrandsen,449999.99999999994,254490.22282196314,195509.7771780368,43.44661715067485
119085,Loris Benito,249999.9999999998,445626.69550412707,195626.69550412727,78.25067820165097
67537,Manuel Gavilán,249999.9999999998,445682.30175104784,195682.30175104804,78.27292070041928
336565,Aleksandr Kleshchenko,299999.99999999977,104237.11922913931,195762.88077086047,65.25429359028688
675708,Gytis Paulauskas,349999.9999999997,545821.2603084679,195821.2603084682,55.948931516705244
225819,Oscar Benítez,124999.9999999999,320933.91011156625,195933.91011156637,156.7471280892532
56762,Pasquale Schiattarella,349999.9999999997,153874.0126535629,196125.9873464368,56.035996384696276
365756,Cristian Arrieta,449999.99999999994,253836.38784295603,196163.6121570439,43.59191381267643
345576,Christian Enemark,299999.99999999977,103767.0831309609,196232.91686903886,65.41097228967968
196077,Fabian Herbers,399999.9999999999,596355.61343347,196355.61343347013,49.088903358367546
92141,Víctor Ibarbo,124999.9999999999,321462.8217436126,196462.8217436127,157.1702573948903
1083600,Nathan Fernandes,4000000.0000000005,4196545.673093159,196545.6730931583,4.913641827328957
198045,Gary Fraser,299999.99999999977,103366.82588286971,196633.17411713005,65.54439137237674
93732,Chris Mavinga,499999.99999999977,303243.47694530996,196756.5230546898,39.35130461093798
60506,Loïc Abenzoar,100000.00000000004,296962.91991064674,196962.91991064668,196.9629199106466
203895,Nicolas Bürgy,800000.0000000005,602894.0142498917,197105.98575010872,24.638248218763575
512993,Christos Giousis,499999.99999999977,302856.8549528502,197143.14504714956,39.42862900942993
596884,Adrián Butzke,299999.99999999977,497166.80104932556,197166.8010493258,65.72226701644198
12516,Peter Odemwingie,499999.99999999977,302783.70548545267,197216.2945145471,39.44325890290944
561702,Gaizka Ayesa,299999.99999999977,102766.36261463056,197233.63738536922,65.74454579512312
110798,Marnick Vermijl,375000.00000000006,572254.3628788366,197254.36287883652,52.6011634343564
361467,Brian Andrada,150000.00000000006,347381.9949523809,197381.99495238083,131.5879966349205
294817,Thiago Rodrigues,199999.99999999997,397393.159839178,197393.15983917806,98.69657991958904
195072,Princewill Okachi,399999.9999999999,202509.96948957743,197490.03051042245,49.37250762760563
560997,Zahir Al-Aghbari,399999.9999999999,202485.72057923587,197514.279420764,49.37856985519102
276135,Jeremy Helmer,299999.99999999977,102200.87984713209,197799.1201528677,65.93304005095595
1074923,Andrés Aedo,349999.9999999997,152025.79743021002,197974.2025697897,56.56405787708282
53669,Matthias Ostrzolek,150000.00000000006,348156.31595485605,198156.315954856,132.1042106365706
238988,Leandro Rodríguez,75000.00000000004,273205.07945333293,198205.07945333287,264.27343927111036
512344,Jandrei,700000.0000000006,898278.00034128,198278.00034127943,28.325428620182752
14178,David Vaughan,499999.99999999977,301475.3812470008,198524.61875299894,39.70492375059981
62947,Tomás Mejías,150000.00000000006,348698.7079459397,198698.70794593962,132.46580529729303
1047104,Yanis Issoufou,100000.00000000004,298705.1516466837,198705.15164668363,198.70515164668353
27494,Georgios Zisopoulos,150000.00000000006,348721.0480804221,198721.04808042204,132.4806987202813
932800,Flavius Iacob,499999.99999999977,301125.0609666479,198874.93903335184,39.77498780667039
293247,Stefan Knezevic,399999.9999999999,598943.1938438914,198943.1938438915,49.73579846097289
503740,Kouadio-Yves Dabila,499999.99999999977,301018.2855002229,198981.7144997769,39.79634289995539
419930,Jack Simpson,600000.0000000003,400997.96285079233,199002.03714920802,33.16700619153465
750003,Aleksa Todorovic,150000.00000000006,349109.9778700316,199109.97787003155,132.73998524668764
5452,Steeve Joseph-Reinette,399999.9999999999,599119.6011709893,199119.60117098945,49.77990029274738
21905,Valon Behrami,299999.99999999977,100872.92273664837,199127.0772633514,66.3756924211172
77348,Julien Cétout,50000.000000000015,249350.54505280487,199350.54505280487,398.70109010560964
284737,Törles Knöll,449999.99999999994,250419.8918286291,199580.10817137084,44.351135149193524
668234,Bruninho,999999.9999999997,1199606.021899234,199606.0218992344,19.960602189923446
406641,Thiha Zaw,75000.00000000004,274606.9468160881,199606.94681608805,266.14259575478394
31216,Tobias Levels,399999.9999999999,200320.23796000477,199679.7620399951,49.919940509998796
679280,Kalifa Kujabi,150000.00000000006,349719.3487142284,199719.34871422837,133.1462324761522
45353,Wallace,324999.9999999999,125203.24526068932,199796.75473931056,61.475924535172496
197126,Kenan Kodro,499999.99999999977,300048.8835999274,199951.11640007235,39.99022328001448
696324,Billy Koumetio,399999.9999999999,200013.70197302746,199986.29802697242,49.996574506743116
931525,Wout Asselman,399999.9999999999,199918.14295825484,200081.85704174504,50.02046426043627
91887,Milan Lalkovic,100000.00000000004,300135.66608751426,200135.6660875142,200.13566608751412
750650,Arlen Sharshenbekov,150000.00000000006,350161.7092689183,200161.70926891826,133.44113951261212
396324,Carlos Isaac,600000.0000000003,800180.8993578437,200180.89935784333,33.3634832263072
1052819,Léo Derik,2499999.9999999995,2299798.82813307,200201.17186692962,8.008046874677186
1074429,Álvaro Rojas,399999.9999999999,199677.98067698997,200322.0193230099,50.080504830752496
1084074,Talisson,399999.9999999999,600322.264391877,200322.2643918771,50.080566097969296
786983,Shuto Tanabe,150000.00000000006,350359.56907246396,200359.5690724639,133.5730460483092
315846,Luca Matarese,75000.00000000004,275375.8640740554,200375.86407405534,267.16781876540693
251058,James Weir,150000.00000000006,350418.5807695721,200418.58076957206,133.61238717971463
369599,Warren Caddy,600000.0000000003,399541.3275323706,200458.67246762977,33.40977874460494
630269,Won-sang Um,700000.0000000006,499436.2275610369,200563.7724389637,28.651967491280505
1118293,Fynn Schenten,999999.9999999997,1200712.06406298,200712.06406298035,20.071206406298042
43907,André-Pierre Gignac,249999.9999999998,450817.2838534624,200817.28385346258,80.3269135413851
229012,Kenji-Van Boto,499999.99999999977,700833.1180949565,200833.11809495674,40.166623618991366
976856,Gabriel David,249999.9999999998,48978.69061313118,201021.3093868686,80.4085237547475
354667,Nicholas Hagen,199999.99999999997,401113.7935285702,201113.79352857024,100.55689676428514
63040,Oier Sanjurjo,299999.99999999977,98823.21960022232,201176.78039977746,67.05892679992587
555201,Ygor Vinhas,50000.000000000015,251213.88583558396,201213.88583558396,402.4277716711678
163530,Adam Reach,999999.9999999997,798660.153566157,201339.84643384267,20.133984643384274
134578,Ondrej Vanek,25000.000000000004,226370.6591460645,201370.6591460645,805.482636584258
28002,Damià Abella,349999.9999999997,148597.98809843932,201402.01190156039,57.54343197187445
20444,Tobias Weis,299999.99999999977,98594.24136854187,201405.7586314579,67.13525287715268
339789,Josh Pask,75000.00000000004,276480.6737075839,201480.67370758386,268.64089827677833
315256,Mike Feigenspan,124999.9999999999,326567.47826672514,201567.47826672526,161.25398261338034
585080,Marcel Pięczek,549999.9999999998,348190.7498238973,201809.25017610245,36.69259094110955
246840,Koji Toriumi,600000.0000000003,398026.0706231246,201973.92937687575,33.6623215628126
77655,Davit Devdariani,100000.00000000004,301982.4348569565,201982.43485695642,201.98243485695633
633111,Álex Calatrava,199999.99999999997,402205.2239441447,202205.2239441447,101.10261197207238
681989,Nikita Demchenko,499999.99999999977,297672.2305248104,202327.7694751894,40.4655538950379
521841,Andriy Yakymiv,75000.00000000004,277469.3823125797,202469.38231257966,269.9591764167727
924339,Christopher Negele,124999.9999999999,327633.8598097972,202633.85980979732,162.107087847838
620164,Haissem Hassan,3499999.9999999995,3702674.1756349523,202674.17563495273,5.790690732427222
1070028,Boran Başkan,100000.00000000004,302888.24174755195,202888.2417475519,202.8882417475518
38124,Heinz Barmettler,299999.99999999977,96639.01590524479,203360.98409475497,67.78699469825172
59933,Stanislav Bogush,299999.99999999977,96589.29899884958,203410.70100115018,67.80356700038345
292281,Simãozinho,474999.99999999977,271526.1580384518,203473.84196154797,42.83659830769433
583228,Kydavone Souvanny,75000.00000000004,278592.14935536316,203592.1493553631,271.456199140484
802560,Emil Højlund,299999.99999999977,96302.12770765008,203697.8722923497,67.89929076411661
631785,Rodrigo Freitas,399999.9999999999,195959.73977380982,204040.26022619006,51.010065056547525
265879,Tomas Brecka,275000.0000000002,479088.0938465079,204088.09384650772,74.21385230782094
662756,Mariano Bracamonte,100000.00000000004,304145.1581329508,204145.15813295072,204.14515813295063
845605,Mostafa Saad,499999.99999999977,295824.8987452409,204175.1012547589,40.8350202509518
495486,Jordan Sebban,249999.9999999998,454237.5290661823,204237.52906618253,81.69501162647308
390179,Bastien Toma,999999.9999999997,795625.49555873,204374.50444126967,20.437450444126977
142023,Guillermo Fernández,499999.99999999977,295617.7986337306,204382.20136626915,40.87644027325385
961944,Ginés Sorroche,299999.99999999977,95470.52942234365,204529.47057765612,68.1764901925521
1012838,Sebastian Holm Mathisen,349999.9999999997,554647.7899526556,204647.78995265585,58.470797129330286
555719,Ali Akman,399999.9999999999,195210.54552775508,204789.4544722448,51.19736361806122
198250,Samuel Xavier,199999.99999999997,405190.3825124359,205190.38251243593,102.59519125621799
678088,Luca Wollschläger,175000.00000000012,380216.0524303041,205216.052430304,117.26631567445935
58445,Platon Svyrydov,299999.99999999977,94283.1498171794,205716.85018282037,68.57228339427351
183837,Gregor Zabret,25000.000000000004,230957.66747679733,205957.66747679733,823.8306699071892
79654,Fanendo Adi,399999.9999999999,193931.6982576335,206068.30174236637,51.51707543559161
543493,Najeeb Yakubu,499999.99999999977,293922.3122179364,206077.68778206338,41.2155375564127
369653,Daleho Irandust,700000.0000000006,906230.9091852297,206230.9091852291,29.461558455032705
214257,Elmir Nabiullin,499999.99999999977,293754.1061172831,206245.89388271666,41.249178776543346
35564,Fernando Llorente,299999.99999999977,93702.42566044147,206297.5743395583,68.76585811318617
440006,Yair Arismendi,175000.00000000012,381602.8783314224,206602.87833142228,118.05878761795552
1183854,Medin Memeti,399999.9999999999,193208.8079880719,206791.19201192798,51.69779800298201
488656,Siriki Dembélé,2000000.0000000016,1793173.931161382,206826.06883861963,10.341303441930974
110861,Gary Gardner,600000.0000000003,806996.9131965599,206996.91319655953,34.4994855327599
98558,Anton Kilin,299999.99999999977,92931.50771111547,207068.4922888843,69.02283076296149
519056,Yoshiaki Arai,50000.000000000015,257261.2438309548,207261.24383095477,414.52248766190945
151282,Ravil Netfullin,499999.99999999977,292562.9091791262,207437.09082087356,41.487418164174734
41926,Mike De Silva,349999.9999999997,142465.5471193998,207534.4528805999,59.295557965885735
344392,Fernando Fonseca,499999.99999999977,292373.18113315,207626.81886684976,41.525363773369975
307094,Frankie Kent,399999.9999999999,607852.5176592425,207852.5176592426,51.96312941481067
401355,Jesús Ocejo,1200000.0000000005,992019.5618914271,207980.43810857332,17.331703175714434
1041334,Klayver,499999.99999999977,708222.477921483,208222.47792148322,41.64449558429666
1244174,Jesús Hernández,75000.00000000004,283299.3428254029,208299.34282540285,277.732457100537
1200419,Djylian N'Guessan,2000000.0000000016,2208304.4634851445,208304.46348514291,10.415223174257138
533762,Stanley Kanu,449999.99999999994,241605.96780538105,208394.0321946189,46.30978493213754
188470,Francisco Calvo,600000.0000000003,391343.46367146977,208656.53632853058,34.77608938808841
160567,Thibault Moulin,349999.9999999997,141200.9372017977,208799.062798202,59.656875085200625
38539,Ari,399999.9999999999,191087.14710190543,208912.85289809445,52.228213224523635
622992,Pablo Gozálbez,700000.0000000006,908994.7945647273,208994.79456472676,29.85639922353237
82018,Hendrick Zuck,399999.9999999999,190932.3499453948,209067.6500546051,52.266912513651285
428993,Kazu,299999.99999999977,509171.77213198046,209171.7721319807,69.7239240439936
6645,Tranquillo Barnetta,399999.9999999999,190808.59932095825,209191.40067904163,52.297850169760416
286007,Benoît Nyssen,600000.0000000003,809249.3844104555,209249.38441045512,34.8748974017425
361516,Kilian Ludewig,150000.00000000006,359359.8027888335,209359.80278883345,139.57320185922225
16631,Ignazio Abate,399999.9999999999,190301.1824044763,209698.81759552358,52.424704398880905
1158515,Ramik Gadzhyev,499999.99999999977,290251.22653239267,209748.7734676071,41.94975469352144
1159786,Shandre Campbell,999999.9999999997,790245.0644037867,209754.93559621298,20.975493559621306
226141,Henrique,199999.99999999997,409780.5666947291,209780.56669472912,104.89028334736457
179973,Ilnur Alshin,449999.99999999994,240190.68839599125,209809.3116040087,46.62429146755749
1123335,Hamza Bellari,199999.99999999997,409860.1073266118,209860.10732661185,104.93005366330594
361772,Dino Besirovic,449999.99999999994,659915.7685188826,209915.76851888263,46.647948559751704
749087,Erzhan Tokotaev,449999.99999999994,240020.88537868627,209979.11462131367,46.66202547140305
950874,Heriberto Jurado,700000.0000000006,910002.6599231801,210002.65992317954,30.00037998902562
1041532,Djibril Soumaré,1499999.9999999986,1289962.5737216682,210037.4262783304,14.002495085222039
497439,Dae-won Kim,800000.0000000005,589811.5245943932,210188.47540560726,26.273559425700892
710004,Peter Federico,1499999.9999999986,1710375.9869920001,210375.98699200153,14.025065799466782
285064,Aleksandr Yushin,800000.0000000005,589532.0407531098,210467.95924689062,26.308494905861313
802512,Julius Beck,499999.99999999977,710675.0082328314,210675.0082328316,42.13500164656634
786438,Jony Álamo,299999.99999999977,89322.29652078082,210677.70347921894,70.2259011597397
507733,Sebastjan Spahiu,324999.9999999999,114309.40819868926,210690.59180131063,64.82787440040329
1287735,Oscar Vargas,299999.99999999977,89208.22597931128,210791.7740206885,70.26392467356288
560952,Ahmed Basil Fadhil,449999.99999999994,239043.35988367826,210956.64011632168,46.8792533591826
1018927,Catalin Cucos,175000.00000000012,385961.0507781087,210961.0507781086,120.54917187320481
326585,Jamie Robson,349999.9999999997,139033.38981799487,210966.61018200484,60.276174337715716
400109,Sigurd Kvile,600000.0000000003,389018.2162648096,210981.78373519075,35.16363062253177
481692,Georgios Vrakas,349999.9999999997,561047.8338596362,211047.8338596365,60.29938110275334
520438,Abdelmounaim Boutouil,375000.00000000006,586089.512847687,211089.51284768694,56.29053675938318
490606,Lucas Bergström,1400000.0000000007,1188723.3263493513,211276.67365064938,15.091190975046375
319452,Beka Mikeltadze,649999.9999999995,438586.10406390013,211413.8959360994,32.52521475939994
193859,Patrick Erras,299999.99999999977,511630.75538095034,211630.75538095058,70.54358512698357
279009,Marco Richter,1499999.9999999986,1287601.6444728433,212398.35552715533,14.159890368477035
150850,Nika Kvekveskiri,399999.9999999999,187557.51347968692,212442.48652031296,53.110621630078256
381206,Adrián Riera,249999.9999999998,462546.68242993136,212546.68242993156,85.01867297197269
237226,Marvin Mehlem,2499999.9999999995,2712645.544094123,212645.5440941234,8.505821763764938
192167,Mohamed Dräger,700000.0000000006,487349.80286557093,212650.19713442965,30.37859959063278
346290,Maxime D'Arpino,499999.99999999977,287243.5880093241,212756.41199067567,42.55128239813516
175773,Carlos Delgado,100000.00000000004,312825.9223647916,212825.92236479156,212.82592236479147
360519,Ferdy Druijf,999999.9999999997,787170.5912131728,212829.40878682688,21.282940878682695
55616,Jérémy Huyghebaert,299999.99999999977,87068.12458665438,212931.8754133454,70.97729180444853
660869,Ilia Beriashvili,499999.99999999977,287033.58440171235,212966.41559828742,42.59328311965751
336002,Herdi Bukusu,25000.000000000004,238055.82578961717,213055.82578961717,852.2233031584685
31671,Turki Al-Ammar,800000.0000000005,586921.0487244269,213078.95127557358,26.63486890944668
989824,Ben Hamed Touré,100000.00000000004,313292.740818506,213292.74081850593,213.29274081850582
4359,Adil Ramzi,399999.9999999999,186659.83232139284,213340.16767860705,53.33504191965178
1054541,Luca Moisa,600000.0000000003,386554.37642308744,213445.6235769129,35.57427059615213
358710,Jonathan Rodriguez,299999.99999999977,86417.98760872064,213582.01239127913,71.19400413042644
336168,Shaq Moore,1499999.9999999986,1286230.020687148,213769.97931285063,14.251331954190055
603348,Valmir Veliu,399999.9999999999,185866.347788878,214133.6522111219,53.53341305278049
654919,Kjell Peersman,399999.9999999999,185749.99132603756,214250.00867396232,53.5625021684906
746711,Alessandro Calligaris,399999.9999999999,185705.73840352258,214294.2615964773,53.57356539911934
1432453,Max Cooper,299999.99999999977,85550.2031128491,214449.79688715067,71.48326562905028
126796,Adrien Regattin,399999.9999999999,185147.64588457372,214852.35411542616,53.71308852885656
80060,Willi Evseev,100000.00000000004,314973.7685221781,214973.76852217806,214.97376852217798
1277230,Nobuteru Nakagawa,649999.9999999995,434983.69519886456,215016.30480113497,33.07943150786694
404418,Dávid Hancko,35000000.000000015,35215088.38511215,215088.3851121366,0.6145382431775328
616431,Ryan Teague,600000.0000000003,384847.6040767999,215152.39592320047,35.858732653866724
358646,Nikola Radmanovac,700000.0000000006,915194.3357592641,215194.3357592635,30.742047965609043
67232,Mark Oxley,150000.00000000006,365315.6462559674,215315.64625596732,143.54376417064483
525578,Pathé Ciss,1800000.000000001,1584673.6943539546,215326.3056460463,11.962572535891455
30391,Rasmus Elm,499999.99999999977,284617.2661427945,215382.73385720525,43.07654677144107
91340,James Shea,199999.99999999997,415399.71634410525,215399.71634410528,107.69985817205266
88387,Alexander Bannink,375000.00000000006,159458.73004254026,215541.2699574598,57.477671988655935
438310,Ion Nicolaescu,999999.9999999997,1215611.4909277582,215611.4909277585,21.561149092775857
857342,Zayed Sultan,700000.0000000006,484362.37243935297,215637.6275606476,30.805375365806775
53536,Tolgay Arslan,449999.99999999994,234312.14060887886,215687.85939112108,47.93063542024913
591797,Dimitrios Tsopouroglou,449999.99999999994,234280.9039442207,215719.09605577923,47.93757690128428
104962,Filip Orsula,100000.00000000004,315883.3126695204,215883.31266952032,215.88331266952022
1005970,Emiliano Ramos,449999.99999999994,234094.5335787703,215905.46642122965,47.97899253805104
358512,Ibrahima Conté,600000.0000000003,383748.9947113637,216251.00528863666,36.041834214772756
374075,Anes Rusevic,100000.00000000004,316293.3594002119,216293.35940021183,216.29335940021176
574352,Chico Banza,800000.0000000005,583669.1573857178,216330.84261428262,27.04135532678531
211076,Ross Fitzsimons,50000.000000000015,266498.4997314356,216498.49973143562,432.9969994628711
124028,Ismaily,700000.0000000006,483433.0409206761,216566.9590793245,30.938137011332046
213605,Vitinho,800000.0000000005,1016831.3327292852,216831.33272928477,27.103916591160583
406791,Andrej Fábry,499999.99999999977,716847.2942621333,216847.29426213354,43.36945885242673
320140,Sondre Sørli,449999.99999999994,666857.3568124365,216857.35681243654,48.19052373609701
1125732,Chengyu Liu,275000.0000000002,492019.78216710256,217019.78216710238,78.91628442440081
228999,Alexis Alégué,600000.0000000003,382479.9330399511,217520.06696004927,36.25334449334152
971529,Gastón Arturia,199999.99999999997,417729.9977046999,217729.99770469996,108.86499885235
749936,Jeong-won Eo,399999.9999999999,182143.92892092315,217856.07107907673,54.4640177697692
419672,Mikhail Ignatov,1200000.0000000005,1417935.5572364365,217935.55723643606,18.161296436369664
849429,Tete Yengi,449999.99999999994,231823.9097281481,218176.09027185183,48.48357561596708
804548,Baptiste Mouazan,499999.99999999977,281813.59531980555,218186.40468019422,43.63728093603886
908521,Sota Koshimichi,349999.9999999997,568192.0426508244,218192.0426508247,62.34058361452139
633258,Tomas Kalinauskas,449999.99999999994,231800.91052042408,218199.08947957586,48.48868655101686
667980,Irakliy Manelov,499999.99999999977,718367.6764207772,218367.67642077745,43.67353528415551
400649,Roman Kvet,1200000.0000000005,1418426.0148305115,218426.01483051106,18.20216790254258
73492,Joe Dudgeon,499999.99999999977,718531.9139077512,218531.91390775144,43.70638278155031
857897,Alan Vega,999999.9999999997,1218591.4195584455,218591.4195584458,21.85914195584459
726397,Szczepan Mucha,75000.00000000004,293685.48286666564,218685.48286666558,291.5806438222206
633442,Metehan Mert,349999.9999999997,131118.94587284836,218881.05412715135,62.537444036329006
30982,Chu-young Park,100000.00000000004,318886.9549902287,218886.95499022864,218.88695499022853
256780,Christos Agrodimos,150000.00000000006,369002.8718930366,219002.87189303653,146.00191459535762
79422,Keylor Navas,749999.9999999998,530957.4436705312,219042.5563294686,29.20567417726249
632372,Maaya Sako,50000.000000000015,269099.92240949575,219099.92240949575,438.1998448189914
223790,Luke Simpson,25000.000000000004,244122.04198409844,219122.04198409844,876.4881679363937
274461,Felix Passlack,700000.0000000006,919126.0186342229,219126.01863422233,31.303716947746018
250781,Roberto Pirrello,225000.00000000015,444246.4769970975,219246.47699709734,97.44287866537653
267911,Franco Mazurek,449999.99999999994,230732.89798231484,219267.1020176851,48.7260226705967
51224,Daylon Claasen,425000.0000000002,205321.7790665161,219678.2209334841,51.68899316081976
675878,Cristian,399999.9999999999,180130.29521633286,219869.70478366702,54.96742619591677
606716,Pepê,1800000.000000001,2020149.6648686773,220149.66486867634,12.23053693714868
1112904,Youssef Hamdaoui,1499999.9999999986,1279619.813229308,220380.1867706906,14.692012451379387
201135,Leon Guwara,399999.9999999999,179307.14741630986,220692.85258369002,55.17321314592252
199255,Davide Narduzzo,25000.000000000004,245828.67306044864,220828.67306044864,883.3146922417944
724966,Otar Mamageishvili,700000.0000000006,920929.1557029788,220929.15570297826,31.561307957568296
790411,Déron Payne,349999.9999999997,571029.8313970823,221029.8313970826,63.15138039916651
31645,Anderson,299999.99999999977,521235.6522742322,221235.65227423242,73.7452174247442
468539,Daniel Peretz,4000000.0000000005,4221497.188571114,221497.18857111363,5.53742971427784
243715,Sebas Coris,50000.000000000015,271786.45609407255,221786.45609407255,443.572912188145
278190,Ivan Konovalov,199999.99999999997,421830.0893282155,221830.08932821554,110.9150446641078
1356045,Alex Harris,150000.00000000006,371830.7453916945,221830.74539169442,147.8871635944629
282615,Mete Demir,449999.99999999994,228165.4025825755,221834.59741742443,49.296577203872104
100980,Mads Fenger,600000.0000000003,378087.8977929627,221912.10220703762,36.98535036783958
1288949,Abdoulaye Kanté,199999.99999999997,421943.8565881375,221943.85658813754,110.97192829406879
1075182,Nasser Al-Rawahi,449999.99999999994,228032.51716338517,221967.48283661477,49.326107297025516
556949,Mikael Marqués,299999.99999999977,522160.23736917245,222160.23736917268,74.05341245639096
357424,Santiago Rosales,299999.99999999977,522288.7407797689,222288.74077976914,74.09624692658977
875294,Konstantinos Goumas,449999.99999999994,672456.224843958,222456.2248439581,49.434716631990696
715886,Essam Al-Subhi,449999.99999999994,227426.85270140762,222573.14729859232,49.460699399687186
145769,Sergio León,2000000.0000000016,2222592.5218723603,222592.52187235863,11.129626093617922
291111,Sessi D'Almeida,499999.99999999977,277390.5268392519,222609.47316074785,44.52189463214959
353634,Robert Ljubicic,3000000.000000001,3222809.943571609,222809.94357160805,7.426998119053599
488280,Erko Tougjas,349999.9999999997,572815.4796826892,222815.47968268947,63.66156562362561
1043574,Viktor Kun,399999.9999999999,177134.76953535058,222865.2304646493,55.71630761616234
18860,Franck Dja Djédjé,349999.9999999997,126823.7984900023,223176.20150999742,63.76462900285645
551275,Marco Túlio,800000.0000000005,576796.2728845133,223203.7271154872,27.90046588943589
994391,Jhon Gamboa,399999.9999999999,176721.23278002275,223278.76721997713,55.8196918049943
1025989,Stefan Smarkalev,150000.00000000006,373320.1299301943,223320.12993019423,148.88008662012945
106270,Florian Kainz,999999.9999999997,776633.4724032934,223366.5275967063,22.336652759670635
223720,José Aurelio Suárez,449999.99999999994,226581.4904991436,223418.50950085634,49.648557666856966
5636,Matthieu Delpierre,499999.99999999977,276357.66213066917,223642.3378693306,44.72846757386614
192774,Moussa Konaté,499999.99999999977,276268.8728513382,223731.1271486616,44.74622542973234
596240,Senou Coulibaly,600000.0000000003,376167.1811169571,223832.81888304325,37.30546981384052
244192,Pierluigi Gollini,800000.0000000005,1023954.4368840074,223954.43688400695,27.994304610500855
175377,Pio,399999.9999999999,175900.1343569821,224099.86564301778,56.02496641075446
155761,Yuji Ono,449999.99999999994,674278.9057138286,224278.9057138287,49.839756825295275
16124,Ayoze Díaz,399999.9999999999,175681.88973374167,224318.1102662582,56.07952756656457
686059,Ivan Kuzmichev,800000.0000000005,1024346.9920323614,224346.99203236098,28.043374004045106
288453,Antonio Domínguez,199999.99999999997,424380.27925448946,224380.2792544895,112.19013962724476
7828,Sergio Ballesteros,100000.00000000004,324556.4632840685,224556.46328406845,224.55646328406834
981522,Rachid Ghanimi,349999.9999999997,125130.77153503308,224869.22846496664,64.24835098999053
579401,Demethryus,399999.9999999999,624924.8736029753,224924.8736029754,56.23121840074386
496660,Jack Vale,499999.99999999977,274868.3523128266,225131.64768717316,45.02632953743465
425456,Sean Clare,399999.9999999999,174753.1045094574,225246.8954905425,56.311723872635646
563833,Thitathorn Auksornsri,249999.9999999998,475287.72833146126,225287.72833146146,90.11509133258467
94655,Jordan Bowery,175000.00000000012,400302.40178464976,225302.40178464964,128.74422959122828
211325,Badou Ndiaye,299999.99999999977,525313.5558874016,225313.5558874018,75.10451862913399
23959,Marcus Mokaké,299999.99999999977,74304.46893548752,225695.53106451227,75.23184368817081
496357,Mehdi Boudjemaa,549999.9999999998,775988.1792904868,225988.17929048708,41.08875987099767
57376,Antoine Devaux,499999.99999999977,273964.67917213857,226035.3208278612,45.20706416557226
232219,Brandley Kuwas,249999.9999999998,476078.6339927055,226078.6339927057,90.43145359708235
95255,Vítor Bastos,399999.9999999999,173857.6732576459,226142.326742354,56.53558168558851
1516900,Will Cleary,75000.00000000004,301245.94602458127,226245.9460245812,301.6612613661081
411709,Jesús Angulo,4999999.999999999,5226257.566900971,226257.56690097228,4.525151338019446
647281,Dylan Tait,800000.0000000005,573645.2768294397,226354.72317056078,28.294340396320084
412041,Álex Millán,499999.99999999977,273525.66230272845,226474.33769727132,45.29486753945429
134426,Blair Turgott,600000.0000000003,373159.9857956454,226840.01420435496,37.80666903405914
172142,Hernâni,249999.9999999998,477037.68978397106,227037.68978397126,90.81507591358859
382527,Viktor Gey,399999.9999999999,172931.6253323235,227068.37466767637,56.76709366691911
16698,Ömer Aysan Baris,299999.99999999977,72849.31329686442,227150.68670313535,75.71689556771184
223197,Marius Lode,349999.9999999997,577268.075574377,227268.07557437726,64.93373587839356
171408,Gaëtan Courtet,399999.9999999999,172693.09288690376,227306.90711309612,56.82672677827405
594550,Anderson Oliveira,649999.9999999995,422678.100796573,227321.89920342655,34.972599877450264
649459,Salifou Diarrassouba,249999.9999999998,477335.22696844256,227335.22696844276,90.93409078737717
15452,Raúl Albiol,700000.0000000006,472370.41389692895,227629.58610307163,32.51851230043878
21493,Tim Gilissen,299999.99999999977,527690.4582505957,227690.45825059596,75.89681941686538
610408,André Grandi,299999.99999999977,72179.28763361843,227820.71236638134,75.9402374554605
677470,Yool Heo,399999.9999999999,171812.48478157286,228187.51521842703,57.04687880460677
702419,Dragan Kokanovic,899999.9999999995,671739.5691553804,228260.43084461917,25.36227009384659
89450,Alexandre Coeff,499999.99999999977,271620.0226472062,228379.97735279356,45.67599547055873
57467,Romain Thomas,399999.9999999999,171493.58864918628,228506.4113508136,57.12660283770342
1042472,Salim Musah,2000000.0000000016,2228541.669642782,228541.6696427802,11.427083482139002
864682,Semir Alic,899999.9999999995,671365.2667788445,228634.733221155,25.40385924679501
164231,Romario Benzar,199999.99999999997,428825.70531594846,228825.7053159485,114.41285265797427
187188,Bas Kuipers,800000.0000000005,571125.5440236578,228874.45597634267,28.609306997042815
198859,João Schmidt,700000.0000000006,928881.5754012117,228881.57540121116,32.69736791445871
466452,Ivan Milicevic,600000.0000000003,370905.18458100455,229094.8154189958,38.18246923649928
107872,Jonas Erwig-Drüppel,50000.000000000015,279234.27181952726,229234.27181952726,458.46854363905436
519414,Noel Niemann,499999.99999999977,270703.49359460763,229296.50640539214,45.859301281078444
223441,Ejike Uzoenyi,50000.000000000015,279353.0167843463,229353.0167843463,458.7060335686925
184528,Emil Krafth,749999.9999999998,979644.9625854706,229644.96258547087,30.619328344729457
1282756,Ivan Ahimbisibwe,499999.99999999977,270299.76451232075,229700.23548767902,45.940047097535825
749186,Mikhail Shchetinin,349999.9999999997,120299.33317629989,229700.66682369984,65.62876194962858
34672,Joey O'Brien,25000.000000000004,254743.4225476597,229743.4225476597,918.9736901906385
74075,Yannis Tafer,75000.00000000004,304805.150909665,229805.15090966492,306.4068678795531
592498,Tiago Manso,899999.9999999995,670110.2933206635,229889.70667933603,25.54330074214846
806384,Nick Fichtinger,349999.9999999997,579977.9479020991,229977.9479020994,65.7079851148856
982582,Miguel Perez,499999.99999999977,269808.0237366267,230191.97626337304,46.03839525267463
16675,César Santin,800000.0000000005,569804.4133832201,230195.58661678038,28.77444832709753
507309,Jens Husebø,249999.9999999998,480550.1292610537,230550.1292610539,92.22005170442164
486628,Nicolas Penner,175000.00000000012,405632.32015461515,230632.32015461504,131.7898972312085
249552,Senna Miangue,449999.99999999994,680681.3413408453,230681.3413408454,51.26252029796565
24880,Artur,299999.99999999977,530719.3457562933,230719.3457562935,76.90644858543124
47713,Mamadou Sakho,800000.0000000005,1030826.8945429944,230826.89454299398,28.85336181787423
569876,Xavi Sintes,199999.99999999997,431089.3535335386,231089.3535335386,115.54467676676931
851569,Sajad Jassim,449999.99999999994,218401.33486062073,231598.6651393792,51.46637003097317
254003,Myenty Abena,600000.0000000003,832072.2269642608,232072.22696426045,38.67870449404339
335245,Marc Navarro,299999.99999999977,532439.5936807574,232439.59368075768,77.47986456025262
762387,Khusrav Toirov,100000.00000000004,332447.3415790526,232447.34157905256,232.44734157905245
473254,Muhammad Shaban,100000.00000000004,332487.5448701198,232487.54487011972,232.48754487011962
913018,Abdula Bagamaev,349999.9999999997,117463.63256577155,232536.36743422816,66.43896212406524
268151,Thore Pedersen,399999.9999999999,632646.123864801,232646.12386480113,58.1615309662003
465647,Miguel Ortega,399999.9999999999,166989.57832233096,233010.42167766893,58.25260541941725
92701,Vladimir Weiss,499999.99999999977,266770.42405026,233229.57594973978,46.64591518994798
565000,Jesús Bueno,800000.0000000005,1033282.409091079,233282.40909107856,29.160301136384803
385817,Karol Fila,249999.9999999998,483440.643367703,233440.64336770322,93.37625734708136
941388,Georgios Nikolas Angelopoulos,399999.9999999999,166511.16515510652,233488.83484489337,58.37220871122336
1157122,Gustavo Charrupí,549999.9999999998,316458.20094780065,233541.79905219912,42.46214528221804
56827,Anthony Weber,499999.99999999977,266315.2445804271,233684.75541957264,46.736951083914555
471657,Emmanuel Ojeda,600000.0000000003,833922.8799705432,233922.87997054285,38.98714666175712
15338,Fernando,499999.99999999977,266051.2706363817,233948.72936361807,46.789745872723636
264116,Gastón Pereiro,249999.9999999998,484072.20168088604,234072.20168088624,93.62888067235457
146163,Raphael Framberger,600000.0000000003,365880.6169361464,234119.38306385395,39.01989717730897
776959,Andriy Spivakov,150000.00000000006,384269.34145865106,234269.341458651,156.17956097243396
530732,Vontae Daley-Campbell,499999.99999999977,265686.2447227182,234313.75527728157,46.862751055456336
101031,Rafael Romo,299999.99999999977,65574.15422757859,234425.84577242116,78.14194859080712
19059,Heurelho Gomes,399999.9999999999,165487.23537082912,234512.76462917076,58.62819115729271
377389,Leonardo Flores,349999.9999999997,584608.3124489023,234608.31244890258,67.03094641397223
486204,Klisman Cake,1499999.9999999986,1265168.7538337042,234831.24616629444,15.655416411086312
805065,Iyad Mohamed,399999.9999999999,634883.6094468314,234883.6094468315,58.72090236170789
1045371,Strahinja Lukovic,100000.00000000004,334993.28563031706,234993.285630317,234.99328563031688
631819,Danil Skorko,600000.0000000003,364895.6775245525,235104.32247544784,39.184053745907946
940366,Andrei Dorobanțu,399999.9999999999,164820.35718894115,235179.64281105873,58.7949107027647
520462,Rômulo,449999.99999999994,214773.48094060994,235226.51905939,52.272559790975556
447557,Gabriel Simion,800000.0000000005,564643.9166587726,235356.08334122784,29.419510417653466
189782,Romario Williams,150000.00000000006,385515.0015446552,235515.00154465513,157.01000102977002
811791,Ayberk Kaygisiz,324999.9999999999,89424.29199371455,235575.70800628533,72.48483323270321
53842,Jorge Luiz,399999.9999999999,635581.5804315059,235581.58043150604,58.895395107876524
863140,Ignacio Galván,275000.0000000002,510738.2058850225,235738.2058850223,85.72298395818987
1037572,Daniil Chevardin,499999.99999999977,264241.82825092506,235758.1717490747,47.15163434981496
34396,Marko Lomic,499999.99999999977,264224.4591141625,235775.54088583728,47.15510817716748
443936,David Skubl,100000.00000000004,336130.0332874394,236130.03328743932,236.1300332874392
223225,Dan Crowley,399999.9999999999,163863.30986398383,236136.69013601606,59.03417253400403
211395,Mauricio Cuero,249999.9999999998,486217.22865638445,236217.22865638466,94.48689146255393
19708,Boško Janković,700000.0000000006,463760.9966320775,236239.00336792308,33.74842905256041
683331,Kyo Sato,649999.9999999995,413713.00279756164,236286.9972024379,36.35184572345201
223030,Ziga Skoflek,100000.00000000004,336360.13633271854,236360.13633271848,236.36013633271838
342930,Michele Cevoli,50000.000000000015,286392.5388313458,236392.5388313458,472.7850776626915
227185,Jason McCarthy,349999.9999999997,586866.1537775073,236866.15377750754,67.67604393643079
273738,Héctor Hernández,800000.0000000005,563049.0175870821,236950.98241291835,29.618872801614778
193151,Abdullah Al-Hafith,150000.00000000006,387204.3607744251,237204.36077442503,158.1362405162833
124002,Biagio Meccariello,249999.9999999998,487208.5665541513,237208.5665541515,94.88342662166069
1338121,Linus Alperud,499999.99999999977,737274.53678277,237274.53678277018,47.45490735655406
1049906,Ben Brannan,399999.9999999999,162648.26330854904,237351.73669145085,59.33793417286273
504107,Edi Semedo,399999.9999999999,637483.0897467573,237483.0897467574,59.370772436689364
52269,Jakob Jantscher,399999.9999999999,162512.95490084306,237487.04509915682,59.37176127478922
702798,Asahi Uenaka,600000.0000000003,362314.52189200453,237685.47810799582,39.61424635133262
283655,Grant Ward,275000.0000000002,512749.1841247793,237749.18412477913,86.4542487726469
12249,Éver Banega,399999.9999999999,162226.5282266873,237773.47177331257,59.44336794332816
192557,Jackson Irvine,999999.9999999997,1237782.7918806737,237782.79188067408,23.778279188067415
203966,Andreas Karo,249999.9999999998,487887.82317585585,237887.82317585606,95.1551292703425
936237,Yu Hirakawa,999999.9999999997,1237952.2584319816,237952.2584319819,23.795225843198196
1083068,Pablo Ruan,499999.99999999977,737957.1006042208,237957.100604221,47.59142012084422
376702,Oscar Buch,399999.9999999999,638549.1867555572,238549.1867555573,59.63729668888934
31720,Sebastian Larsson,499999.99999999977,261056.63890941732,238943.36109058245,47.78867221811651
711377,Alberto Dadie,249999.9999999998,489048.76466662216,239048.76466662236,95.61950586664902
126600,Kenny McLean,399999.9999999999,639078.6395654785,239078.63956547866,59.769659891369685
94771,Andreas Voglsammer,800000.0000000005,1039105.6429837624,239105.64298376197,29.888205372970226
192009,Unai López,2499999.9999999995,2260741.532073322,239258.46792667732,9.570338717067095
271441,Gilles Ruyssen,600000.0000000003,360713.4548470158,239286.54515298456,39.88109085883074
440135,Nikita Goylo,199999.99999999997,439303.08394570264,239303.08394570267,119.65154197285135
875929,Josh Feeney,499999.99999999977,260549.7981988135,239450.20180118625,47.89004036023727
294699,Dmytro Fastov,25000.000000000004,264600.7996733924,239600.79967339238,958.4031986935694
198988,Märten Kuusk,249999.9999999998,489659.3684958475,239659.3684958477,95.86374739833916
627939,Ken Nkuba,1499999.9999999986,1739759.0587645974,239759.0587645988,15.983937250973268
364246,Nicky Souren,399999.9999999999,160105.4824174282,239894.5175825717,59.97362939564294
44700,Paulão,75000.00000000004,315139.22598545055,240139.2259854505,320.18563464726714
170625,Aleksandr Lomakin,600000.0000000003,359785.80267284205,240214.1973271583,40.03569955452636
8246,Philipp Pentke,299999.99999999977,59620.1469246945,240379.85307530526,80.12661769176849
168186,Marco Schuster,549999.9999999998,309592.6355121435,240407.36448785628,43.71042990688298
340073,Gabriel Debeljuh,349999.9999999997,590460.8067057998,240460.80670580006,68.70308763022864
518723,Luizão,299999.99999999977,540691.4542490504,240691.45424905058,80.2304847496836
432094,Shemmy Mayembe,299999.99999999977,540757.3144323574,240757.31443235767,80.25243814411928
16576,Carlos Cuéllar,50000.000000000015,290795.12342884374,240795.12342884374,481.59024685768736
332764,Jonathan González,600000.0000000003,840803.8028039137,240803.80280391336,40.133967133985536
214219,Diacko Fofana,499999.99999999977,259032.33228667532,240967.66771332445,48.19353354266491
236986,Thore Jacobsen,499999.99999999977,258951.99266714728,241048.0073328525,48.20960146657052
297680,Filip Zorvan,600000.0000000003,358823.19080498465,241176.8091950157,40.19613486583592
55044,Abraham Gneki Guié,499999.99999999977,258629.74229755823,241370.25770244154,48.27405154048833
532905,Arda Kızıldağ,800000.0000000005,558585.593906003,241414.40609399742,30.17680076174966
39099,Rodrigo Palacio,299999.99999999977,58390.853389780794,241609.14661021897,80.53638220340639
111043,Pierrick Cros,399999.9999999999,158298.28778153355,241701.71221846633,60.4254280546166
1379963,Nikola Djordjevic,150000.00000000006,391740.853545484,241740.85354548396,161.1605690303226
235230,Samy Bourard,449999.99999999994,207977.46954648977,242022.53045351017,53.782784545224494
168943,Bojan Nastic,199999.99999999997,442202.97742762073,242202.97742762076,121.1014887138104
42550,Mate Ghvinianidze,499999.99999999977,257738.6301296447,242261.36987035506,48.45227397407103
158837,Ruslan Abazov,349999.9999999997,107486.5764379253,242513.42356207443,69.28954958916418
272537,Bartosz Wolski,800000.0000000005,557483.091444534,242516.90855546645,30.31461356943329
742073,Wallisson,899999.9999999995,1143055.4153962329,243055.41539623332,27.00615726624816
439627,Fernando Juárez,600000.0000000003,843071.9575294863,243071.95752948592,40.51199292158096
460898,Damir Ceter,399999.9999999999,156882.82570023593,243117.17429976395,60.77929357494101
950320,Marcus McCoy,700000.0000000006,943227.0064003936,243227.00640039297,34.74671520005611
959969,Sinisa Tanjga,600000.0000000003,356677.6528386653,243322.34716133506,40.55372452688915
19726,Nemanja Vidic‎,499999.99999999977,743714.6838110356,243714.68381103582,48.74293676220719
125769,Marvin Peersman,249999.9999999998,493946.5761861571,243946.57618615733,97.57863047446301
302497,Nicola Mosti,249999.9999999998,494095.2415299653,244095.2415299655,97.63809661198628
1436267,Courage Otokwefor,100000.00000000004,344334.5355945632,244334.53559456312,244.33453559456302
965043,Miłosz Piekutowski,600000.0000000003,355614.5824821643,244385.41751783603,40.73090291963932
824915,Mihai Lixandru,899999.9999999995,655415.0583209117,244584.94167908782,27.176104631009775
988532,Danil Anosov,50000.000000000015,294652.20881353,244652.20881353,489.30441762705976
33754,Alex Smithies,499999.99999999977,255300.42554044834,244699.57445955143,48.939914891910306
697056,Valentín Depietri,499999.99999999977,744702.5872075992,244702.58720759943,48.94051744151991
460845,Siemen Voet,399999.9999999999,645168.9848935844,245168.9848935845,61.29224622339614
401822,Maksym Lunyov,499999.99999999977,254615.58742670913,245384.41257329064,49.07688251465815
472246,Mika Schroers,100000.00000000004,345426.6251854184,245426.62518541835,245.42662518541823
352718,Oguz Kagan Güctekin,299999.99999999977,54506.383764960345,245493.61623503943,81.83120541167987
126751,Iñigo Ruiz de Galarreta,2000000.0000000016,2245494.011426137,245494.0114261352,12.27470057130675
638588,Martín Pascual,299999.99999999977,545696.2128042373,245696.2128042375,81.89873760141256
466783,Arnau Tenas,4000000.0000000005,4245945.539931681,245945.53993168054,6.148638498292012
321177,Frantisek Cech,449999.99999999994,203986.43257269083,246013.5674273091,54.66968165051315
360140,Majeed Ashimeru,499999.99999999977,746014.9004886711,246014.90048867138,49.2029800977343
49327,Bradley Johnson,100000.00000000004,346125.70621248864,246125.70621248859,246.12570621248847
592340,Willian Machado,2000000.0000000016,1753616.651273299,246383.34872670262,12.319167436335121
16993,Jérémy Ménez,399999.9999999999,153604.2301263972,246395.7698736027,61.59894246840069
334810,Ludvig Fritzson,150000.00000000006,396708.70753651136,246708.7075365113,164.47247169100748
347619,Allan Campbell,499999.99999999977,253168.63417632456,246831.3658236752,49.36627316473506
856284,Charles Nduka,275000.0000000002,522152.43351571093,247152.43351571076,89.87361218753112
376175,Thiago Santana,700000.0000000006,452837.6367412111,247162.36325878947,35.308909036969894
175912,Lars Veldwijk,499999.99999999977,252778.99281693608,247221.0071830637,49.44420143661276
201792,Élber,549999.9999999998,302644.72123047285,247355.27876952692,44.973687049004916
263856,Víctor Camarasa,800000.0000000005,552283.3114910697,247716.68850893073,30.964586063616323
260370,Othman El Kabir,399999.9999999999,152177.8908756249,247822.10912437498,61.95552728109376
859134,Amine Zouhzouh,1800000.000000001,2048017.4532236718,248017.45322367083,13.778747401315039
593774,Anouar El Azzouzi,649999.9999999995,898058.4190732077,248058.41907320812,38.162833703570506
373446,David Duarte,1499999.9999999986,1748090.216127592,248090.2161275933,16.53934774183957
72121,Johan Gastien,499999.99999999977,748140.1933285823,248140.19332858257,49.62803866571653
375820,Henrique Gelain,449999.99999999994,201759.74000092788,248240.25999907206,55.16450222201602
400044,Balázs Tóth,999999.9999999997,1248335.1288312732,248335.12883127353,24.833512883127362
927306,Fran Topic,999999.9999999997,751603.0718346396,248396.92816536,24.83969281653601
296681,Eugene Ansah,399999.9999999999,151533.16622649416,248466.83377350573,62.116708443376446
559754,Win Naing Tun,50000.000000000015,298614.22389827506,248614.22389827506,497.2284477965499
814306,Pablo Ortiz,249999.9999999998,498701.92542058905,248701.92542058925,99.48077016823578
578703,Fredrik Kristensen Dahl,600000.0000000003,848704.7337187087,248704.7337187084,41.45078895311804
188881,Osman Hadzikic,399999.9999999999,151171.02506274267,248828.9749372572,62.20724373431432
47647,Gorka Elustondo,399999.9999999999,648834.6940590297,248834.6940590298,62.20867351475747
558139,Marvin Tshibuabua,399999.9999999999,649045.5842352274,249045.58423522755,62.26139605880691
723485,Léandre Kuavita,700000.0000000006,450743.45029368217,249256.54970631842,35.60807852947403
671675,Chris Lokesa,375000.00000000006,624382.1840610864,249382.18406108633,66.50191574962301
633850,Artur Ryabov,1200000.0000000005,950247.9212773091,249752.0787226914,20.81267322689094
335636,Ali Kazimi,50000.000000000015,299817.7437060039,249817.74370600388,499.6354874120076
41281,Nicolás Pareja,399999.9999999999,150106.12333904367,249893.87666095622,62.473469165239074
1155715,Mohamed Sanogo,100000.00000000004,349970.8300642819,249970.83006428182,249.9708300642817
1170286,Darryl Bakola,8000000.000000002,8249993.021571479,249993.02157147694,3.124912769643461
282434,Jean Carlos Silva,999999.9999999997,749994.9621556544,250005.0378443452,25.00050378443453
33639,Kevin Mirallas,349999.9999999997,99660.64989408408,250339.35010591563,71.52552860169024
256008,Facundo Lescano,499999.99999999977,249594.58396619695,250405.41603380282,50.08108320676059
1068115,Marius Nordal,75000.00000000004,325501.36222833034,250501.36222833028,334.0018163044402
121474,Emyr Huws,150000.00000000006,400910.6420266708,250910.64202667074,167.27376135111376
638218,Yair Mena,50000.000000000015,300971.56445801276,250971.56445801276,501.9431289160254
71548,Anaitz Arbilla,399999.9999999999,149020.19191886127,250979.80808113862,62.74495202028467
642347,Akash Mishra,225000.00000000015,476142.83463435725,251142.8346343571,111.61903761526975
95870,Toni Silva,399999.9999999999,148814.54524499032,251185.45475500956,62.79636368875241
329519,Dinis Almeida,999999.9999999997,748640.1840491575,251359.8159508421,25.135981595084218
181795,Jonathan Vervoort,50000.000000000015,301797.8759552178,251797.8759552178,503.59575191043547
99106,Emil Larsen,399999.9999999999,148026.21632603454,251973.78367396534,62.99344591849135
934722,Viktor Andersson,399999.9999999999,147646.24258920137,252353.7574107985,63.088439352699645
401527,Rogério,999999.9999999997,1252541.8975834402,252541.89758344053,25.254189758344058
503323,Ahmed Iljazovski,449999.99999999994,702581.9435306302,252581.94353063026,56.129320784584515
355689,Sory Kaba,999999.9999999997,1252867.2069847435,252867.20698474383,25.28672069847439
230826,Gennaro Acampora,649999.9999999995,396769.34745642735,253230.65254357219,38.958561929780366
131978,Ross Barkley,4000000.0000000005,3746386.8698644014,253613.13013559906,6.340328253389976
524318,Sami Ben Amar,150000.00000000006,403663.7869648721,253663.78696487204,169.10919130991462
34421,Jan Durica,399999.9999999999,146286.95668916337,253713.0433108365,63.428260827709146
1573,Thomas Hitzlsperger,999999.9999999997,1253873.296291607,253873.29629160732,25.387329629160742
565818,Martín Rea,499999.99999999977,246019.1505188104,253980.84948118936,50.7961698962379
247289,Andrew Nabbout,299999.99999999977,554143.196183449,254143.19618344924,84.71439872781647
127182,Thomas Monconduit,600000.0000000003,345731.1192935829,254268.88070641743,42.37814678440288
1035659,Younes Lachaab,50000.000000000015,304730.9935820641,254730.9935820641,509.46198716412806
85791,Stefan Lainer,800000.0000000005,1054748.0760870033,254748.07608700288,31.84350951087534
612479,Alef Manga,600000.0000000003,345249.0582772021,254750.94172279828,42.458490287133024
729196,Roman Volokhatyi,299999.99999999977,555224.4791953826,255224.4791953828,85.074826398461
76657,Sascha Schünemann,50000.000000000015,305318.8047945137,255318.80479451368,510.6376095890272
198638,João Costa,499999.99999999977,755404.0136364306,255404.01363643084,51.08080272728619
550549,Tomás Tavares,299999.99999999977,555427.2286067826,255427.22860678285,85.14240953559435
81056,Dylan Gissi,175000.00000000012,430428.7921917116,255428.7921917115,145.95930982383504
370399,Mykyta Kravchenko,999999.9999999997,744455.3233511415,255544.67664885812,25.55446766488582
1001554,Berkay Aslan,399999.9999999999,144181.90784354194,255818.09215645795,63.954523039114505
126662,David Alcibiade,199999.99999999997,456303.2842334587,256303.28423345872,128.1516421167294
469918,Philip Aukland,349999.9999999997,606608.1555018239,256608.15550182416,73.3166158576641
126692,Yassine Jebbour,600000.0000000003,343278.9021189062,256721.09788109415,42.786849646849
320915,Cy Goddard,175000.00000000012,431808.72737324605,256808.72737324593,146.7478442132833
426192,Ben Brereton Díaz,4999999.999999999,4743100.88037944,256899.1196205588,5.137982392411177
517372,Mohamed Abdallah,399999.9999999999,143026.30741548227,256973.69258451762,64.24342314612942
1015401,Paul Reverson,349999.9999999997,92922.57939319735,257077.42060680236,73.45069160194359
99180,Federico Santander,499999.99999999977,242306.54695342924,257693.45304657053,51.53869060931413
415033,Yuki Kakita,600000.0000000003,342051.7087600502,257948.29123995017,42.991381873325004
255928,Jordi,600000.0000000003,341695.78490148665,258304.2150985137,43.05070251641892
359346,Abdulhadi Al-Harajin,100000.00000000004,358305.67649624764,258305.6764962476,258.3056764962475
464493,Teodor Berg Haltvik,499999.99999999977,241129.65648103703,258870.34351896273,51.77406870379257
617808,Jacopo Sassi,349999.9999999997,90741.83085355237,259258.16914644733,74.07376261327072
18673,Joan Hartock,399999.9999999999,140712.82057079347,259287.17942920642,64.82179485730161
1005166,Santiago Luján,100000.00000000004,359420.3587831179,259420.35878311784,259.4203587831177
16565,Daniel Halfar,399999.9999999999,140262.21711726597,259737.7828827339,64.9344457206835
639281,Walter Bwalya,449999.99999999994,190094.4194856914,259905.58051430853,57.75679566984635
407833,Mutsuki Kato,800000.0000000005,539959.8570611059,260040.14293889457,32.5050178673618
270410,Ilias Hassani,199999.99999999997,460132.5686190784,260132.5686190784,130.0662843095392
982267,Ibrahim Sulemana,6000000.0,5739840.050941541,260159.94905845914,4.335999150974319
268325,John Olav Norheim,299999.99999999977,560228.2113535508,260228.211353551,86.74273711785041
396167,Charlie Scott,449999.99999999994,189668.8433155514,260331.15668444854,57.85136815209968
566861,Issa Bah,600000.0000000003,860643.0335716179,260643.03357161756,43.44050559526957
635660,Tanner Beason,800000.0000000005,539196.928243912,260803.0717560884,32.60038396951103
629566,Eddy Sylvestre,600000.0000000003,338701.99482423934,261298.005175761,43.54966752929347
33571,Lorenzo De Silvestri,600000.0000000003,338661.64728449035,261338.35271551,43.55639211925164
1153628,Yannik Wagner,800000.0000000005,538584.8208697166,261415.17913028388,32.676897391285465
43886,Moustapha Sall,399999.9999999999,138574.56168496617,261425.4383150337,65.35635957875844
1223857,Kaio Eduardo,299999.99999999977,561444.8478000442,261444.84780004446,87.1482826000149
1059730,Giuseppe Mazzaglia,100000.00000000004,362211.3160660813,262211.3160660812,262.2113160660811
741039,Malek Al-Abdulmenem,50000.000000000015,312220.0717363521,262220.0717363521,524.4401434727041
568179,Dante Sealy,1499999.9999999986,1237433.6094303625,262566.39056963613,17.504426037975758
98596,John Guidetti,600000.0000000003,337138.0889042918,262861.91109570855,43.8103185159514
620722,Dejan Popara,800000.0000000005,1062999.6036269094,262999.60362690897,32.8749504533636
599829,Oussama Falouh,150000.00000000006,413124.2416770918,263124.24167709175,175.4161611180611
37834,Felipe Caicedo,399999.9999999999,136870.39158776644,263129.6084122334,65.78240210305837
99348,Antonio Amaro,150000.00000000006,413173.53973910306,263173.539739103,175.44902649273527
774769,Jordan Semedo,600000.0000000003,863515.8192091992,263515.8192091988,43.91930320153311
502017,Balsa Popovic,1200000.0000000005,936264.9675626348,263735.0324373656,21.97791936978046
667991,Alaa Bellaarouch,399999.9999999999,663877.2356104088,263877.23561040894,65.96930890260225
340906,Ethan Britto,100000.00000000004,364176.92480036535,264176.9248003653,264.1769248003652
584231,Egor Teslenko,2800000.000000002,2535641.195169473,264358.8048305288,9.441385886804593
231776,Carlos Cristeto,199999.99999999997,464538.06871180184,264538.0687118019,132.26903435590097
804954,Lukas Bergquist,499999.99999999977,764928.7337413612,264928.7337413614,52.98574674827231
170927,Simon Falette,100000.00000000004,365100.83379576827,265100.8337957682,265.1008337957681
489073,Akinari Kawazura,249999.9999999998,515114.81632050365,265114.8163205038,106.04592652820162
303420,Anthony Kalik,499999.99999999977,765925.4561132413,265925.4561132415,53.18509122264833
251587,Blair Spittal,600000.0000000003,333907.7713000483,266092.2286999521,44.348704783325324
566615,Mikael Egill Ellertsson,6000000.0,5733450.98375707,266549.01624292973,4.442483604048829
422936,Patrick Egelund,150000.00000000006,416623.722882039,266623.7228820389,177.74914858802586
1103809,Christian Akpan,349999.9999999997,83247.04058550515,266752.9594144946,76.21513126128423
38662,Halisson,399999.9999999999,133153.87057144896,266846.12942855095,66.71153235713776
216443,Riechedly Bazoer,1499999.9999999986,1232945.921882216,267054.0781177827,17.803605207852197
384741,Vítor Costa,399999.9999999999,667134.6435146974,267134.64351469756,66.78366087867441
675981,Stan Henderikx,349999.9999999997,617304.1274576731,267304.12745767337,76.3726078450496
1045530,Mirko Susak,499999.99999999977,232676.8983139267,267323.10168607306,53.46462033721464
858766,Byung-kwan Jeon,549999.9999999998,282459.1856397692,267540.8143602306,48.64378442913285
999090,Axel Holewiński,349999.9999999997,82350.98824922384,267649.01175077586,76.47114621450744
167105,Lukas Lerager,800000.0000000005,1067735.438400165,267735.4384001645,33.46692980002054
741546,Lauri Laine,150000.00000000006,418230.371305917,268230.3713059169,178.82024753727788
683952,Amadou Keita,499999.99999999977,768263.615476503,268263.61547650327,53.65272309530068
159139,Philipp Wiesinger,449999.99999999994,718479.8069274523,268479.8069274524,59.66217931721165
751104,Miłosz Matysik,399999.9999999999,668601.3308804322,268601.3308804323,67.15033272010808
391332,Xesc Regis,649999.9999999995,381258.05700295034,268741.9429970492,41.34491430723837
1225293,Lucas Gómez,150000.00000000006,418959.9846182346,268959.98461823456,179.30665641215631
618804,Adrián Cova,600000.0000000003,330914.2197256382,269085.7802743621,44.847630045726994
618986,Alexander Díaz,800000.0000000005,530780.007466656,269219.9925333444,33.652499066668035
830841,Leonel Bucca,700000.0000000006,430507.73097905837,269492.2690209422,38.49889557442028
1021017,Temmu Matsumoto,449999.99999999994,180087.63306132948,269912.36693867046,59.98052598637123
203655,Cafú,249999.9999999998,520391.45654024184,270391.45654024207,108.15658261609691
355651,Marijan Cabraja,399999.9999999999,670419.558930834,270419.5589308342,67.60488973270856
854787,Nikola Zecevic,749999.9999999998,1020894.6657568659,270894.6657568661,36.119288767582155
834742,Mateo Joseph,3499999.9999999995,3771229.208522924,271229.2085229247,7.7494059577978485
197157,Gerso,499999.99999999977,228694.97391987735,271305.02608012245,54.261005216024515
348144,Bechir Ben Said,600000.0000000003,328373.7145129485,271626.2854870518,45.271047581175274
140678,Johan Larsson,499999.99999999977,228072.12199565594,271927.87800434383,54.3855756008688
1194058,Artem Akatov,50000.000000000015,322014.86633796094,272014.86633796094,544.0297326759218
422941,Emil Frederiksen,800000.0000000005,527775.8518631113,272224.1481368892,34.02801851711113
671292,Bruno Matias,499999.99999999977,772252.4159795535,272252.4159795537,54.45048319591077
746832,Efraín Morales,600000.0000000003,872422.781444925,272422.78144492465,45.40379690748742
5858,Paolo Cannavaro,199999.99999999997,472447.6402404373,272447.64024043735,136.2238201202187
1241202,Foster Apetorgbor,100000.00000000004,372470.8703535337,272470.87035353365,272.47087035353354
64208,Gianluca Nijholt,399999.9999999999,672705.4320318269,272705.43203182705,68.17635800795678
918327,Kurban Rasulov,1200000.0000000005,1472991.8890898828,272991.8890898824,22.74932409082352
149532,Marwan Mohsen,399999.9999999999,126846.17212887635,273153.82787112356,68.2884569677809
148585,Amedeo Benedetti,449999.99999999994,176833.63810229374,273166.36189770617,60.70363597726804
271816,Victor Wernersson,249999.9999999998,523195.99218649877,273195.99218649894,109.27839687459966
170463,Marcel Tisserand,999999.9999999997,726618.232500308,273381.7674996917,27.33817674996918
236727,David Kong,150000.00000000006,423405.1358574265,273405.13585742644,182.27009057161757
381968,William Balikwisha,299999.99999999977,573422.2432591713,273422.2432591715,91.14074775305724
208172,Mateusz Wieteska,999999.9999999997,726553.8902956703,273446.1097043294,27.344610970432946
55800,Jorge Martínez,75000.00000000004,348673.8060313183,273673.80603131827,364.8984080417575
175014,Youcef Belaïli,1499999.9999999986,1773689.9949487625,273689.99494876387,18.24599966325094
68626,Abdullah Al-Hamdan,349999.9999999997,623733.4330755606,273733.4330755609,78.20955230730317
572815,Jhon Balanta,449999.99999999994,176246.96998090253,273753.0300190974,60.83400667091053
22628,Benoît Costil,600000.0000000003,326228.3700011887,273771.62999881164,45.628604999801915
326701,Bart Ramselaar,1800000.000000001,1526081.4867410297,273918.5132589713,15.217695181053953
174304,Rémy Dugimont,100000.00000000004,373990.24743035674,273990.2474303567,273.99024743035653
190268,Veljko Simic,749999.9999999998,475995.4043909808,274004.595609019,36.533946081202544
275949,Jorrit Smeets,449999.99999999994,175611.68494787172,274388.3150521282,60.97518112269517
556038,Nathaniel Atkinson,700000.0000000006,425362.21399668464,274637.78600331594,39.2339694290451
165435,Thomas Castella,100000.00000000004,374769.3159014163,274769.31590141624,274.7693159014161
45587,Rafael Santos,449999.99999999994,174795.13248038647,275204.8675196135,61.15663722658078
854668,Haruki Arai,600000.0000000003,324724.5665729005,275275.43342709984,45.87923890451661
86062,Adilson,600000.0000000003,324053.9747257085,275946.02527429187,45.99100421238195
356197,Alfonso Pedraza,2499999.9999999995,2775958.1977018104,275958.19770181086,11.038327908072436
639384,Tomás Ortiz,124999.9999999999,400969.3151063283,275969.3151063284,220.77545208506288
700479,Roméo Beney,1499999.9999999986,1776311.4170504685,276311.4170504699,18.42076113669801
167291,Gabriel Pires,399999.9999999999,676372.7446895937,276372.7446895938,69.09318617239848
238639,Steve Mounié,1499999.9999999986,1776566.5370997582,276566.53709975956,18.43776913998399
30097,Xabier Castillo,499999.99999999977,223363.8860668079,276636.11393319187,55.327222786638394
371004,Matej Vuk,600000.0000000003,323111.1057468156,276888.8942531847,46.14814904219743
94199,Tolga Cigerci,150000.00000000006,426889.1486298291,276889.14862982905,184.5927657532193
214666,Connor Roberts,1499999.9999999986,1223100.6236837204,276899.37631627824,18.459958421085236
855898,Roman Angot,10000.00000000001,287014.0328136051,277014.0328136051,2770.1403281360485
148810,Endre Botka,299999.99999999977,577204.0540613399,277204.05406134017,92.40135135378013
1011152,Trevan Sanusi,399999.9999999999,122544.27225966153,277455.72774033836,69.36393193508461
390715,Marco Ballini,299999.99999999977,577460.1564823467,277460.15648234694,92.48671882744905
808866,Klidman Lilo,499999.99999999977,777607.577919137,277607.5779191372,55.521515583827465
328806,Eligijus Jankauskas,700000.0000000006,422354.8694895156,277645.130510485,39.66359007292639
330352,Raúl Guti,2000000.0000000016,2277697.7630989924,277697.7630989908,13.884888154949525
992818,Nicolás Capraro,749999.9999999998,472019.2884341399,277980.71156585985,37.06409487544799
238537,Wladimiro Falcone,3499999.9999999995,3778014.4282344077,278014.42823440814,7.943269378125948
15378,Andrey Arshavin,299999.99999999977,21537.63145645798,278462.36854354176,92.82078951451399
326427,David Keltjens,249999.9999999998,529530.4172936394,279530.4172936396,111.81216691745594
329629,Mateo Barac,299999.99999999977,579840.9025769845,279840.9025769847,93.28030085899498
891987,Erdem Gökçe,349999.9999999997,69995.66930564748,280004.3306943522,80.00123734124355
247915,Jonas Omlin,800000.0000000005,1080067.0044517657,280067.0044517652,35.00837555647063
260898,Raúl Loaiza,399999.9999999999,680255.1352701823,280255.1352701824,70.06378381754563
542762,Anders Klynge,999999.9999999997,719557.9064900602,280442.0935099395,28.04420935099396
878247,Ismahila Ouédraogo,1200000.0000000005,919533.0573204923,280466.9426795081,23.372245223292335
27369,João Guilherme,449999.99999999994,169529.88906121976,280470.1109387802,62.32669131972893
375710,Jeando Fuchs,600000.0000000003,319209.6376541516,280790.36234584876,46.7983937243081
17179,Marko Basa,999999.9999999997,719131.9994610203,280868.0005389793,28.086800053897942
96331,Mikkel Kirkeskov,399999.9999999999,119129.82339940543,280870.1766005944,70.21754415014863
317869,Lionel Tan,175000.00000000012,455986.3518910163,280986.3518910162,160.56362965200915
685219,Ansor Khabibov,349999.9999999997,68806.00951911406,281193.99048088567,80.34114013739597
567873,Vladyslav Baboglo,999999.9999999997,1281378.233617721,281378.23361772124,28.137823361772135
435500,Sergio González,700000.0000000006,418200.37465974095,281799.62534025963,40.25708933432277
359238,Kohei Tezuka,275000.0000000002,557078.8569068183,282078.85690681817,102.57412978429745
538281,Víctor Méndez,1200000.0000000005,917567.3867699301,282432.61323007033,23.53605110250585
51168,Jens Hegeler,499999.99999999977,217361.22562511283,282638.77437488694,56.52775487497741
625651,Urko González de Zárate,12000000.000000007,12282672.067371054,282672.06737104617,2.3556005614253834
8552,Arouna Koné,150000.00000000006,432725.4265049655,282725.42650496546,188.4836176699769
983843,Neneca,399999.9999999999,117020.71596783304,282979.2840321668,70.74482100804173
465537,Georgios Antzoulas,399999.9999999999,116639.26076823083,283360.73923176905,70.84018480794228
181779,Wallace Oliveira,800000.0000000005,516609.09961511975,283390.9003848807,35.423862548110066
974996,Aaron Malouda,499999.99999999977,216529.285797805,283470.71420219477,56.69414284043898
696728,Rodrigo Sayavedra,75000.00000000004,358599.04368121776,283599.0436812177,378.1320582416234
80,Tom Starke,100000.00000000004,383801.54556496243,283801.5455649624,283.8015455649622
18537,Alex,499999.99999999977,216030.95342922435,283969.04657077545,56.79380931415512
264137,Giorgi Beridze,499999.99999999977,215963.8372033258,284036.16279667395,56.80723255933482
908102,Esteban Fernández,150000.00000000006,434102.0836416736,284102.08364167355,189.40138909444897
1099924,Yael Trepy,2000000.0000000016,1715848.6653583732,284151.33464162843,14.20756673208141
240803,Filippo De Col,600000.0000000003,315774.2418122905,284225.75818770984,47.37095969795161
469949,Noah Katterbach,600000.0000000003,315712.139700467,284287.86029953335,47.3813100499222
526784,Amadou Ciss,399999.9999999999,115538.75113454153,284461.24886545836,71.11531221636461
606952,Juninho,800000.0000000005,515213.7030839618,284786.2969160387,35.598287114504814
619277,Luka Skaricic,800000.0000000005,515148.7216041685,284851.278395832,35.606409799478975
631447,Jakub Kolan,800000.0000000005,515014.09773380344,284985.902266197,35.62323778327461
395699,Alan Dzabana,100000.00000000004,385047.6433116817,285047.64331168163,285.0476433116815
192166,Pius Dorn,700000.0000000006,414907.9699216883,285092.03007831227,40.72743286833029
280700,Yohan Boli,800000.0000000005,514817.5849872098,285182.41501279065,35.64780187659881
1363192,Richardson Rivas,399999.9999999999,114783.08419763281,285216.9158023671,71.30422895059179
229804,Aritz Elustondo,1499999.9999999986,1214584.4214707776,285415.578529221,19.027705235281417
263065,Marijan Coric,100000.00000000004,385416.3758802552,285416.37588025513,285.416375880255
829063,Ángel Estrada,800000.0000000005,514174.8973739364,285825.1026260641,35.728137828257985
3405,Wes Brown,499999.99999999977,213904.5618905968,286095.438109403,57.219087621880625
132206,John Herron,100000.00000000004,386182.3363284656,286182.33632846555,286.1823363284654
670185,Luis Sánchez,800000.0000000005,1086430.0725043258,286430.0725043253,35.803759063040644
983198,Godswill Vadze,150000.00000000006,436515.9382705739,286515.93827057385,191.01062551371584
626801,Ivan Nikolov,399999.9999999999,113405.52115655407,286594.47884344583,71.64861971086148
79352,Quique González,800000.0000000005,513269.54579846206,286730.4542015384,35.84130677519228
214300,Miguel Vieira,100000.00000000004,386967.54984264896,286967.5498426489,286.96754984264874
334665,Andrea Padula,299999.99999999977,587430.9831032403,287430.9831032405,95.81032770108024
546033,Sabino,999999.9999999997,1287505.9016140818,287505.90161408216,28.750590161408223
572048,Juan Camilo Salazar,449999.99999999994,737854.0482490222,287854.0482490223,63.967566277560515
646738,Juan Larios,2000000.0000000016,1712125.7824322297,287874.2175677719,14.393710878388582
1063685,Vyacheslav Surkis,100000.00000000004,387925.7958988293,287925.79589882924,287.9257958988291
873440,Eray Korkmaz,399999.9999999999,111747.52997585353,288252.4700241464,72.0631175060366
289643,Roman Tugarev,700000.0000000006,411568.0761596176,288431.923840383,41.20456054862611
48950,Jordan Rhodes,299999.99999999977,588625.8268827557,288625.82688275597,96.20860896091872
51936,David Tsoraev,700000.0000000006,411373.6631370676,288626.336862933,41.232333837561825
856568,Songwut Kraikruan,150000.00000000006,438688.20110781165,288688.2011078116,192.458800738541
237466,Dany Maury,10000.00000000001,298773.06004797464,288773.06004797464,2887.7306004797438
130365,Alessandro Florenzi,2000000.0000000016,1710772.2678021747,289227.73219782696,14.461386609891335
111026,Mathieu Peybernes,499999.99999999977,210353.57474307806,289646.4252569217,57.92928505138436
883265,Andrés Micolta,1800000.000000001,1510324.0837592839,289675.91624071705,16.093106457817605
1335777,Simão Pedro,700000.0000000006,410286.3501128227,289713.64988717786,41.387664269596804
719652,Oleksandr Martynyuk,1499999.9999999986,1210172.9953490235,289827.0046509751,19.321800310065026
604207,Filippo Rinaldi,600000.0000000003,309389.59884335316,290610.4011566472,48.43506685944117
89427,Yevgen Pichkur,399999.9999999999,109147.17463294478,290852.82536705513,72.71320634176381
603940,Marvin Park,1200000.0000000005,1490854.3838954547,290854.38389545423,24.237865324621175
7825,Pepe Reina,600000.0000000003,309128.03290396155,290871.9670960388,48.47866118267311
891379,Nordine Kandil,899999.9999999995,609029.4022637919,290970.59773620765,32.3300664151342
477929,Kerem Kalafat,349999.9999999997,58943.01873617344,291056.98126382625,83.15913750395043
624266,Ross McCausland,749999.9999999998,458865.2804968999,291134.71950309986,38.817962600413324
738479,Rafik El Arguioui,499999.99999999977,208734.25268054503,291265.74731945473,58.25314946389098
597289,Serxho Ujka,399999.9999999999,691424.6146286709,291424.61462867097,72.85615365716777
205550,Marco Ilaimaharitra,800000.0000000005,1091434.8677558887,291434.86775588826,36.42935846948601
154351,Colin Coosemans,1200000.0000000005,1491486.8407888957,291486.84078889526,24.290570065741264
661253,Hector Kyprianou,1499999.9999999986,1208205.5858765636,291794.41412343504,19.452960941562353
358132,Jan Kral,749999.9999999998,1042251.3481950172,292251.34819501743,38.96684642600234
603423,Mayk,499999.99999999977,792262.4215485519,292262.4215485521,58.45248430971045
216426,Julio Tavarès,499999.99999999977,207458.30926182517,292541.6907381746,58.508338147634944
663189,Eniss Shabani,499999.99999999977,207297.64607233103,292702.35392766877,58.540470785533785
172163,Uğur Çiftçi,1299999.9999999993,1007118.428017779,292881.5719822203,22.529351690940032
1141848,Savo Radanovic,700000.0000000006,406817.05469258956,293182.945307411,41.883277901058676
96928,Serginho,349999.9999999997,643246.2461587883,293246.2461587886,83.78464175965397
21891,Stefano Sorrentino,499999.99999999977,206601.97416309413,293398.02583690564,58.679605167381155
323255,Giacomo Satalino,399999.9999999999,106209.4315212585,293790.5684787414,73.44764211968537
926991,Jonatan Lindekilde,549999.9999999998,256098.7782009464,293901.22179905337,53.43658578164609
68778,Marlos,399999.9999999999,106082.44615143519,293917.5538485647,73.47938846214119
1266095,Hayata Yamamoto,499999.99999999977,205739.25369475293,294260.74630524684,58.85214926104939
561485,Noor Al-Rawabdeh,499999.99999999977,205600.7233483025,294399.27665169723,58.87985533033947
527276,Kenneth Schmidt,800000.0000000005,505280.7663854423,294719.2336145582,36.83990420181975
241420,Damian van Bruggen,499999.99999999977,205039.34946835166,294960.6505316481,58.99213010632964
407517,Leonel Mosevich,749999.9999999998,454928.1324849149,295071.86751508486,39.34291566867799
258884,Ryan Ledson,1499999.9999999986,1204874.3052119531,295125.6947880455,19.67504631920305
1292917,Djé,800000.0000000005,1095360.6254693596,295360.6254693591,36.92007818366987
220999,Fabrice Ondoa,399999.9999999999,104555.75826392062,295444.2417360793,73.86106043401985
395674,Adrien Lebeau,299999.99999999977,595792.5529106082,295792.5529106085,98.59751763686957
284321,Germán Conti,150000.00000000006,446271.0252007055,296271.02520070545,197.51401680047022
362184,David Otto,499999.99999999977,203396.64285161003,296603.35714838974,59.32067142967797
9706,Sotiris Kyrgiakos,299999.99999999977,596665.9552337724,296665.95523377263,98.88865174459094
540186,Daniil Kondrakov,399999.9999999999,103238.25651901356,296761.74348098633,74.1904358702466
388058,Benjamin Goller,449999.99999999994,153107.4875270669,296892.51247293304,65.97611388287402
587660,Florian Haxha,199999.99999999997,497101.80414889735,297101.8041488974,148.55090207444871
567668,Nikolaos Christogeorgos,999999.9999999997,702081.2322746122,297918.7677253875,29.791876772538757
1009031,Henrique Carmo,3499999.9999999995,3798297.890028118,298297.8900281186,8.522796857946249
448466,Jovane Cabral,999999.9999999997,1298335.8018427328,298335.80184273317,29.833580184273327
796574,Stênio,600000.0000000003,301107.25863607426,298892.7413639261,49.81545689398765
144904,Jonas Knudsen,499999.99999999977,200625.0374033271,299374.9625966727,59.87499251933457
507235,Jack Young,150000.00000000006,449453.4963871309,299453.4963871308,199.63566425808713
925357,Kota Tawaratsumida,800000.0000000005,500537.75982126006,299462.2401787404,37.43278002234253
606450,Gaoussou Traoré,499999.99999999977,200090.174341557,299909.8256584428,59.98196513168858
184397,Tom Hopper,199999.99999999997,500227.5932113321,300227.5932113321,150.1137966056661
915537,David Tufekcic,700000.0000000006,399639.6916753044,300360.3083246962,42.90861547495656
290593,Sada Thioub,999999.9999999997,1300489.4948108173,300489.49481081765,30.048949481081777
735051,Amine El Ouazzani,2499999.9999999995,2800634.802291066,300634.8022910664,12.025392091642658
716687,Kumel Al-Rekabe,399999.9999999999,99342.20355172704,300657.7964482728,75.16444911206823
526032,Moritz Oswald,349999.9999999997,650933.6955744813,300933.69557448156,85.98105587842338
511883,Andronikos Kakoullis,749999.9999999998,1051117.6924335668,301117.692433567,40.14902565780895
14552,Ryan Smith,499999.99999999977,198646.7100336205,301353.2899663793,60.27065799327589
410281,Renato Pantalon,499999.99999999977,198634.27208844104,301365.7279115587,60.27314558231177
340978,Tiberiu Căpușă,549999.9999999998,248459.46414270918,301540.5358572906,54.825551974052864
487505,Thomas Hasal,199999.99999999997,501970.66791306774,301970.66791306774,150.98533395653388
89330,Javi Ros,150000.00000000006,452202.83264024364,302202.8326402436,201.46855509349564
596150,Ayouba Kosiah,199999.99999999997,502476.9866408267,302476.9866408267,151.23849332041337
95737,Bassel Jradi,449999.99999999994,147397.15750686792,302602.842493132,67.2450761095849
668709,Martin Agnarsson,749999.9999999998,447347.27168551803,302652.72831448173,40.35369710859757
740293,Guilherme Biro,2000000.0000000016,2302869.7445821622,302869.7445821606,15.143487229108018
920309,Fredrik Nissen,249999.9999999998,553135.107922994,303135.1079229942,121.25404316919777
295450,Amjad Attwan,700000.0000000006,396768.57555567013,303231.42444433045,43.318774920618594
25758,Jaba Kankava,349999.9999999997,46719.14857423478,303280.8514257649,86.6516718359329
205940,Marko Pjaca,1499999.9999999986,1196155.7207588824,303844.27924111625,20.2562852827411
58115,Yoel Rodríguez,600000.0000000003,295755.67377217574,304244.3262278246,50.707387704637405
264514,Luca Vido,700000.0000000006,395437.56217104115,304562.43782895943,43.50891968985131
1145832,Luka Vidic,50000.000000000015,354691.6428359996,304691.6428359996,609.383285671999
1163430,Chase Adams,199999.99999999997,504878.8245148329,304878.82451483293,152.43941225741648
911224,Alessandro Romano,499999.99999999977,195108.56205860502,304891.43794139475,60.97828758827898
380598,Santi Comesaña,8000000.000000002,8305002.161649363,305002.16164936125,3.8125270206170145
904662,Louis Mouton,4000000.0000000005,4305209.304536514,305209.3045365135,7.630232613412836
668276,Hugo Novoa,999999.9999999997,694387.7647604587,305612.2352395409,30.5612235239541
1153735,Tomás Fernández,25000.000000000004,330619.53164091957,305619.53164091957,1222.478126563678
580276,Emrehan Gedikli,275000.0000000002,580753.3292469949,305753.32924699475,111.18302881708892
3924,Didier Drogba,499999.99999999977,194228.9460578829,305771.0539421169,61.15421078842341
411502,Danny Henriques,700000.0000000006,393623.1456331599,306376.8543668407,43.76812205240577
380019,Vladimir Sugrobov,449999.99999999994,143527.08623982567,306472.9137601743,68.10509194670541
35047,Axel Witsel,1200000.0000000005,893500.3982073719,306499.6017926285,25.541633482719035
839554,Eric Hunal,549999.9999999998,243488.9753332035,306511.02466679626,55.7292772121448
228042,Anders Trondsen,399999.9999999999,706530.6917999455,306530.69179994566,76.63267294998644
46252,Ibrahim Sehic,1200000.0000000005,893245.5709350404,306754.4290649601,25.562869088746666
86643,Thomas Eisfeld,249999.9999999998,556769.1042409695,306769.10424096975,122.707641696388
776737,Joselito,75000.00000000004,381992.52988948935,306992.5298894893,409.32337318598553
944570,Vasilije Adžić,8000000.000000002,7692940.814594136,307059.18540586624,3.8382398175733274
208890,Samu García,800000.0000000005,1107314.0415249052,307314.0415249048,38.41425519061307
1084667,Isaac,1200000.0000000005,1507521.091260946,307521.0912609454,25.626757605078776
142021,Sergi Darder,3000000.000000001,3307585.3485889547,307585.3485889537,10.25284495296512
167811,Oumaro Coulibaly,25000.000000000004,332760.9552696085,307760.9552696085,1231.0438210784337
691356,Selmin Hodza,199999.99999999997,508196.0062636035,308196.0062636036,154.09800313180182
25727,Lukasz Piszczek,749999.9999999998,441747.1567159619,308252.8432840379,41.1003791045384
627439,Amir Feratovic,399999.9999999999,91513.469695133,308486.5303048669,77.12163257621675
88721,Jeffrey Bruma,249999.9999999998,558610.4113059844,308610.4113059846,123.44416452239395
1225789,Lautaro Carrera,75000.00000000004,383676.0963245685,308676.09632456844,411.5681284327577
802143,Isaac Boehmer,249999.9999999998,558723.254334024,308723.25433402427,123.4893017336098
669366,Tom Cannon,8000000.000000002,7690996.04172035,309003.9582796516,3.8625494784956436
258827,Jari Vandeputte,3000000.000000001,2690792.0247115176,309207.9752884833,10.306932509616107
515386,Beau Reus,399999.9999999999,90729.1319735991,309270.8680264008,77.31771700660022
401535,Gabriel Batista,4000000.0000000005,3690387.2361231768,309612.7638768237,7.740319096920592
160938,Marc Oliver Kempf,3499999.9999999995,3190353.325363258,309646.67463674163,8.847047846764047
533318,Nazariy Muravskyi,1200000.0000000005,890314.9568601949,309685.04313980555,25.80708692831712
258362,Yanick van Osch,499999.99999999977,190095.21486772707,309904.7851322727,61.98095702645456
1023915,Kevin Balanta,399999.9999999999,89955.79121758975,310044.20878241013,77.51105219560256
44913,Simeon Jackson,249999.9999999998,561418.5740480816,311418.5740480819,124.56742961923285
205569,Mickaël Malsa,1499999.9999999986,1188382.40816171,311617.5918382886,20.77450612255259
679413,Claudio Cassano,399999.9999999999,711931.9428976875,311931.94289768767,77.98298572442194
61841,Adam Smith,299999.99999999977,611995.5402793767,311995.5402793769,103.99851342645906
604073,Konstantin Nizhegorodov,700000.0000000006,1012288.5182947005,312288.51829469996,44.61264547067139
392881,Antonio Candela,899999.9999999995,1212604.850589676,312604.8505896765,34.73387228774186
686680,Ensar Bruncevic,150000.00000000006,462892.1045013283,312892.10450132826,208.59473633421874
64134,Néstor Araújo,349999.9999999997,662948.640120342,312948.6401203423,89.41389717724073
440493,Tim Freriks,549999.9999999998,863364.14230599,313364.1423059902,56.97529860108915
319235,Robert Moldoveanu,700000.0000000006,386330.72375634307,313669.2762436575,44.80989660623675
39259,Makoto Hasebe,499999.99999999977,185338.39812278925,314661.60187721055,62.93232037544214
164013,Gilberto,700000.0000000006,385153.42262351234,314846.57737648825,44.978082482355425
351745,Reza Shekari,600000.0000000003,284822.51651207224,315177.4834879281,52.52958058132132
373939,Nicolas Lemaître,700000.0000000006,384810.60014648654,315189.39985351404,45.02705712193054
90024,Alfred Finnbogason,249999.9999999998,565284.1763927571,315284.17639275733,126.11367055710303
306330,Yassine Meriah,800000.0000000005,484667.171805658,315332.82819434244,39.41660352429278
913289,Tyrique Mercera,600000.0000000003,915362.900598824,315362.9005988237,52.56048343313725
235052,Abderrazak Hamdallah,999999.9999999997,684158.6815940472,315841.3184059524,31.584131840595255
689052,Gastón González,899999.9999999995,1215901.9037537747,315901.9037537752,35.10021152819726
673196,Aleksandr Orekhov,249999.9999999998,566039.7351558305,316039.73515583074,126.4158940623324
339795,Marcus Barnes,50000.000000000015,366203.86308854836,316203.86308854836,632.4077261770966
235339,Dmitriy Chistyakov,749999.9999999998,1066206.3219031035,316206.32190310373,42.16084292041384
55000,Vincenzo Fiorillo,150000.00000000006,466327.1930995626,316327.19309956254,210.8847953997083
822935,Mohamed Manai,499999.99999999977,183515.7835582164,316484.21644178336,63.2968432883567
921533,Dominik Prpić,4000000.0000000005,3683301.8433522927,316698.1566477078,7.917453916192694
1372495,Muhammed Kadıoğlu,199999.99999999997,517027.7294410687,317027.7294410687,158.5138647205344
1111215,Karamba Gassama,499999.99999999977,817109.9589141345,317109.95891413477,63.42199178282698
139915,Aleksandar Katai,700000.0000000006,382753.4995198236,317246.500480177,45.32092864002525
653725,Tika de Jonge,1800000.000000001,1482672.0989286557,317327.9010713452,17.629327837296945
945017,Ilay Feingold,3000000.000000001,2682633.339272568,317366.6607274329,10.578888690914427
227534,Deni Hočko,499999.99999999977,182529.2018759837,317470.79812401603,63.49415962480324
386914,Sam Lammers,4000000.0000000005,4317939.705197617,317939.70519761695,7.948492629940422
939479,Mohamed Nasraoui,499999.99999999977,818130.2009979979,318130.2009979981,63.62604019959966
482145,Issah Abass,199999.99999999997,518413.88351929444,318413.88351929444,159.20694175964724
1126316,Kento Hamasaki,399999.9999999999,81272.35445819434,318727.64554180554,79.68191138545141
312568,Jesús Angulo,4000000.0000000005,4319149.611407519,319149.61140751885,7.97874028518797
487839,Simone Trimboli,399999.9999999999,80689.9739732643,319310.02602673555,79.8275065066839
502020,Bojan Roganovic,199999.99999999997,520104.0773569896,320104.0773569896,160.05203867849482
641989,Denis Radu,800000.0000000005,479699.3009755835,320300.699024417,40.037587378052095
187624,Fabian Bredlow,700000.0000000006,1020349.2293227,320349.22932269936,45.764175617528444
75554,Magnus Eriksson,600000.0000000003,279635.45890213596,320364.5410978644,53.39409018297737
296799,Lucas Acosta,600000.0000000003,279534.3286918198,320465.67130818055,53.41094521803006
13683,Dean Whitehead,249999.9999999998,570917.3076891665,320917.30768916674,128.3669230756668
200190,Alessandro Capello,499999.99999999977,178808.31084332825,321191.6891566715,64.23833783133433
346562,Marco Olivieri,700000.0000000006,378590.7731565119,321409.2268434887,45.915603834784065
190756,Juan Ramírez,150000.00000000006,472605.9981572292,322605.99815722916,215.07066543815267
1063475,Mouhamed Tidjane Traore,600000.0000000003,276961.75198314304,323038.2480168573,53.839708002809516
81997,Fernando Martínez,700000.0000000006,376710.1669885136,323289.833011487,46.18426185878381
164487,Fegor Ogude,499999.99999999977,823461.680819061,323461.68081906124,64.69233616381229
237164,Ihlas Bebou,600000.0000000003,923663.4415260978,323663.4415260975,53.943906921016215
337243,Orestis Kiomourtzoglou,649999.9999999995,325772.96991882345,324227.0300811761,49.8810815509502
157113,Nazım Sangaré,199999.99999999997,524637.5245470227,324637.52454702265,162.31876227351134
84938,Timo Horn,700000.0000000006,1024980.8192689981,324980.8192689975,46.425831324142464
37521,Oleg Samsonov,449999.99999999994,124966.78689493312,325033.2131050668,72.22960291223708
838236,Marin Ljubicic,2499999.9999999995,2174594.86560104,325405.1343989596,13.016205375958387
9796,Oleksandr Aliyev,800000.0000000005,474301.01465340244,325698.985346598,40.71237316832473
285862,Nikita Kalugin,449999.99999999994,124121.1446666806,325878.85533331934,72.4175234074043
891070,Stanislav Petruța,499999.99999999977,174054.63436488633,325945.36563511344,65.18907312702272
494219,Brahian Cuello,700000.0000000006,373757.9668144493,326242.0331855513,46.606004740793004
143891,Maximilian Philipp,499999.99999999977,826442.5304170176,326442.5304170179,65.2885060834036
208542,Stef Peeters,700000.0000000006,1026463.1376440262,326463.1376440256,46.637591092003625
956050,Bill Antonio,1200000.0000000005,1526558.307215338,326558.30721533764,27.21319226794479
22753,Ivan Trickovski,399999.9999999999,73082.10086832053,326917.8991316793,81.72947478291985
344299,Bakhtiyor Zaynutdinov,2499999.9999999995,2172596.8601783914,327403.1398216081,13.096125592864327
655135,Calum Ward,800000.0000000005,472335.8476492468,327664.15235075366,40.95801904384418
726120,Simon Simoni,600000.0000000003,928223.0411592181,328223.0411592177,54.70384019320292
461963,Celton Biai,499999.99999999977,171221.41939368966,328778.5806063101,65.75571612126205
341680,Athanasios Androutsos,700000.0000000006,1028812.2533533621,328812.2533533615,46.97317905048018
126258,Lee Nicholls,899999.9999999995,570719.8276640605,329280.172335939,36.58668581510435
42399,Mustapha Alasan Jarju,499999.99999999977,170717.31669309386,329282.6833069059,65.85653666138121
956393,Rudy Muñoz,600000.0000000003,270336.38056311174,329663.6194368886,54.943936572814735
548934,Hugo Wentges,399999.9999999999,70117.89496166045,329882.10503833945,82.47052625958489
328658,Kristoffer Ajer,17999999.999999985,17670058.539212942,329941.460787043,1.8330081154835736
429696,Du-jae Won,800000.0000000005,469886.8737003933,330113.12629960716,41.26414078745087
108468,Benjamin Tiedemann,600000.0000000003,269519.8997469504,330480.1002530499,55.08001670884162
627141,Calvin Harris,800000.0000000005,1130896.063163572,330896.0631635715,41.36200789544642
457940,Joël Zwarts,449999.99999999994,118900.00653217979,331099.99346782017,73.57777632618226
285111,Bahlul Mustafazada,999999.9999999997,668602.6236422679,331397.37635773176,33.13973763577319
1073654,Axl De Corte,399999.9999999999,68566.58551346927,331433.4144865306,82.85835362163267
501989,Ulrik Fredriksen,800000.0000000005,468315.67600290285,331684.3239970976,41.460540499637176
299149,Kevagn Ronco,75000.00000000004,407281.8241224581,332281.82412245806,443.04243216327717
654872,Marcel Wenig,600000.0000000003,267620.0559817548,332379.94401824556,55.39665733637422
255488,Yeray Álvarez,899999.9999999995,1232405.9920668714,332405.99206687184,36.93399911854133
55997,José María Basanta,499999.99999999977,167465.1611992474,332534.83880075236,66.5069677601505
756096,Benjamin Acquah,150000.00000000006,482580.33672998345,332580.3367299834,221.7202244866555
126252,Juan Rafael Fuentes,499999.99999999977,167045.14089011977,332954.85910988,66.59097182197603
404846,Sergiy Buletsa,499999.99999999977,833105.9190152617,333105.9190152619,66.62118380305242
128906,Liam Moore,700000.0000000006,366718.4387890214,333281.5612109792,47.61165160156842
829967,Federico Vera,999999.9999999997,666631.0655762672,333368.93442373245,33.33689344237325
37917,Nabil El Zhar,499999.99999999977,166553.3989879544,333446.6010120454,66.6893202024091
1113057,Chris Rindov,150000.00000000006,483888.84157635155,333888.8415763515,222.59256105090094
536475,Moussa Sissako,349999.9999999997,683974.9274712196,333974.92747121985,95.42140784892004
16408,Orestis Karnezis,499999.99999999977,165763.75935758534,334236.2406424144,66.84724812848292
545332,Mikkel Kaufmann,1499999.9999999986,1834497.0115663286,334497.01156633,22.299800771088684
43934,Ionut Mazilu,600000.0000000003,264846.5007881254,335153.49921187497,55.85891653531247
486197,Yugo Tatsuta,749999.9999999998,414679.0270759096,335320.97292409017,44.70946305654537
215094,Nick Olij,2000000.0000000016,1664532.2807919455,335467.7192080561,16.77338596040279
979625,Paulo Vitor,499999.99999999977,835592.8213796049,335592.8213796051,67.11856427592106
533783,Maks Ebong,999999.9999999997,1335620.8314905085,335620.83149050886,33.5620831490509
217757,Jack Byrne,499999.99999999977,163842.63825906228,336157.36174093746,67.23147234818752
638262,Rodrigo Rodrigues,499999.99999999977,836401.5094880275,336401.5094880278,67.28030189760558
21750,Mark González,499999.99999999977,163519.76489598356,336480.2351040162,67.29604702080327
57404,Jean-Armel Kana-Biyik,249999.9999999998,586664.4371370756,336664.4371370758,134.66577485483043
542338,David Toshevski,600000.0000000003,937162.4993730674,337162.49937306705,56.19374989551115
817604,David Semenchuk,899999.9999999995,1237805.1634441314,337805.16344413185,37.533907049348
466765,Ismaila Soro,1200000.0000000005,1539031.0485204265,339031.04852042603,28.25258737670216
672202,Camilo,2000000.0000000016,1660833.3248815301,339166.6751184715,16.95833375592356
67431,Michal Zyro,100000.00000000004,439311.4584992034,339311.4584992033,339.3114584992032
5686,Laurent Pionnier,499999.99999999977,160414.38723435323,339585.61276564654,67.91712255312933
564621,Santeri Väänänen,899999.9999999995,560139.9995227196,339860.0004772799,37.762222275253336
290660,Sho Inagaki,549999.9999999998,209963.2338093107,340036.76619068906,61.8248665801253
1320139,Elkin Rivero,399999.9999999999,740327.3642532575,340327.36425325763,85.08184106331443
238030,Sung-yun Gu,499999.99999999977,159070.02129296807,340929.9787070317,68.18599574140637
732442,Agustín Auzmendi,1200000.0000000005,859045.9687902237,340954.03120977676,28.41283593414805
596148,Djevencio van der Kust,349999.9999999997,691194.7473378251,341194.7473378254,97.48421352509305
1092873,Muath Fagihy,349999.9999999997,691219.9232841971,341219.9232841974,97.49140665262792
351563,Yoichi Naganuma,499999.99999999977,841972.9455186817,341972.9455186819,68.39458910373641
28163,Francisco Rodríguez,499999.99999999977,157783.86270409485,342216.1372959049,68.44322745918102
90273,Román Golobart,100000.00000000004,442256.4685500885,342256.46855008847,342.2564685500883
345468,Andi Zeqiri,2000000.0000000016,1656843.5964460587,343156.4035539429,17.15782017769713
235275,Jordi Vanlerberghe,1200000.0000000005,856072.6216813269,343927.3783186736,28.660614859889456
1153358,Shion Shinkawa,800000.0000000005,456049.4906123458,343950.50938765466,42.99381367345681
990810,Jackson Travis,800000.0000000005,455849.78742632875,344150.2125736717,43.01877657170894
504243,Rasmus Wikström,1200000.0000000005,855204.5705286821,344795.4294713184,28.732952455943188
399887,Esteban Rolón,275000.0000000002,619904.7271881093,344904.72718810913,125.41990079567597
994267,Fidel Barajas,1800000.000000001,1454529.6169987938,345470.38300120714,19.192799055622608
562254,Kyle Taylor,199999.99999999997,545793.1263185287,345793.12631852867,172.89656315926436
704555,Israel Luna,749999.9999999998,1095918.360852569,345918.36085256934,46.12244811367593
103487,Dean Parrett,50000.000000000015,396674.47437714,346674.47437714,693.3489487542798
813296,Mark Natta,600000.0000000003,252805.21897173705,347194.78102826327,57.86579683804385
724940,Luka Kharatishvili,449999.99999999994,102601.71124675283,347398.2887532471,77.19961972294381
1342148,Romeo Arrhenius Leandersson,600000.0000000003,251614.07376736467,348385.9262326357,58.06432103877258
937973,Lovro Banovec,600000.0000000003,251358.73474023858,348641.26525976177,58.10687754329359
523364,Daniel dos Anjos,600000.0000000003,251043.2393639898,348956.76063601056,58.159460106001724
672802,Vyacheslav Velev,399999.9999999999,50994.6285679343,349005.3714320656,87.25134285801643
856184,Tomás Ángel,899999.9999999995,550749.5186643446,349250.481335655,38.80560903729502
178219,Thom Haye,899999.9999999995,550686.9069365516,349313.093063448,38.81256589593868
37579,Alexandre Pato,700000.0000000006,350246.9460902004,349753.0539098002,49.96472198711427
809682,Jona Niemiec,549999.9999999998,900083.4242356917,350083.4242356919,63.65153167921673
615599,Vuk Bogdanovic,150000.00000000006,500147.8295461672,350147.82954616717,233.43188636411134
311739,Guillermo Cotugno,600000.0000000003,249799.60017351533,350200.399826485,58.36673330441413
497719,China,499999.99999999977,149705.71175351934,350294.2882464804,70.05885764929612
501629,Leo Cornic,899999.9999999995,549244.3630069635,350755.636993036,38.972848554781805
1256755,João Ananias,499999.99999999977,851236.5209546764,351236.5209546767,70.24730419093537
892087,Kazper Karlsson,649999.9999999995,298722.7563058326,351277.24369416694,54.04265287602572
464530,Theocharis Tsingaras,899999.9999999995,1251296.6507912918,351296.6507912923,39.0329611990325
35208,Marcel Schmelzer,499999.99999999977,148240.9633629892,351759.0366370106,70.35180732740216
270377,Abdullah Al-Salem,225000.00000000015,577405.1617400874,352405.1617400873,156.6245163289276
194214,Gonçalo Silva,249999.9999999998,602442.9430532188,352442.943053219,140.97717722128772
121280,Steven Caulker,600000.0000000003,247437.6471656958,352562.35283430456,58.76039213905072
364945,Eric Ramírez,600000.0000000003,247312.30789494142,352687.69210505893,58.78128201750978
704155,Andréas Hountondji,3000000.000000001,2647302.7803085633,352697.21969143767,11.756573989714585
347100,Jonathan Cafu,449999.99999999994,803177.0288090642,353177.02880906424,78.48378417979205
258139,Slobodan Urosevic,600000.0000000003,246640.51239985847,353359.4876001419,58.89324793335695
610163,Florent Shehu,50000.000000000015,403418.173899253,353418.173899253,706.8363477985058
343963,Petar Micin,600000.0000000003,953650.4454578264,353650.445457826,58.941740909637645
265712,Yuanyi Li,150000.00000000006,503776.36446157,353776.36446156993,235.8509096410465
992605,Pablo Monje,600000.0000000003,246080.74168252136,353919.258317479,58.986543052913134
673626,Tucker Lepley,199999.99999999997,554223.929661865,354223.929661865,177.11196483093252
390163,Andrea Ghion,549999.9999999998,195499.84070310355,354500.1592968962,64.45457441761752
508639,Naci Ünüvar,999999.9999999997,645118.8129492555,354881.1870507442,35.488118705074434
370885,Konstantinos Galanopoulos,899999.9999999995,544994.4988628019,355005.5011371976,39.445055681910866
595028,Charles-Andreas Brym,349999.9999999997,705075.9354843575,355075.9354843578,101.45026728124517
433818,Scott Twine,3000000.000000001,2644628.3659266583,355371.63407334266,11.845721135778085
339758,Kevin Balanta,1499999.9999999986,1855771.6410916653,355771.64109166665,23.718109406111132
186239,Fabricio Pedrozo,150000.00000000006,505941.3193667117,355941.31936671166,237.29421291114102
1020838,Walter Núñez,899999.9999999995,544016.2468643073,355983.7531356922,39.55375034841027
716054,Cristian Ignat,700000.0000000006,343976.3778334229,356023.62216657767,50.86051745236819
147846,Nicolas Isimat-Mirin,324999.9999999999,681289.9024958543,356289.9024958544,109.62766230641678
531949,Ignatius Ganago,2000000.0000000016,2357198.0051240684,357198.0051240667,17.85990025620332
213751,Sebastian Schonlau,499999.99999999977,857603.214973027,357603.21497302724,71.52064299460548
656112,Matías Giménez,1699999.9999999988,1342144.0843682098,357855.915631789,21.050347978340543
387925,Ronaldo,2000000.0000000016,2358826.1007134253,358826.1007134237,17.94130503567117
278357,David Goldar,800000.0000000005,440968.24785825546,359031.752141745,44.8789690177181
412367,Weverson,800000.0000000005,440955.6733609615,359044.326639039,44.88054082987985
196978,Ivan Lakicevic,349999.9999999997,709118.1603075811,359118.16030758136,102.60518865930905
20081,Gelson Fernandes,1200000.0000000005,840393.6235662047,359606.3764337958,29.96719803614964
124895,Bart Schenkeveld,600000.0000000003,959765.4068083315,359765.40680833114,59.96090113472182
42787,Bajram Nebihi,124999.9999999999,485398.5510409473,360398.55104094744,288.3188408327582
263718,Martin Ellingsen,225000.00000000015,586198.3090183692,361198.30901836907,160.5325817859417
218058,Fakhreddine Ben Youssef,600000.0000000003,238338.77171648896,361661.22828351136,60.27687138058519
691906,Bento,8000000.000000002,7638236.602064053,361763.39793594927,4.522042474199365
1328288,Piero Cari,499999.99999999977,138123.26493304054,361876.7350669592,72.37534701339187
585264,Pedrão,1200000.0000000005,1562182.6895722968,362182.68957229634,30.181890797691352
317593,Patrick Joosten,249999.9999999998,612329.8287490383,362329.8287490385,144.93193149961553
970944,Jae-won Hwang,549999.9999999998,187270.23380394417,362729.76619605557,65.95086658110104
764863,Richie Omorowa,399999.9999999999,762824.0328435408,362824.0328435409,90.70600821088524
81999,Joselu,4999999.999999999,4636761.031661981,363238.9683380183,7.264779366760367
1274269,Bismark Edjeodji,499999.99999999977,863420.9854843959,363420.9854843961,72.68419709687926
508134,Juan Ignacio Méndez,399999.9999999999,763736.8602436631,363736.8602436632,90.93421506091582
423614,Gabriele Corbo,600000.0000000003,235963.2553044916,364036.74469550874,60.67279078258475
19446,Riccardo Montolivo,499999.99999999977,135756.599293245,364243.40070675476,72.84868014135098
291276,Marcin Listkowski,199999.99999999997,564519.2918673143,364519.29186731426,182.25964593365717
341535,Igor Vekic,499999.99999999977,865224.5531633414,365224.5531633416,73.04491063266836
295630,Dimitrios Giannoulis,3000000.000000001,3365474.365568518,365474.36556851724,12.182478852283904
335744,Miguel Campos,800000.0000000005,434370.48986996367,365629.5101300368,45.70368876625457
666616,Olakunle Olusegun,2499999.9999999995,2865869.991503898,365869.9915038985,14.634799660155945
245083,Jan Repas,700000.0000000006,334000.44123737654,365999.55876262404,52.28565125180339
43530,Adam Lallana,749999.9999999998,383825.85360943683,366174.14639056294,48.82321951874174
295483,Bashar Resan,800000.0000000005,433230.0175463367,366769.9824536638,45.84624780670794
37838,Dejan Lovren,399999.9999999999,766888.3991515401,366888.39915154024,91.72209978788509
493032,Tanel Tammik,249999.9999999998,617148.3309514353,367148.3309514355,146.8593323805743
253125,Joao Rodríguez,100000.00000000004,467314.09026145283,367314.0902614528,367.31409026145263
723621,Denys Kuzyk,2000000.0000000016,2367735.3939358285,367735.39393582684,18.386769696791326
294876,Kevin Méndez,499999.99999999977,132076.88256162443,367923.11743837537,73.5846234876751
1030395,Viggo Poulsen,100000.00000000004,468199.4531947558,368199.45319475577,368.1994531947556
537763,Jordi Martín,600000.0000000003,968707.3660007678,368707.36600076745,61.45122766679454
639245,Young-jun Goh,449999.99999999994,819170.0774984143,369170.0774984144,82.03779499964764
511802,Rocky Bushiri,999999.9999999997,630773.6061839138,369226.3938160859,36.922639381608604
289510,Samuel Bastien,299999.99999999977,670342.519352413,370342.51935241325,123.44750645080451
236981,Timo Hübers,1499999.9999999986,1129583.4948620945,370416.5051379041,24.694433675860296
122994,Thibaut Van Acker,600000.0000000003,229029.71651230427,370970.2834876961,61.82838058128265
63689,Fran Rico,600000.0000000003,228153.53907265546,371846.46092734486,61.97441015455743
401521,Braian Cufré,1200000.0000000005,828065.4985032349,371934.50149676553,30.99454179139712
296513,Nikita Medvedev,749999.9999999998,1122856.1357318193,372856.13573181955,49.71415143090929
1106650,Tochukwu Raymond,100000.00000000004,473046.1675788712,373046.1675788711,373.04616757887095
900040,Raul Bălbărău,499999.99999999977,126775.211354423,373224.7886455768,74.64495772911539
626854,Kevin Höög Jansson,399999.9999999999,773607.796232905,373607.7962329051,93.40194905822631
288690,Manprit Sarkaria,600000.0000000003,973938.819277953,373938.81927795266,62.32313654632541
351072,Vahid Selimovic,299999.99999999977,674020.3145750765,374020.3145750767,124.67343819169233
74960,Martin Dúbravka,499999.99999999977,874118.4731902834,374118.47319028364,74.82369463805676
1190215,Joan Gómez,199999.99999999997,574532.93958278,374532.93958278,187.26646979139002
409553,Franco Ferrari,600000.0000000003,225445.3781184444,374554.62188155594,62.42577031359262
398726,Ilya Stefanovich,499999.99999999977,874633.3706822477,374633.3706822479,74.92667413644962
1124880,Andreas Verstraeten,999999.9999999997,625325.6475402935,374674.35245970613,37.46743524597063
97335,Igor Plastun,700000.0000000006,325004.0730380211,374995.9269619795,53.57084670885417
3916,Péguy Luyindula,600000.0000000003,224713.80703796595,375286.1929620344,62.547698827005696
1270723,Joel Godoy,600000.0000000003,224634.14944666452,375365.85055333585,62.560975092222606
820381,Mohamed Brahimi,800000.0000000005,424181.9566331384,375818.04336686205,46.97725542085773
945935,Ettson Ayón,999999.9999999997,624128.1795605012,375871.8204394984,37.58718204394985
48508,Makhach Gadzhiev,1200000.0000000005,823830.8822566123,376169.11774338817,31.34742647861567
265051,Ondrej Mihalik,499999.99999999977,876723.8075074698,376723.80750747,75.34476150149403
232854,Abdallah Ndour,899999.9999999995,522964.6913906339,377035.30860936566,41.89281206770732
395602,Alexandre Olliero,150000.00000000006,527115.9154375298,377115.91543752974,251.4106102916864
490224,Ismaila Coulibaly,700000.0000000006,1077443.7381950268,377443.7381950262,53.92053402786083
340339,Jorge Sáenz,999999.9999999997,622400.5315456477,377599.468454352,37.75994684543521
618408,Maxen Kapo,100000.00000000004,477683.2918418056,377683.29184180556,377.6832918418054
656389,Adonis Preciado,1200000.0000000005,1577754.9145339618,377754.91453396133,31.479576211163433
212209,Renê,399999.9999999999,778013.8619496367,378013.86194963683,94.50346548740923
846367,Miguel Ramírez,100000.00000000004,478163.68899181153,378163.6889918115,378.16368899181134
978950,Jhomier Guerrero,800000.0000000005,421763.49862453697,378236.5013754635,47.279562671932915
61823,Tommy Forecast,50000.000000000015,429142.3030257622,379142.3030257622,758.2846060515242
422893,Moataz Zemzemi,800000.0000000005,420736.90004260914,379263.0999573913,47.407887494673886
880330,Moïse Sahi Dion,700000.0000000006,320502.22471563565,379497.77528436494,54.21396789776638
175745,Brad Smith,850000.0000000005,470407.35909903015,379592.6409009703,44.65795775305531
681814,Allan Godói,100000.00000000004,480526.5499823003,380526.54998230026,380.52654998230014
251345,Görkem Sağlam,800000.0000000005,419115.1541398422,380884.84586015827,47.61060573251976
7631,Carlos Gurpegui,499999.99999999977,881426.3194018388,381426.31940183905,76.28526388036785
128897,Saido Berahino,600000.0000000003,218289.5686132909,381710.43138670945,63.6184052311182
206906,Dominik Baumgartner,600000.0000000003,981733.051192255,381733.05119225464,63.62217519870907
404321,Renato Kayzer,999999.9999999997,618256.7198619866,381743.28013801307,38.17432801380132
344600,Michaël Cuisance,2000000.0000000016,1618097.4595458983,381902.5404541034,19.095127022705153
975138,Korede Osundina,349999.9999999997,732256.1249574738,382256.1249574741,109.21603570213556
619884,Emil Engqvist,399999.9999999999,782543.4043140695,382543.40431406966,95.63585107851745
203532,Naby Sarr,899999.9999999995,516657.25994261284,383342.7400573867,42.5936377841541
298635,Grigoris Kastanos,1299999.9999999993,916028.7354229664,383971.2645770329,29.536251121310237
1304982,Efraim Bödő,449999.99999999994,65956.95107909398,384043.048920906,85.34289976020133
59606,Craig Cathcart,600000.0000000003,215405.37199771983,384594.6280022805,64.09910466704672
189604,Sidrit Guri,150000.00000000006,534736.9949110243,384736.9949110243,256.49132994068276
193469,Björn Engels,100000.00000000004,484763.5967643129,384763.5967643128,384.76359676431264
763349,Gi-hyuk Lee,800000.0000000005,415146.5538220878,384853.44617791264,48.10668077223905
651269,Armin Gigovic,2499999.9999999995,2885659.6727073914,385659.6727073919,15.426386908295678
662451,José Caicedo,3499999.9999999995,3113688.368355614,386311.6316443854,11.037475189839583
919438,True Grant,499999.99999999977,113589.40403526115,386410.59596473863,77.28211919294776
702911,Luis Asué,1499999.9999999986,1113318.1672111503,386681.8327888483,25.778788852589912
923530,Julian Gonstad,800000.0000000005,413305.4356115531,386694.5643884474,48.33682054855589
520994,Lucas Ventura,499999.99999999977,887299.3050377932,387299.30503779347,77.45986100755873
3630,Paul Robinson,249999.9999999998,637739.6912318546,387739.69123185484,155.09587649274206
854085,Ivan Mensah,249999.9999999998,637853.8767536012,387853.8767536015,155.1415507014407
803951,Luka Izderic,700000.0000000006,311870.1200648195,388129.87993518106,55.447125705025826
608448,Stefan Bodisteanu,700000.0000000006,311391.10119939834,388608.89880060224,55.515556971514556
279869,Spyros Risvanis,600000.0000000003,211227.29155866656,388772.7084413338,64.79545140688893
796300,Alfie Dorrington,499999.99999999977,110434.74074110673,389565.259258893,77.91305185177863
538566,Valon Ethemi,1499999.9999999986,1110319.3342498797,389680.6657501189,25.978711050007952
427161,Lebo Mothiba,1499999.9999999986,1889798.6245434,389798.6245434014,25.986574969560117
1049151,Dembo Sylla,999999.9999999997,609854.9105676982,390145.08943230147,39.01450894323016
794617,Yan Kostenko,800000.0000000005,1190513.7863775268,390513.78637752635,48.814223297190765
930768,Matteo Spinaccè,999999.9999999997,609377.8670968782,390622.1329031214,39.06221329031215
421780,Edoardo Vergani,449999.99999999994,59333.025224803896,390666.97477519605,86.81488328337691
496996,Attila Mocsi,2000000.0000000016,2391585.4129838096,391585.41298380797,19.579270649190384
574772,Lázaro,2000000.0000000016,2391719.0182770453,391719.0182770437,19.58595091385217
466602,Karamoko Dembélé,899999.9999999995,507230.465071976,392769.5349280235,43.64105943644708
212849,Iván Calero,700000.0000000006,307169.75695992674,392830.24304007384,56.11860614858193
133734,David Pavelka,700000.0000000006,307090.00535617705,392909.99464382353,56.129999234831885
342240,Thijmen Goppel,600000.0000000003,206998.98101243487,393001.0189875655,65.50016983126088
107350,Fraser Fyvie,199999.99999999997,593501.9461398792,393501.9461398792,196.75097306993962
306222,Sergen Picinciol,499999.99999999977,106052.99495826759,393947.00504173216,78.78940100834647
585339,Pape Habib Guèye,1200000.0000000005,1594422.612278152,394422.61227815156,32.86855102317928
837432,Umarali Rakhmonaliev,600000.0000000003,994536.8960134584,394536.896013458,65.7561493355763
339980,Hovhannes Harutyunyan,299999.99999999977,694587.476704733,394587.4767047332,131.52915890157783
297034,Ilya Petrov,1200000.0000000005,805285.4793827093,394714.5206172912,32.89287671810759
460848,Anton Tanghe,700000.0000000006,1094866.264465655,394866.2644656544,56.409466352236294
130756,Giannelli Imbula,124999.9999999999,520010.38516861293,395010.38516861305,316.0083081348907
992822,Yanis Pîrvu,649999.9999999995,254857.77674303265,395142.2232569669,60.79111127030264
82410,Bryan Linssen,299999.99999999977,695755.88776996,395755.8877699602,131.9186292566535
391127,Viv Solomon-Otabor,749999.9999999998,354067.8096641357,395932.1903358641,52.79095871144857
1142432,Tomás Pérez,299999.99999999977,696344.7698456416,396344.7698456418,132.1149232818807
179451,Donald Love,249999.9999999998,646351.9848301742,396351.9848301745,158.54079393206993
4424,Nicky Hofs,999999.9999999997,603278.444947189,396721.5550528107,39.67215550528108
929603,Miguel Monteiro,199999.99999999997,596748.724795482,396748.724795482,198.374362397741
809242,Yann Massombo,800000.0000000005,403241.3286584927,396758.67134150775,49.59483391768844
35664,Mesut Özil,700000.0000000006,303043.03127365746,396956.9687263431,56.70813838947755
148657,Tomas Kalas,899999.9999999995,502957.29414434027,397042.70585565927,44.11585620618438
267382,Denis Yakuba,249999.9999999998,647092.910470374,397092.9104703743,158.83716418814984
1339333,Jesús Maraude,499999.99999999977,102427.42823363302,397572.5717663667,79.51451435327338
29170,Javier Camuñas,1200000.0000000005,801564.4824677891,398435.5175322114,33.20295979435093
289713,Mamadou Fall,1200000.0000000005,1598954.6803951133,398954.68039511284,33.24622336625939
560797,Jin-woo Jeon,700000.0000000006,300192.7572609673,399807.2427390333,57.115320391290425
74418,Jackson Martínez,700000.0000000006,300134.0307638257,399865.9692361749,57.12370989088208
668950,Luca Kjerrumgaard,549999.9999999998,149673.04113352654,400326.95886647323,72.78671979390425
50362,Fabian Delph,1800000.000000001,1399671.161395452,400328.83860454895,22.24049103358604
30697,Ron Vlaar,600000.0000000003,199624.03493274684,400375.9650672535,66.72932751120888
168157,Leander Dendoncker,1800000.000000001,1399549.9292057063,400450.0707942946,22.24722615523858
18533,Michael Parensen,249999.9999999998,650710.1504624123,400710.1504624125,160.2840601849651
343492,Oleg Kozhushko,600000.0000000003,198864.94342602268,401135.0565739777,66.85584276232957
1073,Manuel Friedrich,499999.99999999977,901197.3141527735,401197.3141527737,80.23946283055477
637669,Emre Demir,449999.99999999994,48273.05496151484,401726.9450384851,89.2726544529967
46845,Carlo Costly,474999.99999999977,72366.28478679211,402633.71521320764,84.76499267646481
1213685,Joachim Nysveen,249999.9999999998,652784.8836424259,402784.8836424261,161.11395345697056
3755,Óscar Ustari,600000.0000000003,196923.0551195608,403076.94488043955,67.17949081340655
254290,Raphael Dwamena,700000.0000000006,296496.574471127,403503.4255288736,57.64334650412475
193883,Paul McMullan,499999.99999999977,95592.37490137934,404407.6250986204,80.88152501972412
553422,Carlos Rotondi,3000000.000000001,3404543.8460374475,404543.8460374465,13.484794867914879
918824,Ruslan Bart,299999.99999999977,704614.3425155982,404614.3425155984,134.87144750519957
649400,Jansen Miller,800000.0000000005,395085.3413741526,404914.6586258479,50.61433232823096
554565,Ivan Dolcek,899999.9999999995,494831.3576652066,405168.64233479294,45.01873803719924
652633,Lewis Neilson,600000.0000000003,194529.01478599815,405470.9852140022,67.578497535667
670965,Vitinho,4999999.999999999,5405502.60764148,405502.60764148086,8.110052152829619
277167,Gian Marco Ferrari,1400000.0000000007,1805535.1743507716,405535.1743507709,28.966798167912195
836253,Siro Rosané,600000.0000000003,194352.5533235902,405647.44667641015,67.60790777940166
809240,Robert Sălceanu,299999.99999999977,705891.8522409562,405891.8522409564,135.2972840803189
257455,João Palhinha,15000000.00000001,14593025.704345444,406974.2956545651,2.713161971030432
5672,Étienne Didot,249999.9999999998,657190.4882875847,407190.488287585,162.87619531503412
151334,George Long,600000.0000000003,192453.45049514069,407546.54950485966,67.92442491747657
420890,Dimitri Lavalée,1499999.9999999986,1092218.6414824817,407781.35851751687,27.185423901167816
441422,Maximiliano Lovera,449999.99999999994,857884.5700609538,407884.5700609539,90.64101556910089
141224,Mohamed Ibrahim,600000.0000000003,191816.0456523346,408183.9543476658,68.03065905794425
189151,Stelios Kitsiou,549999.9999999998,958278.224808046,408278.22480804625,74.23240451055389
342152,Roberts Uldrikis,549999.9999999998,958520.6823237636,408520.68232376385,74.27648769522982
263381,Mátyás Tajti,199999.99999999997,608650.5129929218,408650.51299292175,204.32525649646092
782763,Bong-soo Kim,899999.9999999995,490904.2336117771,409095.76638822246,45.455085154246966
354106,Kei Chinen,800000.0000000005,390742.4838521519,409257.51614784857,51.15718951848104
155597,Erik Sabo,600000.0000000003,190439.22858755905,409560.7714124413,68.26012856874017
886613,Julián Palacios,600000.0000000003,190341.96520696988,409658.03479303047,68.2763391321717
33820,Kamil Zayatte,749999.9999999998,340148.13998620876,409851.860013791,54.64691466850549
1150567,José Pachuca,999999.9999999997,590091.5197018968,409908.48029810283,40.990848029810294
1379907,Nonso Adimabua,150000.00000000006,560178.9291418191,410178.92914181907,273.4526194278793
40423,Claudio Bravo,800000.0000000005,389674.27731872187,410325.7226812786,51.290715335159796
119120,Robert Leipertz,800000.0000000005,389362.8384170335,410637.161582967,51.329645197870846
364603,José Manuel Arnáiz,899999.9999999995,1311761.0410287473,411761.0410287478,45.751226780972004
241307,Finn Porath,600000.0000000003,187942.11538694988,412057.8846130505,68.67631410217504
335593,Ben Barclay,150000.00000000006,562419.092969222,412419.09296922194,274.9460619794812
387378,Luther Singh,800000.0000000005,387262.59277213016,412737.4072278703,51.59217590348376
307781,Lynden Gooch,1200000.0000000005,786077.3834943402,413922.61650566023,34.49355137547167
275457,Kylian Hazard,600000.0000000003,185811.63481265368,414188.3651873467,69.03139419789107
134416,Matthias Fanimo,150000.00000000006,564742.629156186,414742.62915618595,276.49508610412386
704825,Alessandro Dellavalle,800000.0000000005,384943.0737514828,415056.92624851764,51.88211578106468
989455,Alan Saldivia,1200000.0000000005,1615603.5756113783,415603.57561137783,34.63363130094814
294987,Andrija Vukcevic,499999.99999999977,916280.9201833941,416280.92018339434,83.2561840366789
722457,Fabrício,100000.00000000004,516483.8498063905,416483.84980639047,416.48384980639025
814992,Runar Norheim,2199999.9999999995,1783005.416046251,416994.58395374846,18.954299270624933
900470,Aleksandre Narimanidze,1200000.0000000005,782602.3429949073,417397.6570050932,34.783138083757756
625657,Unai Marrero,999999.9999999997,1417671.6174015952,417671.6174015956,41.76716174015957
371256,Tetê,8999999.999999996,9417881.964069657,417881.96406966075,4.643132934107343
334477,Denis Adamov,3499999.9999999995,3082053.655801727,417946.34419827256,11.941324119950645
1103958,Prosper Peter,15000000.00000001,14581477.43301892,418522.56698109023,2.7901504465405997
57522,Andrés Fernández,600000.0000000003,180293.2033892543,419706.79661074607,69.95113276845764
804812,Anthony Oyono,2000000.0000000016,2420507.455794191,420507.45579418936,21.02537278970945
40613,Jack Cork,800000.0000000005,379173.10471653106,420826.8952834694,52.60336191043364
683328,Yuta Miyamoto,800000.0000000005,379161.9790237547,420838.02097624575,52.604752622030695
183298,Chris Long,150000.00000000006,571226.9009010373,421226.9009010372,280.8179339340247
208166,Bartłomiej Drągowski,2000000.0000000016,1578278.7204017097,421721.27959829196,21.08606397991458
901766,Henrik Melland,999999.9999999997,578273.1698770699,421726.83012292976,42.172683012292985
520815,Ousseynou Ba,1200000.0000000005,1624200.8713863448,424200.8713863443,35.350072615528674
458777,Giacomo Quagliata,1699999.9999999988,2124636.6684095454,424636.6684095466,24.978627553502758
291129,Harry McKirdy,100000.00000000004,524719.5624860228,424719.56248602277,424.71956248602254
273054,Vincent Vermeij,700000.0000000006,275158.16326415876,424841.8367358418,60.69169096226307
209212,Solly March,999999.9999999997,575141.2254026047,424858.774597395,42.48587745973951
138850,Stefan Drazic,649999.9999999995,224872.24617515784,425127.7538248417,65.40426981920646
342218,Yhoan Andzouana,800000.0000000005,1225160.2968718696,425160.2968718691,53.14503710898361
63494,Étienne Capoue,1499999.9999999986,1925351.9272954268,425351.92729542824,28.356795153028575
331514,Bobby Adekanye,649999.9999999995,224560.57619303602,425439.4238069635,65.4522190472252
952979,Timothy Ouma,999999.9999999997,1426103.4362300138,426103.4362300142,42.610343623001434
1010300,David Vazquez,999999.9999999997,573377.5837073762,426622.4162926235,42.66224162926237
337092,Tim Siersleben,1800000.000000001,1372937.5402370326,427062.45976296836,23.725692209053786
217593,Todor Nedelev,999999.9999999997,572745.8316315816,427254.168368418,42.725416836841816
878037,Gabriel Grando,1499999.9999999986,1071530.2711381747,428469.7288618239,28.564648590788288
28140,Max Gradel,749999.9999999998,321119.572507247,428880.4274927528,57.18405699903373
307058,Mehdi Taremi,2000000.0000000016,2429203.3523065224,429203.3523065208,21.46016761532602
320859,Dejan Petrovic,999999.9999999997,1429768.007959559,429768.00795955944,42.97680079595596
106643,Liam Kelly,600000.0000000003,169794.96500552207,430205.0349944783,71.70083916574633
340310,Marc Bola,1499999.9999999986,1930877.928087206,430877.9280872075,28.725195205813858
16595,Juan Valera,2000000.0000000016,1569065.3255906955,430934.67440930614,21.546733720465287
36861,Damien Delaney,999999.9999999997,569014.8284668801,430985.1715331195,43.09851715331197
282734,Gerson Rodrigues,299999.99999999977,731147.3280997742,431147.32809977443,143.71577603325824
630924,Mateo García,999999.9999999997,568521.9874458215,431478.01255417813,43.147801255417825
1429020,Franco Domínguez,50000.000000000015,481601.2713424046,431601.2713424046,863.202542684809
858660,José Eulogio,199999.99999999997,631610.5057754486,431610.50577544863,215.80525288772435
1129395,Salim Laghzaoui,899999.9999999995,1331889.5211635665,431889.52116356697,47.98772457372969
727119,Szymon Weirauch,249999.9999999998,682079.4479926993,432079.44799269957,172.83177919707998
424022,Rustam Yatimov,2000000.0000000016,2432125.689927967,432125.68992796517,21.60628449639824
684062,Hianga'a Mbock,700000.0000000006,267514.376975082,432485.6230249186,61.783660432131185
994004,Bryan Romero,100000.00000000004,532733.5075002814,432733.5075002814,432.7335075002812
363901,Nik Tzanev,100000.00000000004,532788.9305103879,432788.9305103878,432.7889305103876
795430,Ethan Amundsen-Day,1200000.0000000005,766814.4613747639,433185.5386252366,36.09879488543637
316296,Maksim Maksimov,399999.9999999999,833231.667388073,433231.66738807317,108.30791684701833
587019,Fin Stevens,499999.99999999977,933296.2403737874,433296.2403737876,86.65924807475756
950872,Daniel Hernández,999999.9999999997,566651.2359585463,433348.76404145337,43.33487640414535
55472,Rafael Marques,600000.0000000003,166511.9900517903,433488.0099482101,72.24800165803498
329517,Georgios Masouras,1499999.9999999986,1066244.26537903,433755.7346209686,28.917048974731262
805835,Rémy Vita,399999.9999999999,834174.12399238,434174.1239923801,108.54353099809506
908661,Yuto Ozeki,700000.0000000006,265496.7269666571,434503.2730333435,62.07189614762044
178335,Dmitriy Zhivoglyadov,499999.99999999977,934761.6714226621,434761.67142266233,86.95233428453251
494954,Kirill Kaplenko,349999.9999999997,785003.7033179086,435003.70331790886,124.28677237654549
917402,Dzhamalutdin Abdulkadyrov,899999.9999999995,464397.514683277,435602.48531672254,48.40027614630253
448468,Jefferson Encada,399999.9999999999,835760.2840115052,435760.2840115053,108.94007100287635
44997,Ediz Bahtiyaroglu,499999.99999999977,63747.53324799759,436252.4667520022,87.25049335040048
85825,Jasmin Kurtic,800000.0000000005,363500.51089465665,436499.4891053438,54.562436138167946
1061763,Nikolai Skuseth,299999.99999999977,736552.3475958095,436552.3475958097,145.51744919860337
836892,Abdi Sabriye,100000.00000000004,537081.5423515327,437081.54235153267,437.08154235153245
740671,Tomás Escalante,75000.00000000004,512108.91614138515,437108.9161413851,582.8118881885131
314378,Admiral Muskwe,275000.0000000002,712306.7332737615,437306.7332737613,159.02063028136763
690478,Matthew Sorinola,749999.9999999998,312665.466909324,437334.5330906758,58.31127107875679
1241219,Kaly,399999.9999999999,837623.6446096255,437623.64460962557,109.40591115240643
892082,Alejandro Rodríguez,700000.0000000006,262255.56190478045,437744.43809522013,62.534919727888536
57500,César Azpilicueta,999999.9999999997,561611.0457395616,438388.9542604381,43.83889542604383
327402,Efkan Bekiroğlu,999999.9999999997,561318.9947138162,438681.00528618344,43.868100528618356
297784,Yan Eteki,800000.0000000005,360416.54909479,439583.45090521045,54.94793136315127
231381,Andrea Fulignati,649999.9999999995,210193.0608352997,439806.93916469987,67.66260602533849
702487,Stefan Stanisavljevic,899999.9999999995,459969.2397563121,440030.76024368743,48.89230669374307
1150821,Cristiano Oliveira,124999.9999999999,565070.3784704959,440070.37847049604,352.0563027763971
314366,Kyle Edwards,349999.9999999997,790168.7426097743,440168.74260977464,125.76249788850716
457673,Gabriel Strefezza,6499999.999999999,6941017.731176889,441017.7311768895,6.784888171952147
34361,André Luiz,399999.9999999999,841297.5334765804,441297.5334765805,110.32438336914517
357165,João Lameira,800000.0000000005,358514.3956668331,441485.6043331674,55.185700541645886
686447,Jair González,299999.99999999977,742160.0528828737,442160.0528828739,147.38668429429143
1165083,Jay Gupta,100000.00000000004,542275.108873746,442275.10887374595,442.27510887374575
500055,Denny Samko,749999.9999999998,306934.1586017029,443065.8413982969,59.07544551977294
941357,Ethan Alagich,899999.9999999995,456251.14255515434,443748.8574448452,49.30542860498283
349699,Kyle Duncan,1200000.0000000005,755234.250876095,444765.74912390544,37.0638124269921
60394,Philipp Klement,600000.0000000003,154666.15710180692,445333.8428981934,74.22230714969885
673858,Shunta Tanaka,1200000.0000000005,754071.2762154331,445928.7237845673,37.160726982047265
406296,Augusto Lotti,499999.99999999977,946768.1588992856,446768.15889928583,89.35363177985721
840764,Bruno Cabrera,700000.0000000006,1146897.095986717,446897.09598671633,63.84244228381657
127151,Hugo Rodriguez,700000.0000000006,252974.57155860082,447025.42844139977,63.86077549162849
1111025,Baboucarr Faal,2499999.9999999995,2947055.6550298235,447055.655029824,17.882226201192964
368942,Alexandru Mățan,1800000.000000001,2247413.2458109483,447413.2458109474,24.856291433941507
1083607,Dudu,1200000.0000000005,1647619.1227706762,447619.1227706757,37.30159356422296
216375,Felipe Avenatti,499999.99999999977,947759.3562710452,447759.3562710454,89.55187125420913
566571,Oliver Bundgaard,899999.9999999995,452166.52507953433,447833.4749204652,49.759274991162826
988468,Steven Baseya,399999.9999999999,847833.637510071,447833.63751007116,111.95840937751782
606893,Ermal Krasniqi,999999.9999999997,1448077.2457529134,448077.24575291376,44.80772457529139
35491,Mariano Andújar,499999.99999999977,51879.857325357625,448120.14267464215,89.62402853492847
103381,Tiquinho Soares,800000.0000000005,351517.0042293039,448482.99577069655,56.060374471337035
84993,Daniel Heuer Fernandes,1200000.0000000005,1649409.6393888013,449409.63938880083,37.45080328240005
76746,Damián Suárez,649999.9999999995,200575.917514989,449424.0824850105,69.14216653615551
225432,Zé Rafael,1499999.9999999986,1049872.0725211797,450127.9274788189,30.008528498587957
683014,Itsuki Someno,700000.0000000006,248664.6590977366,451335.340902264,64.47647727175195
901079,Ziyad Al-Johani,800000.0000000005,348303.9520565953,451696.04794340517,56.46200599292561
288499,Ewandro Costa,649999.9999999995,197995.4265386144,452004.5734613851,69.53916514790545
1086461,William Kirk,499999.99999999977,47616.895551824105,452383.10444817564,90.47662088963517
397003,Alan Mozo,2499999.9999999995,2046765.2079954767,453234.79200452287,18.129391680180916
25101,Rúben Amorim,749999.9999999998,295439.13113340863,454560.86886659113,60.60811584887884
108820,Ulises Dávila,700000.0000000006,245084.19476250667,454915.80523749394,64.9879721767848
814445,Lorenzo Ignacchiti,600000.0000000003,144879.14074220456,455120.8592577958,75.85347654296592
402079,Ignacio Ramírez,1499999.9999999986,1955277.2962484504,455277.2962484518,30.351819749896812
490386,Jay-Dee Geusens,600000.0000000003,144574.0488796912,455425.9511203092,75.90432518671815
39883,Morgan Amalfitano,499999.99999999977,955669.305079205,455669.3050792052,91.13386101584108
1144627,Kento Shiogai,8000000.000000002,8455728.1355543,455728.13555429876,5.696601694428733
709830,Francis Ezeh,225000.00000000015,681247.695379502,456247.6953795019,202.77675350200073
381689,Mehmet Yeşil,749999.9999999998,1206930.4611767237,456930.46117672394,60.924061490229874
703626,Cameron Peupion,349999.9999999997,806935.8348702432,456935.8348702435,130.55309567721253
84535,Eduardo Salvio,749999.9999999998,292808.50220167934,457191.49779832043,60.95886637310941
214770,Borja López,299999.99999999977,757937.600170616,457937.6001706162,152.64586672353883
181410,Jure Balkovec,1200000.0000000005,741793.4644539835,458206.535546017,38.18387796216807
54149,Jonathan,800000.0000000005,341689.66861611855,458310.3313838819,57.288791422985206
842479,Kenneth Vargas,700000.0000000006,241496.4149911741,458503.58500882646,65.500512144118
398971,Samuel Brolin,749999.9999999998,291240.3913171017,458759.60868289805,61.167947824386424
449722,Egor Golenkov,1699999.9999999988,2158763.372453036,458763.37245303695,26.986080732531605
149516,Atinc Nukan,549999.9999999998,90052.15447685165,459947.84552314813,83.62688100420878
1173015,Issa Kane,25000.000000000004,485439.57765701436,460439.57765701436,1841.758310628057
173573,Robin Lod,999999.9999999997,539091.2656633102,460908.73433668946,46.09087343366896
960458,Konstantin Aleksa,999999.9999999997,538638.1202006775,461361.8797993221,46.136187979932224
534024,Gabriel Barbosa,150000.00000000006,611362.8172529674,461362.81725296733,307.57521150197806
649087,Amadou Dante,1200000.0000000005,738357.9078978947,461642.09210210573,38.47017434184213
102740,Mário Fernandes,1499999.9999999986,1038286.144869964,461713.8551300346,30.78092367533567
1118086,Sebastian Esposito,600000.0000000003,137870.15074379745,462129.8492562029,77.02164154270045
1027881,Ian Glavinovich,1200000.0000000005,737630.20627977,462369.79372023046,38.530816143352524
1264666,Xander Dierckx,3000000.000000001,2537352.2218642673,462647.7781357337,15.42159260452445
1048118,Arda Ünyay,999999.9999999997,535744.6926973398,464255.30730265984,46.425530730266004
121398,Tommy Smith,700000.0000000006,1164737.8922763588,464737.8922763582,66.39112746805111
594105,Pedro Augusto,499999.99999999977,964859.6657197126,464859.66571971285,92.9719331439426
247596,Kenneth Paal,2000000.0000000016,1535121.2503627231,464878.7496372785,23.243937481863906
262939,Johan Mojica,1499999.9999999986,1034502.5321043372,465497.46789566136,31.033164526377455
631904,Anselmo García MacNulty,1499999.9999999986,1034449.94714231,465550.0528576886,31.036670190512606
422930,Elias Sørensen,1200000.0000000005,734238.780670803,465761.2193291974,38.813434944099775
20410,Jussiê,499999.99999999977,965915.0015386693,465915.0015386696,93.18300030773395
982519,Kyle Hiebert,999999.9999999997,533800.6151882865,466199.3848117131,46.61993848117133
583055,Tyron Owusu,1499999.9999999986,1032986.5040842686,467013.49591573,31.1342330610487
940135,Christos Papadopoulos,600000.0000000003,132837.78474668338,467162.215253317,77.86036920888611
143798,Pavel Kaderabek,999999.9999999997,531928.7456718176,468071.2543281821,46.807125432818225
287578,Sam Adekugbe,499999.99999999977,968179.806896856,468179.8068968563,93.6359613793713
72441,Rafael Tolói,800000.0000000005,331156.8663388935,468843.133661107,58.60539170763835
670111,Dennis Gjengaar,999999.9999999997,1469181.5024208906,469181.50242089096,46.91815024208911
944724,Ali Youssif,2499999.9999999995,2030574.196312874,469425.80368712544,18.77703214748502
69400,Weverton,700000.0000000006,230282.41137803387,469717.5886219667,67.1025126602809
175996,Sebastian Lletget,2000000.0000000016,2469829.406751883,469829.4067518816,23.491470337594063
160506,Josip Radosevic,800000.0000000005,330147.74159587134,469852.2584041291,58.73153230051611
26,Roman Weidenfeller,749999.9999999998,279432.95720973314,470567.0427902666,62.742272372035565
944822,Marcus Rafferty,649999.9999999995,179396.857274159,470603.14272584056,72.40048349628321
349300,Sead Haksabanovic,2499999.9999999995,2970774.604875709,470774.6048757094,18.830984195028382
690429,Robert Wagner,1400000.0000000007,929154.1217002892,470845.8782997115,33.63184844997938
247377,Kevin Bonifazi,299999.99999999977,770903.2808693823,470903.28086938255,156.9677602897943
659775,Kegan Johannes,700000.0000000006,228735.87482361298,471264.1251763876,67.32344645376959
733101,So Kawahara,899999.9999999995,428470.76666282554,471529.233337174,52.392137037463804
313944,Aslak Witry,700000.0000000006,1171909.567225217,471909.5672252163,67.41565246074514
861568,Noah Åstrand John,299999.99999999977,771969.0627177731,471969.06271777337,157.32302090592458
930780,Thomas Berenbruch,1200000.0000000005,727554.4833940925,472445.51660590793,39.37045971715898
697917,Melih Bostan,800000.0000000005,326411.7125048895,473588.28749511094,59.19853593688883
225873,Karol Linetty,1200000.0000000005,1674214.1659876944,474214.16598769394,39.51784716564114
422051,Nikola Katic,1800000.000000001,1325513.2142226927,474486.7857773083,26.360376987628225
459318,Iván Gómez,999999.9999999997,1474514.1305692457,474514.130569246,47.45141305692462
56747,Onur Kivrak,1499999.9999999986,1025443.8681553024,474556.13184469624,31.637075456313113
651002,Giacomo Faticanti,800000.0000000005,325339.68829372956,474660.3117062709,59.33253896328383
140554,Martin Boyle,299999.99999999977,775424.7857869973,475424.7857869975,158.47492859566597
276896,Samuel Gigot,1200000.0000000005,724395.5949272374,475604.4050727631,39.63370042273024
902444,Maximiliano Zelaya,10000.00000000001,485642.86831344524,475642.86831344524,4756.428683134448
120785,Knowledge Musona,700000.0000000006,221825.38574857573,478174.61425142485,68.31065917877493
384844,Mathieu Scalet,199999.99999999997,678250.9694690413,478250.96946904133,239.12548473452068
1004681,Tony Strata,2000000.0000000016,2478708.2284057466,478708.228405745,23.93541142028723
341647,Cengiz Ünder,4000000.0000000005,3519826.3912813463,480173.60871865414,12.004340217966353
1104139,Victor Ekström,50000.000000000015,530468.5676257672,480468.5676257672,960.9371352515341
734487,Calem Nieuwenhof,800000.0000000005,318723.317110566,481276.68288943445,60.15958536117927
834487,Hugo Rincón,3499999.9999999995,3018706.0671836417,481293.9328163578,13.75125522332451
345454,Mateusz Skrzypczak,600000.0000000003,1083195.5047249647,483195.5047249644,80.53258412082735
4317,Maxwell,999999.9999999997,516108.4983424716,483891.50165752805,48.38915016575282
335298,Sondre Brunstad Fet,1800000.000000001,1315206.4538064455,484793.54619355546,26.932974788530846
84545,Marco Parolo,999999.9999999997,515104.22870783124,484895.7712921684,48.48957712921686
251897,Asier Villalibre,2499999.9999999995,2985266.4805350117,485266.4805350122,19.410659221400493
583822,Agustín Ocampo,199999.99999999997,685356.8814080729,485356.8814080729,242.6784407040365
322990,Benjamin Källman,899999.9999999995,413466.9389526132,486533.0610473863,54.05922900526517
568,Martin Stranzl,999999.9999999997,513419.1623455982,486580.83765440143,48.65808376544016
413983,Diego Valoyes,1499999.9999999986,1987322.5359996133,487322.53599961475,32.488169066641014
213672,Tom Rogic,800000.0000000005,312461.70835246984,487538.2916475306,60.9422864559413
220878,Issiaga Sylla,700000.0000000006,212376.96258971715,487623.03741028346,69.66043391575472
742034,Léo Linck,2499999.9999999995,2011665.1000561882,488334.89994381135,19.53339599775246
412046,Ivan Chapela,600000.0000000003,110576.38193228171,489423.61806771863,81.5706030112864
655247,Moritz Wels,800000.0000000005,310401.763068354,489598.2369316465,61.19977961645577
167501,Fábio Tavares,249999.9999999998,739833.5945119278,489833.59451192804,195.93343780477136
543774,Mihály Kata,899999.9999999995,408831.95227544266,491168.0477245569,54.57422752495079
61575,Eric Lichaj,899999.9999999995,408414.91901055793,491585.0809894416,54.62056455438243
208095,Dino Islamovic,499999.99999999977,993301.4161814322,493301.41618143243,98.66028323628653
953990,Guillermo Enrique,700000.0000000006,206539.28800785134,493460.71199214924,70.49438742744984
379168,Noah Fadiga,2000000.0000000016,1505798.6589058198,494201.3410941819,24.71006705470907
221958,Roman Yaremchuk,3499999.9999999995,3994937.997978967,494937.9979789676,14.141085656541932
909663,Heine Gikling Bruseth,899999.9999999995,1395053.1841163435,495053.18411634397,55.005909346260474
590914,Bandiougou Fadiga,150000.00000000006,645254.317617697,495254.3176176969,330.16954507846447
157396,Rob Schoofs,2000000.0000000016,1504565.9405531548,495434.05944684683,24.77170297234232
822074,Mitja Ilenic,1200000.0000000005,704300.7728309397,495699.22716906073,41.30826893075504
515653,Daiju Sasaki,999999.9999999997,504178.3669623177,495821.6330376819,49.58216330376821
196834,David Kinsombi,749999.9999999998,251114.71824375147,498885.2817562483,66.5180375674998
893929,Erik Flataker,600000.0000000003,1099554.528564455,499554.52856445464,83.25908809407572
542168,Jaroensak Wonggorn,249999.9999999998,749658.6649809658,499658.664980966,199.86346599238658
342385,Guido Rodríguez,4000000.0000000005,3500075.38139792,499924.61860208027,12.498115465052004
472873,Logi Tómasson,3000000.000000001,2499696.4156973925,500303.5843026084,16.676786143420273
399348,Vahan Bichakhchyan,700000.0000000006,1200595.664426519,500595.6644265185,71.51366634664544
45333,James McCarthy,199999.99999999997,701080.9704463484,501080.9704463484,250.54048522317424
1006054,Daniel Arcila,1200000.0000000005,1701214.268330734,501214.2683307335,41.76785569422778
658269,Víctor Meseguer,1499999.9999999986,2001423.7317130703,501423.7317130717,33.42824878087148
99227,Andrea Bertolacci,399999.9999999999,902996.8103111977,502996.81031119777,125.74920257779947
538045,Kays Ruiz-Atil,749999.9999999998,246217.7403256767,503782.259674323,67.17096795657642
1210233,Hüseyin Maldar,700000.0000000006,195719.89705718536,504280.1029428152,72.0400147061164
1075579,Mathys Angély,999999.9999999997,495437.0337651635,504562.96623483615,50.45629662348363
828385,Masaya Shibayama,800000.0000000005,294762.1361758888,505237.86382411164,63.15473297801392
662739,Gonzalo Tapia,3499999.9999999995,2993958.2184991925,506041.78150080703,14.458336614308775
565045,Victor Olatunji,2000000.0000000016,1493415.080053314,506584.9199466875,25.329245997334354
741931,Max Ejdum,2000000.0000000016,1493341.0540648012,506658.94593520043,25.33294729676
267383,Rifat Zhemaletdinov,1200000.0000000005,693075.2614817633,506924.73851823714,42.243728209853074
276523,Pengfei Han,100000.00000000004,607054.3775920442,507054.3775920441,507.05437759204386
863919,Yvan Dibango,1299999.9999999993,792533.8193295881,507466.1806704112,39.03586005157011
562665,Nikolas Panagiotou,999999.9999999997,491220.02963456116,508779.9703654385,50.87799703654387
953522,Ime Ndon,199999.99999999997,708829.1747914446,508829.17479144456,254.41458739572232
188157,Sebastián Cristóforo,800000.0000000005,290627.03097348404,509372.9690265164,63.67162112831451
47285,Ibrahima Traoré,600000.0000000003,1109913.6356670181,509913.6356670178,84.98560594450292
333355,Milad Mohammadi,1299999.9999999993,789849.1107252333,510150.88927476597,39.24237609805894
255473,Samuel Gustafson,1400000.0000000007,889794.0238408811,510205.97615911963,36.44328401136567
507412,Nils Reichmuth,999999.9999999997,489596.5108004173,510403.4891995824,51.040348919958255
7602,Thiago Motta,999999.9999999997,488809.3856308038,511190.6143691958,51.1190614369196
745937,Sebastián Navarro,700000.0000000006,187004.48554598266,512995.5144540179,73.28507349343107
947524,Viktor Baier,649999.9999999995,136802.84131214026,513197.1586878593,78.95340902890149
371640,Jóannes Danielsen,199999.99999999997,713327.0443259561,513327.04432595614,256.6635221629781
908390,Moisés Brandán,75000.00000000004,588469.3288824267,513469.32888242666,684.6257718432352
538919,Matías Fonseca,349999.9999999997,863572.5666166829,513572.5666166832,146.73501903333818
426325,Pablo Sabbag,999999.9999999997,486417.8753073427,513582.124692657,51.358212469265716
1010446,Héctor Cuellar,749999.9999999998,235962.1965662453,514037.8034337545,68.53837379116729
371436,Francisco Sierralta,1200000.0000000005,1715072.875861303,515072.8758613025,42.92273965510852
111621,Dani Ojeda,899999.9999999995,384534.5663574465,515465.43364255305,57.27393707139481
560996,Muhsen Al-Ghassani,800000.0000000005,283679.7785953652,516320.2214046353,64.54002767557937
1457367,Ali Badra Diabaté,999999.9999999997,483535.2478212826,516464.75217871706,51.646475217871725
1020859,Mohammed Sulaiman,649999.9999999995,133499.29202028425,516500.7079797153,79.46164738149471
1220061,Tevis,800000.0000000005,282367.7331952981,517632.26680470235,64.70403335058775
658533,Abu Francis,2000000.0000000016,1481816.2634735648,518183.7365264369,25.90918682632182
539132,Giacomo Olzer,600000.0000000003,80960.58460832585,519039.4153916745,86.50656923194569
250638,Collins Fai,700000.0000000006,180802.45581604232,519197.54418395826,74.17107774056541
614464,Nikita Iosifov,800000.0000000005,280729.7242659747,519270.27573402575,64.90878446675318
318705,Martin Kramaric,700000.0000000006,1219273.0964965378,519273.0964965372,74.18187092807669
937117,Gerard Vandeplas,999999.9999999997,480265.00601665693,519734.9939833427,51.97349939833429
644157,Hugo Moura,999999.9999999997,1519953.3194423304,519953.31944233074,51.995331944233094
617170,Martin Palumbo,700000.0000000006,180002.59978982343,519997.4002101772,74.2853428871681
640432,Xavier Mbuyamba,1499999.9999999986,2020841.5019566147,520841.50195661606,34.72276679710777
592379,Matti Peltola,1499999.9999999986,978871.9344576593,521128.06554233935,34.74187103615599
724702,Marcelo Ryan,999999.9999999997,478627.5980272126,521372.40197278705,52.13724019727872
1081721,Richard Akonnor,800000.0000000005,278234.3793697282,521765.62063027226,65.220702578784
4371,Glenn Loovens,749999.9999999998,227854.86553530712,522145.1344646927,69.61935126195904
468916,Alvis Jaunzems,299999.99999999977,822189.0562686361,522189.05626863637,174.06301875621227
821136,Yacouba Barry,600000.0000000003,77638.03371733609,522361.9662826643,87.06032771377733
401938,Amine Khammas,700000.0000000006,177113.8234548892,522886.17654511135,74.69802522073013
634972,Nikola Stankovic,1200000.0000000005,676426.7673149965,523573.232685004,43.63110272375032
547812,Andres Dumitrescu,399999.9999999999,924069.4964947752,524069.4964947753,131.01737412369386
212191,Issa Kallon,749999.9999999998,225848.80331675315,524151.19668324664,69.88682622443291
89027,Fabián Rinaudo,649999.9999999995,125480.6339012173,524519.3660987823,80.69528709212041
522788,Timothé Nkada,2000000.0000000016,1475139.1420099942,524860.8579900074,26.243042899500345
725816,Bernt Klaverboer,3000000.000000001,2475091.928261835,524908.0717381658,17.49693572460552
1322090,Jocelin Ta Bi,2499999.9999999995,3025493.533880961,525493.5338809616,21.019741355238466
122258,Rui Rêgo,800000.0000000005,273801.4815810258,526198.5184189747,65.7748148023718
585747,Juan Portilla,4999999.999999999,4472906.861788308,527093.1382116908,10.541862764233818
1237306,Hafiz Umar Ibrahim,800000.0000000005,1327400.5154724808,527400.5154724803,65.92506443406
1061721,Indrit Mavraj,100000.00000000004,627551.7371931454,527551.7371931454,527.5517371931453
971423,Giuliano Cerato,1200000.0000000005,672230.7870125753,527769.2129874252,43.980767748952076
317444,Ron-Thorben Hoffmann,700000.0000000006,171774.85083223038,528225.1491677702,75.46073559539568
935996,Luan,749999.9999999998,221705.10332199524,528294.8966780045,70.4393195570673
66413,Franck Tabanou,999999.9999999997,471327.25740841025,528672.7425915895,52.86727425915897
45912,Sergio Álvarez,700000.0000000006,171288.5892628865,528711.410737114,75.53020153387337
241229,Jordan Amavi,1200000.0000000005,670279.1743499592,529720.8256500412,44.143402137503415
471640,Nicolás Zalazar,800000.0000000005,270092.87403708615,529907.1259629143,66.23839074536426
3807,Richard Dunne,499999.99999999977,1029935.746995621,529935.7469956212,105.9871493991243
22202,Diego Milito,749999.9999999998,219649.63548341417,530350.3645165856,70.71338193554477
75489,Niclas Füllkrug,3499999.9999999995,4030656.51556738,530656.5155673805,15.161614730496586
1064930,Freitas,50000.000000000015,580669.2687198005,530669.2687198005,1061.3385374396007
791721,Kawê,299999.99999999977,830827.1203881056,530827.1203881059,176.9423734627021
667869,Johan Karlsson,499999.99999999977,1031557.5007233287,531557.5007233289,106.31150014466584
7109,Andrea Barzagli,999999.9999999997,468101.63414987293,531898.3658501267,53.18983658501269
515480,Benjamin Markus,999999.9999999997,467053.732107266,532946.2678927337,53.294626789273394
464598,Casper Tengstedt,3499999.9999999995,4033602.979865375,533602.9798653754,15.245799424725014
15650,Igor Denisov,800000.0000000005,266261.14397032914,533738.8560296714,66.71735700370888
829380,Ousmane N'Dong,1200000.0000000005,1733917.9317779168,533917.9317779164,44.49316098149301
442320,Didier Lamkel Zé,299999.99999999977,834492.2868222572,534492.2868222574,178.16409560741928
599203,Denis Makarov,1200000.0000000005,1734981.8060515833,534981.8060515828,44.581817170965216
383638,Juninho,700000.0000000006,1236299.410212369,536299.4102123684,76.6142014589097
720162,Justin Diehl,1200000.0000000005,662985.2244699041,537014.7755300964,44.75123129417468
247661,Gideon Jung,700000.0000000006,162749.6462811753,537250.3537188253,76.7500505312607
577832,Jesper Ceesay,1499999.9999999986,2039112.6095703666,539112.609570368,35.94084063802456
668712,Poul Kallsberg,249999.9999999998,790550.5756004453,540550.5756004455,216.22023024017838
996453,Maat Daniel Caprini,2000000.0000000016,2540896.5512049813,540896.5512049797,27.04482756024896
646297,Iván Tona,2000000.0000000016,2540955.6992454226,540955.699245421,27.047784962271027
773276,Roberto Hinojosa,700000.0000000006,158734.29001238768,541265.7099876129,77.3236728553732
1324746,Carlos Sarabia,649999.9999999995,105562.11240052327,544437.8875994763,83.7596750153041
907489,Luca Raimund,399999.9999999999,944516.1487454909,544516.148745491,136.12903718637278
637808,Pedro Bicalho,999999.9999999997,455457.45590080053,544542.5440991991,54.45425440991993
344393,Lumor Agbenyenu,175000.00000000012,719848.4445143852,544848.4445143851,311.3419682939341
99922,Marc Bartra,899999.9999999995,1444911.299443137,544911.2994431374,60.545699938126404
609361,José Fontán,1800000.000000001,2345283.684123365,545283.6841233643,30.293538006853556
1230462,Jesper Cornelius,1200000.0000000005,654267.4311773522,545732.5688226483,45.477714068554
34601,Raúl García,1499999.9999999986,953896.2540229768,546103.7459770218,36.406916398468155
620598,Ameen Al-Dakhil,3000000.000000001,3546908.2396701034,546908.2396701025,18.23027465567008
1360186,Barney Stewart,999999.9999999997,451500.19837527873,548499.8016247209,54.849980162472114
1008564,Billy van Duijl,1499999.9999999986,951337.5107566388,548662.4892433598,36.577499282890685
1139402,Jeronimo Russo,999999.9999999997,449973.78942374705,550026.2105762525,55.00262105762528
500972,Bekir Turaç Böke,999999.9999999997,448463.15678088705,551536.8432191126,55.15368432191128
43246,Daniel Kolar,700000.0000000006,146042.81477879215,553957.1852212085,79.13674074588685
610649,Ryan Alebiosu,1499999.9999999986,945741.9105799806,554258.089420018,36.9505392946679
948736,Corsin Konietzke,1499999.9999999986,945702.4456503093,554297.5543496893,36.95317028997932
1092623,Anthony,299999.99999999977,855917.2108686208,555917.210868621,185.30573695620717
1241022,Román Gómez,1499999.9999999986,2055976.8317616985,555976.8317616999,37.06512211744669
188915,Naomichi Ueda,999999.9999999997,443983.1949983794,556016.8050016202,55.60168050016204
28396,Edin Dzeko,999999.9999999997,443856.4142329938,556143.5857670058,55.614358576700596
765077,Marek Havran,850000.0000000005,293001.5334849424,556998.4665150581,65.52923135471268
22068,Franck Ribéry,999999.9999999997,441889.42589067493,558110.5741093247,55.8110574109325
76560,Haris Vuckic,800000.0000000005,241832.52864934297,558167.4713506575,69.77093391883214
428016,Brandon Austin,499999.99999999977,1058180.4883995063,558180.4883995065,111.63609767990137
530038,Aleksa Latkovic,999999.9999999997,441808.3103916759,558191.6896083237,55.819168960832386
142281,Anthony Ujah,749999.9999999998,191537.83723943357,558462.1627605662,74.46162170140886
584809,Ivan Durdov,349999.9999999997,908700.2692752514,558700.2692752518,159.6286483643578
865281,Jochem Ritmeester van de Kamp,1499999.9999999986,941295.6444753896,558704.355524609,37.24695703497397
63342,Leroy Fer,199999.99999999997,764769.8551685407,564769.8551685407,282.3849275842704
393487,Shady Oukhadda,1299999.9999999993,734416.72301554,565583.2769844593,43.5064059218815
364133,Pietro Pellegri,3000000.000000001,3565749.207423249,565749.2074232479,18.858306914108255
419597,Iyayi Atiemwen,749999.9999999998,183511.27530639363,566488.7246936061,75.53182995914752
400194,Ricardo Marín,2000000.0000000016,2567270.649397312,567270.6493973106,28.363532469865504
617081,Diego López,8999999.999999996,9567280.71447218,567280.714472184,6.303119049690935
627237,Manuel Insaurralde,999999.9999999997,432553.9184404375,567446.0815595621,56.744608155956236
729010,Tom de Graaff,999999.9999999997,1568692.412357543,568692.4123575432,56.869241235754345
712099,Dexter Lembikisa,800000.0000000005,230638.3895368461,569361.6104631544,71.17020130789426
673436,Jovan Sljivic,999999.9999999997,430529.19733783166,569470.8026621679,56.94708026621681
934519,Elione Fernandes Neto,275000.0000000002,845187.4652096493,570187.4652096492,207.34089643987227
1082820,Italo Vargas,999999.9999999997,429524.65628207964,570475.34371792,57.04753437179202
682568,Cedric Hatenboer,2000000.0000000016,1428098.5783425763,571901.4216574254,28.595071082871243
874538,Ryan Trevitt,275000.0000000002,847358.2490571511,572358.2490571509,208.13027238441836
227618,Greg Docherty,899999.9999999995,327458.79756409716,572541.2024359023,63.61568915954473
409490,Maxime Delanghe,1499999.9999999986,927187.0890647299,572812.9109352687,38.18752739568462
624967,Kion Etete,749999.9999999998,176705.21391209197,573294.7860879079,76.43930481172106
1045733,Lazar Miladinovic,999999.9999999997,426614.3002790105,573385.6997209892,57.33856997209894
338673,Thibaud Verlinden,1200000.0000000005,1774206.0732170213,574206.0732170208,47.85050610141838
491698,Agustín Almendra,2499999.9999999995,3074219.0577110355,574219.057711036,22.96876230844144
1208182,Colby Donovan,1499999.9999999986,925510.2606631593,574489.7393368393,38.29931595578932
201861,Juan Carlos Real,999999.9999999997,424719.2723798015,575280.7276201982,57.52807276201983
599663,Faris Moumbagna,3499999.9999999995,2924222.2494115843,575777.7505884152,16.450792873954722
733371,Sota Kawasaki,2000000.0000000016,1424196.0762371945,575803.9237628072,28.79019618814033
728982,Scott High,700000.0000000006,123851.17842456812,576148.8215754324,82.306974510776
559602,Chico da Costa,999999.9999999997,1576353.7422296377,576353.742229638,57.63537422296382
1241698,René Mitongo,999999.9999999997,422546.94116126787,577453.0588387318,57.7453058838732
502288,Bryan Limbombe,399999.9999999999,977819.8772194395,577819.8772194396,144.45496930485996
661094,David Ayala,2499999.9999999995,1921726.6304412028,578273.3695587968,23.130934782351876
223717,Patrik Johannesen,175000.00000000012,754014.9690323866,579014.9690323864,330.8656965899349
484389,Kell Watts,249999.9999999998,831035.5798607526,581035.5798607528,232.41423194430132
281405,Gonzalo Martínez,499999.99999999977,1082091.2531779255,582091.2531779257,116.4182506355852
357159,Mésaque Djú,399999.9999999999,982145.2405512368,582145.2405512369,145.53631013780927
569373,Isaac Solet,749999.9999999998,167583.3218178476,582416.6781821521,77.65555709095364
705016,Finn van Breemen,999999.9999999997,1582688.6071812168,582688.6071812172,58.26886071812174
12106,Ludovic Obraniak,700000.0000000006,117098.37731088197,582901.6226891186,83.27166038415973
845321,Kaelan Casey,999999.9999999997,413518.89289610845,586481.1071038912,58.64811071038915
508941,Dylan Chambost,2499999.9999999995,1913390.7649675233,586609.2350324763,23.464369401299052
715508,Magnus Riisnæs,2000000.0000000016,2586998.9709565677,586998.970956566,29.34994854782828
193078,Zaine Francis-Angol,225000.00000000015,812249.7507196008,587249.7507196007,260.99988920871124
309977,Samuel Ballet,2000000.0000000016,1412335.964228601,587664.0357714007,29.383201788570005
545501,Ho-jae Lee,899999.9999999995,312072.9185751975,587927.0814248021,65.32523126942249
652330,Álvaro Carrillo,299999.99999999977,887939.9177055914,587939.9177055917,195.9799725685307
615650,Valentin Paltsev,3000000.000000001,2411842.063240475,588157.9367595259,19.60526455865086
4111,Garry Monk,499999.99999999977,1088185.9779665254,588185.9779665256,117.63719559330517
370701,Michele Cerofolini,700000.0000000006,1288265.1938898833,588265.1938898828,84.03788484141175
1145455,Nils Ramming,499999.99999999977,1088371.2016256014,588371.2016256016,117.67424032512037
544106,Óscar Gil,800000.0000000005,1388427.696653026,588427.6966530255,73.55346208162814
668514,Agustín Hausch,399999.9999999999,989058.8413630899,589058.84136309,147.26471034077252
57071,Péter Gulácsi,999999.9999999997,410758.3622997616,589241.637700238,58.92416377002382
214701,Bruno,199999.99999999997,791551.2624856182,591551.2624856182,295.77563124280914
195782,Felix Platte,899999.9999999995,307163.5737003933,592836.4262996062,65.87071403328962
820620,Tommaso Del Lungo,249999.9999999998,843095.2246268399,593095.2246268401,237.23808985073623
679865,Dominic Vincze,800000.0000000005,206416.25947329728,593583.7405267032,74.19796756583786
457736,Tijjani Noslin,8000000.000000002,7406327.811746995,593672.1882530069,7.4209023531625835
34097,Ronny,800000.0000000005,205240.71361079515,594759.2863892054,74.34491079865063
412959,Marouan Azarkan,1499999.9999999986,904939.0058442641,595060.9941557345,39.67073294371568
268958,Juan Muñoz,800000.0000000005,203816.91950189858,596183.0804981019,74.52288506226269
726005,Guilherme Castilho,2499999.9999999995,1903474.2017104926,596525.7982895069,23.861031931580282
961948,Marcos Fernández,800000.0000000005,202447.7936798851,597552.2063201154,74.69402579001438
678641,Justin Hubner,999999.9999999997,1597883.7153136805,597883.7153136808,59.7883715313681
568578,Constantin Grameni,1299999.9999999993,701908.8969523576,598091.1030476417,46.00700792674169
249030,Dániel Gazdag,3000000.000000001,3600107.4868065063,600107.4868065054,20.003582893550174
787238,Erison,2000000.0000000016,1398786.6844099036,601213.315590098,30.060665779504873
347382,Gustavo Dulanto,749999.9999999998,145806.60565985597,604193.3943401438,80.55911924535253
372046,Lincoln,399999.9999999999,1004218.6921984006,604218.6921984007,151.05467304960024
670713,Diogo Monteiro,299999.99999999977,904807.9592961989,604807.9592961991,201.60265309873319
204049,Endri Cekici,1299999.9999999993,693725.3780831704,606274.6219168289,46.63650937821763
184204,Christian Kühlwetter,499999.99999999977,1107310.772876944,607310.7728769442,121.4621545753889
280149,Favio Álvarez,50000.000000000015,658209.6131079127,608209.6131079127,1216.4192262158251
176072,Kahraba,800000.0000000005,191330.3632713004,608669.6367287,76.08370459108745
345473,Nicolás Schiappacasse,749999.9999999998,140797.3848168446,609202.6151831552,81.22701535775406
119031,Kaan Ayhan,1499999.9999999986,889273.1101758725,610726.8898241261,40.71512598827511
186399,Thiago Galhardo,1099999.9999999998,488370.1632214269,611629.8367785729,55.60271243441572
265033,Nikolas Ioannou,999999.9999999997,387340.51775250136,612659.4822474984,61.265948224749856
654461,Karim Fouad,175000.00000000012,787835.0795658728,612835.0795658727,350.1914740376413
119553,Jack Grimmer,299999.99999999977,914190.0833418429,614190.0833418431,204.7300277806145
569470,Luka Kulenovic,649999.9999999995,1264250.8779210576,614250.8779210581,94.50013506477823
95424,Kyle Walker,1499999.9999999986,2115638.462531461,615638.4625314623,41.042564168764194
503348,Lucas Blondel,1499999.9999999986,882576.9386688586,617423.06133114,41.16153742207604
700933,Derik Lacerda,1499999.9999999986,881806.3085275871,618193.6914724115,41.21291276482747
805056,Oliver Ross,999999.9999999997,380551.55107175244,619448.4489282472,61.94484489282475
179635,Philipp Förster,1800000.000000001,1180275.7182481776,619724.2817518234,34.42912676399017
3950,Kevin Nolan,2000000.0000000016,1380244.8517003697,619755.1482996319,30.98775741498157
627290,John Donald,999999.9999999997,1619959.4055068598,619959.4055068601,61.995940550686036
235540,Oussama Tannane,999999.9999999997,379261.2777785214,620738.7222214782,62.07387222214784
624751,Lyall Cameron,1200000.0000000005,578502.1565047713,621497.8434952291,51.79148695793574
865442,Facundo Miño,800000.0000000005,178201.51373350967,621798.4862664908,77.7248107833113
393806,Raul Opruț,1699999.9999999988,1075571.7563692597,624428.2436307392,36.73107315474939
192492,Jordan Lefort,999999.9999999997,1624428.5024634248,624428.5024634252,62.44285024634254
344598,Dan-Axel Zagadou,2000000.0000000016,1373277.2301096527,626722.7698903489,31.336138494517417
1152491,Jalal Abdullai,2000000.0000000016,2628518.912853206,628518.9128532044,31.425945642660196
3515,Mark van Bommel,800000.0000000005,170784.1283908132,629215.8716091872,78.65198395114835
324851,Christoph Daferner,800000.0000000005,170202.88463049405,629797.1153695064,78.72463942118826
655143,Josué Homawoo,2000000.0000000016,1369089.390517853,630910.6094821487,31.54553047410741
3130,Titus Bramble,2000000.0000000016,1368968.272472383,631031.7275276186,31.551586376380907
314245,Emmanuel Iyoha,999999.9999999997,368008.9034826521,631991.0965173475,63.19910965173477
748807,Joseph Nonge,2000000.0000000016,1367992.4857095298,632007.5142904718,31.600375714523565
338637,Daam Foulon,2000000.0000000016,1367595.950164934,632404.0498350677,31.620202491753357
803552,Abraham Bass,249999.9999999998,885424.0413587391,635424.0413587394,254.16961654349595
115979,Thomas Dähne,349999.9999999997,985770.1371171258,635770.137117126,181.6486106048933
206225,Isaac Hayden,399999.9999999999,1036006.3849029184,636006.3849029185,159.00159622572966
279242,Zelimkhan Bakaev,2499999.9999999995,1863963.4603028176,636036.5396971819,25.441461587887282
665275,Mateo Lisica,1499999.9999999986,2136039.1177016725,636039.1177016739,42.4026078467783
1027708,Jakob Segadal Hansen,1499999.9999999986,860920.4896786138,639079.5103213848,42.605300688092356
328003,Robin Wallinder,999999.9999999997,360797.02608735143,639202.9739126482,63.92029739126484
920308,Elison Makolli,999999.9999999997,360486.13769108005,639513.8623089197,63.95138623089199
189458,Emiliano Velázquez,999999.9999999997,359687.52498491865,640312.475015081,64.03124750150812
284248,Paul Jaeckel,999999.9999999997,358537.84124466847,641462.1587553312,64.14621587553314
73926,Davide Faraoni,1499999.9999999986,858084.2503887882,641915.7496112104,42.794383307414066
700755,Marat Bokoev,999999.9999999997,1642314.0975994433,642314.0975994436,64.23140975994438
12384,Alexander Tettey,499999.99999999977,1143401.8711793106,643401.8711793108,128.68037423586222
353404,Gaëtan Perrin,4999999.999999999,4356048.333117679,643951.6668823203,12.879033337646408
357047,Gautier Larsonneur,3000000.000000001,3644743.5366890817,644743.5366890808,21.491451222969353
163053,Mame Thiam,1200000.0000000005,554013.2239193672,645986.7760806333,53.83223134005275
332889,Valentin Rongier,8000000.000000002,8646001.884238519,646001.8842385169,8.07502355298146
672803,Bertuğ Yıldırım,6999999.999999995,6351624.813646667,648375.1863533286,9.262502662190416
481116,Youssef Maziz,999999.9999999997,1650306.0789743622,650306.0789743626,65.03060789743628
908890,Miodrag Pivaš,249999.9999999998,900650.4481430348,650650.448143035,260.26017925721425
184133,Russell Canouse,1200000.0000000005,549258.1060186015,650741.893981399,54.228491165116566
258027,Renato Sanches,2000000.0000000016,2650960.610247796,650960.6102477943,32.54803051238969
270605,Tigran Barseghyan,999999.9999999997,348087.01868820237,651912.9813117973,65.19129813117975
242063,Vaclav Cerny,6999999.999999995,6346674.498726416,653325.501273579,9.333221446765421
649184,Carlos Terán,2000000.0000000016,1346523.980830898,653476.0191691036,32.67380095845515
783094,Benjamin Bouchouari,4500000.000000002,3846511.33889235,653488.6611076519,14.521970246836702
392576,Jani Atanasov,600000.0000000003,1253945.5297317037,653945.5297317033,108.99092162195049
46658,Bogdan Stancu,124999.9999999999,781768.6942905465,656768.6942905466,525.4149554324376
578992,Faris Abdi,499999.99999999977,1156791.2833014843,656791.2833014845,131.35825666029697
436374,Sipho Mbule,1299999.9999999993,642674.752590499,657325.2474095003,50.563480569961584
92693,Darío Benedetto,1200000.0000000005,542267.6138021423,657732.3861978581,54.81103218315483
412517,Zan Zaletel,999999.9999999997,341809.6695075242,658190.3304924755,65.81903304924758
551505,Mousa Tamari,9999999.999999996,9341026.885805586,658973.1141944099,6.589731141944102
122155,Willian José,1200000.0000000005,540068.0981457744,659931.901854226,54.994325154518805
283227,Rasmus Nicolaisen,4999999.999999999,4339678.96076128,660321.0392387193,13.206420784774389
405892,Alec Van Hoorenbeeck,700000.0000000006,1360674.024178026,660674.0241780254,94.38200345400355
1053933,Ruan,3000000.000000001,3661290.4430184355,661290.4430184346,22.043014767281147
87469,Cote,999999.9999999997,338701.7436589931,661298.2563410066,66.12982563410068
911985,Mohamed Koné,2000000.0000000016,1336653.9567499035,663346.0432500981,33.16730216250488
376445,Mario Cuze,999999.9999999997,336167.0710663316,663832.9289336681,66.38329289336683
952776,Andrej Bacanin,3000000.000000001,2335624.132754619,664375.8672453822,22.14586224151273
74856,Reinhold Yabo,700000.0000000006,1364681.75003907,664681.7500390693,94.95453571986697
197714,Mohamed Chibi,999999.9999999997,335099.4092754001,664900.5907245995,66.49005907245997
933217,Krisztián Lisztes,1699999.9999999988,2369087.960492698,669087.9604926992,39.35811532309998
243541,Deyverson,999999.9999999997,1669809.9094315975,669809.9094315978,66.9809909431598
610622,Urko Izeta,1400000.0000000007,2072989.2095082416,672989.2095082409,48.07065782201718
62735,Pietro Iemmello,899999.9999999995,226879.64496443662,673120.3550355629,74.79115055950703
332047,Jessy Benet,999999.9999999997,326733.6431201015,673266.3568798981,67.32663568798984
696719,Gastón Benavídez,3499999.9999999995,2826016.8392487494,673983.1607512501,19.256661735750004
148368,Divock Origi,4999999.999999999,5674197.1221316755,674197.1221316764,13.48394244263353
549027,Martim Neto,4000000.0000000005,4674326.1478967285,674326.147896728,16.8581536974182
30070,Niko Bungert,199999.99999999997,874611.1090048838,674611.1090048838,337.3055545024419
885623,Issiaka Kamate,999999.9999999997,324033.8820280924,675966.1179719073,67.59661179719075
698597,Luka Drobnjak,950000.0000000008,272407.0819221749,677592.9180778259,71.32557032398161
552055,David Pech,299999.99999999977,977731.9771252201,677731.9771252203,225.9106590417403
802553,Gustav Fraulo,850000.0000000005,172115.26857450075,677884.7314254998,79.75114487358816
495629,Hugo Guillamón,1499999.9999999986,821822.6886323702,678177.3113676284,45.211820757841934
905404,Jonathan Akaegbobi,75000.00000000004,754540.6323753076,679540.6323753076,906.0541765004097
364697,Sebastian Mailat,999999.9999999997,320111.6694896905,679888.3305103092,67.98883305103094
104752,Konstantinos Manolas,999999.9999999997,1680705.068736784,680705.0687367843,68.07050687367845
990202,Lucas Román,199999.99999999997,881691.0389410962,681691.0389410962,340.84551947054814
298983,Javi Ontiveros,999999.9999999997,317996.9446507685,682003.0553492312,68.20030553492315
475949,Benjamin Nygren,14000000.00000001,13317422.486078313,682577.5139216967,4.875553670869259
507344,Becir Omeragic,2499999.9999999995,1816539.2613361492,683460.7386638504,27.33842954655402
898119,Artem Shumanskiy,700000.0000000006,1383936.0865412666,683936.0865412661,97.70515522018079
695226,Michael Opoku,700000.0000000006,1385664.7146202135,685664.7146202129,97.95210208860176
916461,Rhys Bozinovski,349999.9999999997,1036057.948254734,686057.9482547343,196.01655664420997
1371667,Jhon Palacios,1200000.0000000005,513722.26249783393,686277.7375021665,57.18981145851385
596929,Gilberto Sepúlveda,2000000.0000000016,2686364.0152193196,686364.015219318,34.31820076096587
134414,Tyler Blackett,999999.9999999997,313014.65773654333,686985.3422634563,68.69853422634566
131206,Ignacio Arce,800000.0000000005,112623.74990658494,687376.2500934155,85.92203126167689
987700,Jonathan Okoronkwo,800000.0000000005,112109.88923716739,687890.110762833,85.98626384535409
44352,Luis Suárez,1499999.9999999986,811944.6648068012,688055.3351931974,45.870355679546535
322305,Jean-Victor Makengo,6000000.0,6688094.4739907775,688094.4739907775,11.468241233179626
1264058,Blerton Isufi,499999.99999999977,1191180.42325444,691180.4232544403,138.23608465088813
649019,Sambou Sissoko,1200000.0000000005,508462.012330024,691537.9876699764,57.62816563916468
371141,Stanley Nsoki,2000000.0000000016,2693827.195949034,693827.1959490322,34.69135979745158
42412,Jonny Evans,2000000.0000000016,1305690.8952863677,694309.1047136339,34.71545523568167
1076981,Berat Luş,800000.0000000005,105471.90291119413,694528.0970888063,86.81601213610074
579124,Thabo Moloisane,899999.9999999995,203774.56469277505,696225.4353072245,77.35838170080275
577816,Oscar Pettersson,399999.9999999999,1097234.9807428007,697234.9807428009,174.30874518570027
467623,Lyle Foster,8000000.000000002,8697441.344801428,697441.3448014259,8.718016810017822
918414,Paris Brunner,1499999.9999999986,2198193.9059697897,698193.9059697911,46.54626039798612
699632,Abraham Marcus,999999.9999999997,1699430.5377856554,699430.5377856557,69.94305377856558
343151,Ivan Kalyuzhnyi,2000000.0000000016,1300510.860122475,699489.1398775266,34.9744569938763
364602,Alexis Castro,1200000.0000000005,499401.77391067933,700598.2260893211,58.3831855074434
315442,Cătălin Căbuz,850000.0000000005,147113.1930927745,702886.806907226,82.69256551849713
1365061,Cauã Soares,499999.99999999977,1203589.6681090568,703589.668109057,140.71793362181145
552960,Aldo Cruz,999999.9999999997,1703689.0084853328,703689.0084853332,70.36890084853334
303140,Mauricio Lemos,1499999.9999999986,2203713.46752916,703713.4675291614,46.914231168610804
375382,André Almeida,6000000.0,6704580.467862925,704580.4678629246,11.743007797715409
1383716,Djhordney,499999.99999999977,1205199.8069369115,705199.8069369118,141.03996138738242
627221,Gabriel Veron,2499999.9999999995,1794364.9387791038,705635.0612208957,28.225402448835833
465408,Nuraly Alip,2000000.0000000016,2706022.50758634,706022.5075863383,35.301125379316886
553562,Karol Struski,1499999.9999999986,792032.1665979219,707967.8334020767,47.19785556013849
392591,Chiedozie Ogbene,4000000.0000000005,4709539.294408469,709539.294408469,17.738482360211723
539961,Yazan Al-Arab,999999.9999999997,288870.0025771356,711129.9974228641,71.11299974228643
364567,Khadim Rassoul,499999.99999999977,1211351.6080013372,711351.6080013374,142.27032160026752
215099,Daley Sinkgraven,299999.99999999977,1011516.7684065283,711516.7684065285,237.17225613550968
596906,Alan Torres,600000.0000000003,1312655.789585826,712655.7895858256,118.77596493097087
370864,Roberto Meraz,2000000.0000000016,1285103.00675288,714896.9932471216,35.744849662356046
388236,Rodrigo Soares,1200000.0000000005,484844.6843515665,715155.315648434,59.596276304036145
370683,Andreas Hanche-Olsen,3499999.9999999995,2784129.5723975305,715870.427602469,20.453440788641974
691786,Morgan Guilavogui,4500000.000000002,3784004.1817178107,715995.8182821912,15.911018184048686
638124,Manu Fernández,1499999.9999999986,2216391.9192027426,716391.919202744,47.75946128018298
750798,Mads Freundlich,1499999.9999999986,783569.9249254019,716430.0750745967,47.762005004973155
33763,Massimo Coda,999999.9999999997,282850.7026070725,717149.2973929271,71.71492973929273
591880,Mimeirhel Benita,499999.99999999977,1217452.7068192225,717452.7068192228,143.4905413638446
258363,Keziah Veendorp,549999.9999999998,1267519.7151790871,717519.7151790874,130.4581300325614
365377,Jin-gyu Kim,1200000.0000000005,481800.2210892508,718199.7789107496,59.849981575895775
787907,Benjamin Tahirović,4500000.000000002,5218200.226241266,718200.2262412645,15.960005027583648
707279,Hugo González,299999.99999999977,1018669.9739064341,718669.9739064344,239.55665796881163
1213680,Harald Woxen,1200000.0000000005,481001.19330914045,718998.8066908601,59.916567224238314
556047,Sergio Barreto,3000000.000000001,3719365.5002412545,719365.5002412535,23.97885000804178
1060454,Omar Janneh,4000000.0000000005,3280609.4346921267,719390.5653078738,17.984764132696842
535820,Isak Jansson,4000000.0000000005,4719492.974314433,719492.9743144321,17.9873243578608
661208,Leo Hjelde,1499999.9999999986,777848.4642866398,722151.5357133588,48.14343571422396
1087210,Paulo Ramírez,1499999.9999999986,777574.7854215222,722425.2145784764,48.16168097189847
343334,Noel Caliskan,1800000.000000001,1077293.5941610225,722706.4058389785,40.15035587994323
1292706,Jean Unjanque,899999.9999999995,176848.16312112668,723151.8368788728,80.35020409765258
681947,Kento Tachibanada,1200000.0000000005,476274.5208965729,723725.4791034276,60.310456591952274
8538,Tiago Mendes,999999.9999999997,275209.0006142219,724790.9993857777,72.47909993857779
399165,Nick D'Agostino,600000.0000000003,1325426.8636372879,725426.8636372875,120.90447727288118
50219,Simon Mignolet,999999.9999999997,273348.2498229321,726651.7501770675,72.66517501770677
1085296,Miguel Freckleton,199999.99999999997,927581.1112113069,727581.1112113069,363.7905556056535
282169,Marin Šverko,399999.9999999999,1129832.0512254774,729832.0512254775,182.45801280636942
645880,Ifet Djakovac,2000000.0000000016,1269679.2530735387,730320.746926463,36.516037346323124
1066358,Kevin Picón,999999.9999999997,267978.4293886174,732021.5706113823,73.20215706113825
956588,Alessandro Nunziante,1800000.000000001,1066709.7269255656,733290.2730744353,40.738348504135274
537599,Mateus Criciúma,499999.99999999977,1233418.8532775019,733418.8532775021,146.6837706555005
203123,Haris Tabakovic,3499999.9999999995,2762353.7659677793,737646.2340322202,21.075606686634867
858251,Nuno Félix,1299999.9999999993,559825.5021583656,740174.4978416337,56.93649983397185
33570,Mehmet Yildiz,800000.0000000005,59293.61672990446,740706.383270096,92.58829790876194
718312,Hamzat Ojediran,3000000.000000001,3741053.5444357134,741053.5444357125,24.70178481452374
812625,Agustín Álvarez,2000000.0000000016,1258062.5091534094,741937.4908465922,37.09687454232958
361575,Tymoteusz Puchacz,1499999.9999999986,756677.0463388561,743322.9536611425,49.55486357740955
375718,Evangelos Patoulidis,1200000.0000000005,456491.5522900001,743508.4477100004,61.959037309166675
401932,Christian Ebere,999999.9999999997,1744262.8947694302,744262.8947694305,74.42628947694307
349570,Diney Borges,999999.9999999997,255716.2902429095,744283.7097570901,74.42837097570903
5562,Hugo Leal,899999.9999999995,154453.81303694207,745546.1869630575,82.83846521811753
454625,Matías Cóccaro,2000000.0000000016,2746621.3644290473,746621.3644290457,37.331068221452256
192735,Stanislav Lobotka,9999999.999999996,10749107.82812146,749107.8281214628,7.491078281214632
336012,Nicolas Kühn,9999999.999999996,9250460.860258313,749539.1397416834,7.495391397416837
821522,Alfie Pond,199999.99999999997,951209.3183883093,751209.3183883093,375.60465919415475
692598,Furkan Demir,800000.0000000005,1551225.207220904,751225.2072209036,93.9031509026129
20506,Andrés Guardado,999999.9999999997,244385.3947453735,755614.6052546261,75.56146052546265
569632,Mads Hansen,499999.99999999977,1259278.2796751652,759278.2796751654,151.85565593503316
894382,Vetle Walle Egeli,1200000.0000000005,440699.8441524194,759300.1558475811,63.275012987298396
965846,César Inga,1200000.0000000005,440508.6812919753,759491.3187080252,63.29094322566874
297070,Hamari Traoré,1499999.9999999986,737877.9212872004,762122.0787127982,50.80813858085326
109008,Flávio Ferreira,899999.9999999995,137263.45896646788,762736.5410335317,84.74850455928133
5635,Matthieu Chalmé,299999.99999999977,1065374.865035227,765374.8650352273,255.12495501174263
1232057,Paco Cortés,1499999.9999999986,2267711.5124767604,767711.5124767618,51.18076749845084
401732,Blas Riveros,999999.9999999997,1768376.4681770662,768376.4681770665,76.83764681770668
531637,Jonas Krumrey,1200000.0000000005,429463.42649641196,770536.5735035886,64.21138112529901
806477,Filip Milojevic,999999.9999999997,228252.5251370448,771747.4748629548,77.1747474862955
585876,Gabriel Taliari,1800000.000000001,1028243.5151304596,771756.4848695414,42.87536027053005
73250,Mario Gaspar,999999.9999999997,227516.58343356635,772483.4165664333,77.24834165664335
706063,Rein Van Helden,3000000.000000001,3774315.0320023037,774315.0320023028,25.81050106674342
644771,Odilon Kossounou,15000000.00000001,15775597.691636719,775597.6916367095,5.17065127757806
520665,Val Soares,399999.9999999999,1175922.2038221876,775922.2038221877,193.980550955547
338962,Alfredo Morelos,2000000.0000000016,1223155.1341806927,776844.8658193089,38.84224329096541
947363,Djibril Lamego,1499999.9999999986,2276894.521335461,776894.5213354626,51.792968089030886
364405,Adama Traoré,1499999.9999999986,722590.030280935,777409.9697190636,51.82733131460429
35251,Marko Marin,999999.9999999997,221681.21053404408,778318.7894659556,77.8318789465956
649055,Gabriel Novaes,600000.0000000003,1379196.0608039508,779196.0608039504,129.86601013399167
530151,Sabuhi Abdullazada,1200000.0000000005,420402.85122721107,779597.1487727894,64.9664290643991
912392,Lucas Cepeda,2499999.9999999995,1718594.01114706,781405.9888529396,31.256239554117588
5285,Patrice Evra,999999.9999999997,217778.91984160474,782221.0801583949,78.22210801583952
255294,Florian Kastenmeier,999999.9999999997,217662.17826636054,782337.8217336391,78.23378217336395
574193,Bambasé Conté,700000.0000000006,1482435.2605449194,782435.2605449188,111.77646579213116
1010818,Sahmkou Camara,1200000.0000000005,417252.74362500204,782747.2563749985,65.22893803124985
704970,Igor Drapiński,1499999.9999999986,717079.2046894055,782920.7953105931,52.194719687372924
659826,Juan Mosquera,3000000.000000001,2215691.827573983,784308.1724260179,26.143605747533922
334586,Lucas Passerini,1499999.9999999986,712676.0754446293,787323.9245553693,52.48826163702467
323325,Leo Bengtsson,2000000.0000000016,1212261.8063812968,787738.1936187048,39.386909680935204
914681,David Ruíz,1499999.9999999986,710771.8014100657,789228.1985899329,52.61521323932891
48067,Artem Dzyuba,999999.9999999997,209807.5370546015,790192.4629453982,79.01924629453984
1042945,Jonathan Shore,999999.9999999997,209776.50266736167,790223.497332638,79.02234973326384
1246704,Morrison Agyemang,1200000.0000000005,409360.0172152171,790639.9827847834,65.88666523206525
27378,Cleiton Xavier,899999.9999999995,109311.59060701582,790688.4093929837,87.85426771033156
663514,Mao Hosoya,1499999.9999999986,707790.2851647609,792209.7148352377,52.813980989015896
475412,Jean Marcelin,700000.0000000006,1494597.035595262,794597.0355952614,113.51386222789439
8806,Cesc Fàbregas,999999.9999999997,205327.01461554974,794672.98538445,79.46729853844502
1103988,Juan Pablo Ludueña,1299999.9999999993,505218.9123038139,794781.0876961853,61.13700674586045
378478,Henry Wingo,299999.99999999977,1095379.150498973,795379.1504989732,265.12638349965795
973249,Jalen Blesa,2000000.0000000016,2797941.611208242,797941.6112082403,39.89708056041198
351567,Koki Ogawa,2000000.0000000016,1201404.9068472313,798595.0931527703,39.92975465763848
334557,Chiquinho,4999999.999999999,4200022.364123056,799977.6358769434,15.99955271753887
129586,Joris Kayembe,2000000.0000000016,1199811.7365685399,800188.2634314618,40.00941317157306
508237,Bum-keun Song,999999.9999999997,199215.26494393047,800784.7350560692,80.07847350560695
690533,César Araújo,4000000.0000000005,3198994.7567974995,801005.243202501,20.025131080062522
445610,Siyabonga Ngezana,2000000.0000000016,1198358.2270801053,801641.7729198963,40.08208864599479
381724,Victor Sá,2499999.9999999995,1697412.1577378707,802587.8422621288,32.10351369048516
331401,Manuel Lazzari,2000000.0000000016,2806550.6127071325,806550.6127071308,40.32753063535651
248346,Claudio Baeza,1600000.0000000012,790268.100361427,809731.8996385742,50.60824372741085
1116605,Larson,399999.9999999999,1211808.1182568541,811808.1182568542,202.95202956421363
29237,Stefan Babovic,1099999.9999999998,287862.00820126664,812137.9917987331,73.83072652715758
288415,Léo Jardim,6999999.999999995,6187796.57070182,812203.4292981755,11.602906132831087
401587,Franco Petroli,1800000.000000001,987448.2390342545,812551.7609657465,45.141764498097004
1310437,Joseph Opoku,4500000.000000002,5312774.294988464,812774.2949884618,18.061650999743588
554940,Elvin Cafarquliyev,1499999.9999999986,687154.660426116,812845.3395738826,54.18968930492556
127349,Maicon Oliveira,1200000.0000000005,387151.91659025126,812848.0834097492,67.73734028414574
442703,Ylber Ramadani,1800000.000000001,2613099.734087879,813099.7340878779,45.17220744932653
718171,Josh Honohan,249999.9999999998,1065412.8425455359,815412.8425455361,326.16513701821475
118847,Dominik Kohr,2000000.0000000016,2816676.5147131155,816676.5147131139,40.83382573565566
260806,Isaac Mbenza,349999.9999999997,1168438.1935292238,818438.193529224,233.83948386549278
662737,Daniel González,1499999.9999999986,681451.2517276146,818548.748272384,54.56991655149233
601143,Nikolas Veratschnig,2499999.9999999995,1680965.3070042774,819034.6929957222,32.761387719828896
465565,Dimitrije Kamenovic,399999.9999999999,1219145.3258272272,819145.3258272273,204.7863314568069
723835,Adrian Mazilu,649999.9999999995,1469476.7325296833,819476.7325296837,126.07334346610529
345591,Jeppe Okkels,2400000.000000001,1578694.9438428814,821305.0561571196,34.221044006546634
401706,Ignacio Saavedra,2499999.9999999995,1678097.927192787,821902.0728072126,32.87608291228851
548468,Cristian Ferreira,225000.00000000015,1046965.6769793165,821965.6769793164,365.31807865747373
754608,Shuto Nakano,1400000.0000000007,576765.6200476857,823234.379952315,58.802455710879606
369684,Rasmus Nissen Kristensen,9999999.999999996,10826543.40716007,826543.4071600735,8.265434071600739
300168,Mikel Vesga,1200000.0000000005,2027889.9616927605,827889.96169276,68.99083014106331
432281,Márton Dárdai,2499999.9999999995,1670220.6042294533,829779.3957705463,33.191175830821855
844373,Borys Krushynskyi,1499999.9999999986,669586.759513105,830413.2404868936,55.36088269912629
6322,Patrick Helmes,999999.9999999997,169163.42702326833,830836.5729767313,83.08365729767317
660860,Diego Coppola,17999999.999999985,17166850.889515966,833149.1104840189,4.628606169355665
226060,Fran Brodic,999999.9999999997,166654.13045884937,833345.8695411503,83.33458695411505
522030,Ilya Samoshnikov,2000000.0000000016,1165827.5837038197,834172.416296182,41.708620814809066
989937,Juan Jose Arias,1200000.0000000005,364139.01140063506,835860.9885993653,69.65508238328042
587520,Stipe Biuk,2499999.9999999995,1663670.2859746371,836329.7140253624,33.4531885610145
366450,Iury Castilho,700000.0000000006,1537039.7108398569,837039.7108398563,119.57710154855079
1091807,Luis Jiménez,100000.00000000004,937132.4033031168,837132.4033031168,837.1324033031165
129129,João Pedro,1499999.9999999986,661734.9384596982,838265.0615403004,55.88433743602008
548348,Kiliann Sildillia,6999999.999999995,6161095.798285845,838904.2017141506,11.98434573877359
697728,Nikita Saltykov,1499999.9999999986,660393.9998573601,839606.0001426385,55.973733342842614
203125,Gregory Wüthrich,1499999.9999999986,660251.4202229067,839748.5797770919,55.983238651806175
293169,Josip Brekalo,2499999.9999999995,1659592.6223470126,840407.3776529869,33.61629510611948
364525,Bevic Moussiti-Oko,299999.99999999977,1140924.6091774057,840924.609177406,280.30820305913556
112465,Sérgio Oliveira,2499999.9999999995,1658778.0080278318,841221.9919721677,33.648879678886715
366729,Nazariy Rusyn,600000.0000000003,1441753.8335361697,841753.8335361694,140.2923055893615
425865,Callum Lang,1200000.0000000005,357091.81313552137,842908.1868644791,70.24234890537323
456467,Mamadou Diarra,999999.9999999997,155149.32789295318,844850.6721070465,84.48506721070468
706166,Vladislav Blănuță,999999.9999999997,1845069.5905135183,845069.5905135187,84.5069590513519
30304,Grétar Steinsson,1200000.0000000005,353074.74219747673,846925.2578025237,70.57710481687694
211845,Yonas Malede,399999.9999999999,1247377.1386476976,847377.1386476977,211.8442846619245
820227,Ricardo Rodríguez,999999.9999999997,151774.15827449635,848225.8417255033,84.82258417255036
506470,Josh Bowler,899999.9999999995,1748264.2781015732,848264.2781015737,94.25158645573046
446248,Shaquille Pinas,2000000.0000000016,1151598.3257217512,848401.6742782504,42.42008371391249
42936,Nils Petersen,1499999.9999999986,651584.0349288103,848415.9650711883,56.56106433807927
429901,Paul Akouokou,1499999.9999999986,2350560.916357193,850560.9163571945,56.704061090479684
16635,Juanfran Torres,999999.9999999997,148591.87384759015,851408.1261524095,85.14081261524097
240913,Lucas Villalba,1699999.9999999988,847624.0098659336,852375.9901340653,50.13976412553328
49499,Georginio Wijnaldum,2199999.9999999995,1346787.9399469108,853212.0600530887,38.782366366049494
1004741,Pedro,20000000.000000015,20854123.054964498,854123.0549644828,4.27061527482241
237658,Michel Aebischer,4000000.0000000005,4854286.345148867,854286.3451488665,21.357158628721663
504245,Fredrik Hammar,3000000.000000001,3854944.9427335225,854944.9427335216,28.498164757784046
944446,Jesper Reitan-Sunde,899999.9999999995,1754953.5472346582,854953.5472346586,94.99483858162878
262365,Antonio Puertas,2000000.0000000016,1144144.1554318035,855855.8445681981,42.79279222840987
1067225,Taras Mykhavko,9999999.999999996,10856351.12062386,856351.1206238642,8.563511206238646
197929,Ivan Provedel,3000000.000000001,2142385.0717450883,857614.9282549126,28.587164275163744
619305,Srdjan Hrstic,499999.99999999977,1357879.2357572536,857879.2357572538,171.57584715145083
321155,Christopher McVey,2000000.0000000016,1141950.9602957228,858049.0397042788,42.90245198521391
42234,Havard Nordtveit,600000.0000000003,1458930.0757550912,858930.0757550908,143.15501262584837
467232,Arbnor Mucolli,1200000.0000000005,340534.8643664248,859465.1356335757,71.62209463613128
549440,Jacob Widell Zetterström,2499999.9999999995,1638948.14233938,861051.8576606195,34.442074306424786
406008,Yan Valery,1499999.9999999986,638926.3821695284,861073.6178304702,57.404907855364726
94529,Stephan El Shaarawy,2400000.000000001,1538889.1610925407,861110.8389074602,35.87961828781083
592534,Nicolai Remberg,8999999.999999996,8138813.106112709,861186.893887287,9.568743265414303
395239,Claudio Gomes,1400000.0000000007,535320.6892230783,864679.3107769224,61.762807912637285
162569,Josef Martínez,1499999.9999999986,630535.4063049783,869464.5936950203,57.96430624633474
711996,Warmed Omari,4000000.0000000005,4871217.178917367,871217.1789173665,21.780429472934163
581106,Kristian Arnstad,6000000.0,5128317.84719489,871682.1528051104,14.528035880085174
390168,Kreshnik Hajrizi,1499999.9999999986,628059.8156418159,871940.1843581827,58.129345623878905
263956,Ramil Sheydayev,1200000.0000000005,327475.4196728463,872524.5803271541,72.71038169392948
871170,Bailey Cadamarteri,2000000.0000000016,1127469.6005061741,872530.3994938275,43.62651997469134
668237,Rodrigo Varanda,999999.9999999997,123037.9197014083,876962.0802985914,87.69620802985916
372240,Mads Bech Sørensen,6000000.0,5118547.216444725,881452.7835552748,14.690879725921246
1226873,Maxloren Castro,1200000.0000000005,316191.2705121181,883808.7294878823,73.6507274573235
379315,Edgaras Utkus,1600000.0000000012,2486464.7151156925,886464.7151156913,55.40404469473067
236202,Wanderson,3000000.000000001,2112736.418571883,887263.581428118,29.575452714270593
658115,Abel Bretones,3499999.9999999995,4387570.043696486,887570.0436964869,25.35914410561391
861981,Alan Matturro,4000000.0000000005,3112059.9559763214,887940.0440236791,22.198501100591976
775242,Mateja Milovanovic,399999.9999999999,1288308.7634721978,888308.7634721979,222.07719086804954
697954,Ivan Lepskiy,800000.0000000005,1688827.0700323149,888827.0700323144,111.10338375403923
648895,Zsombor Gruber,1499999.9999999986,611075.4381299135,888924.5618700851,59.26163745800572
67546,Jorge Pulido,1200000.0000000005,309659.7559171121,890340.2440828884,74.19502034024067
815041,Ron Raci,449999.99999999994,1342212.3880162893,892212.3880162893,198.26941955917542
845857,Stefan Pirgic,1800000.000000001,907157.5365026713,892842.4634973296,49.60235908318496
111455,Granit Xhaka,8000000.000000002,8893456.503664378,893456.5036643762,11.1682062958047
191359,Florian Pick,700000.0000000006,1594159.2895621203,894159.2895621198,127.737041366017
448169,Amir Saipi,1800000.000000001,905785.4896481577,894214.5103518432,49.678583908435705
1134255,Fouad Zahouani,999999.9999999997,103343.69849966954,896656.3015003301,89.66563015003304
649033,Dion Lopy,4000000.0000000005,3103230.929609227,896769.0703907735,22.419226759769334
567217,Ebrima Colley,800000.0000000005,1696908.7434271032,896908.7434271027,112.11359292838776
986298,Joachim Kayi Sanda,1200000.0000000005,2097229.581431194,897229.5814311937,74.76913178593279
887801,Nathan Mendes,1499999.9999999986,601698.7044366176,898301.295563381,59.88675303755879
912504,Nicolás Palavecino,150000.00000000006,1049470.4879644827,899470.4879644827,599.6469919763216
2623,Piotr Trochowski,749999.9999999998,1649575.2615691174,899575.2615691177,119.94336820921572
428954,Stéphane Diarra,399999.9999999999,1300464.3379993765,900464.3379993766,225.1160844998442
542690,Frederik Alves,2800000.000000002,1898137.884107751,901862.1158922508,32.20936128186608
245893,Matt Miazga,1800000.000000001,896964.5308099617,903035.4691900392,50.168637177224376
860992,Nicolás Valentini,3000000.000000001,2096193.8700019103,903806.1299980907,30.126870999936344
820241,Damion Downs,4000000.0000000005,4904106.24634067,904106.2463406692,22.60265615851673
392763,Ian Poveda,1200000.0000000005,294786.61212332116,905213.3878766793,75.43444898972325
1025234,Antonio Verinac,199999.99999999997,1105736.3254056673,905736.3254056673,452.86816270283373
375392,Paulo Moreira,1499999.9999999986,2408194.666962059,908194.6669620606,60.5463111308041
868503,Agustín Bravo,50000.000000000015,959108.148248345,909108.148248345,1818.2162964966897
297444,Luca Magnino,999999.9999999997,90275.44031890776,909724.5596810919,90.97245596810922
432157,Japa,999999.9999999997,1911845.2698620688,911845.2698620692,91.18452698620695
454863,András Schäfer,4500000.000000002,3587492.623749741,912507.376250261,20.277941694450234
549361,José Rodríguez,800000.0000000005,1713972.843193264,913972.8431932635,114.24660539915787
548028,Franjo Ivanović,15000000.00000001,14085991.102436451,914008.8975635581,6.093392650423716
742518,Pedro Bravo,3499999.9999999995,2584135.792283006,915864.2077169935,26.167548791914104
486054,Simion Michez,600000.0000000003,1517551.8995309526,917551.8995309522,152.92531658849197
314398,Jae-sung Lee,2000000.0000000016,1081697.6954115608,918302.3045884408,45.91511522942201
789005,Ahmed Kouka,1200000.0000000005,281396.65255030623,918603.3474496943,76.55027895414116
659264,Juan Sforza,1299999.9999999993,2219054.2145506577,919054.2145506584,70.69647804235836
36139,Dušan Tadić,2000000.0000000016,1077864.449331033,922135.5506689686,46.10677753344839
1120902,Gonzalo Requena,1200000.0000000005,277215.8617321972,922784.1382678032,76.89867818898357
906696,Leandro Angulo,100000.00000000004,1024128.1117661468,924128.1117661468,924.1281117661464
235413,Jaromir Zmrhal,1200000.0000000005,275801.89891850454,924198.1010814959,77.01650842345796
336697,Philipe Sampaio,499999.99999999977,1428923.0940506563,928923.0940506565,185.7846188101314
5404,Jérémy Mathieu,1200000.0000000005,269680.2211399235,930319.778860077,77.52664823833972
820540,Filip Kocaba,1499999.9999999986,568566.0283778595,931433.9716221391,62.09559810814267
478347,Marian Huja,1499999.9999999986,567554.5446378124,932445.4553621862,62.16303035747913
77826,Ryad Boudebouz,1200000.0000000005,266870.9618939551,933129.0381060455,77.76075317550377
345189,Luka Lochoshvili,2499999.9999999995,1565762.405564068,934237.5944359316,37.369503777437274
732576,Kaina Tanimura,1400000.0000000007,465438.1065471384,934561.8934528623,66.75442096091871
333640,Joël Drommel,4000000.0000000005,3064978.6242059157,935021.3757940847,23.375534394852117
123551,Sam Morsy,399999.9999999999,1335293.712835691,935293.712835691,233.82342820892285
569663,Mathias Kvistgaarden,6000000.0,5064177.722571132,935822.2774288682,15.597037957147805
360711,Mo Dauda,1200000.0000000005,261784.1503951046,938215.8496048958,78.18465413374128
402733,Gonzalo Montiel,4500000.000000002,3559476.5628783894,940523.4371216125,20.900520824924712
599552,Williams Alarcón,3000000.000000001,3940897.835842598,940897.8358425973,31.363261194753235
379869,Arthur Desmas,2499999.9999999995,3442790.1940905238,942790.1940905242,37.711607763620975
431561,Roberto Massimo,299999.99999999977,1246102.226469476,946102.2264694762,315.367408823159
1457761,Theodor Lundbergh,199999.99999999997,1148396.017073246,948396.017073246,474.19800853662304
697724,Egor Pogostnov,1499999.9999999986,550973.8511049665,949026.1488950321,63.268409926335536
984072,Tomás Silva,2000000.0000000016,1050392.7155459812,949607.2844540204,47.480364222700985
481628,Tiago Araújo,2499999.9999999995,3451686.328310206,951686.3283102065,38.06745313240827
667974,El Mehdi Maouhoub,999999.9999999997,1953487.1324700383,953487.1324700386,95.34871324700389
657742,Joaquín Sosa,1499999.9999999986,545216.9315814301,954783.0684185685,63.65220456123796
459128,Marco Brescianini,8999999.999999996,9955981.439720796,955981.4397208001,10.622015996897783
203654,Tozé,2000000.0000000016,1043592.4629763773,956407.5370236243,47.82037685118117
1150565,Eduardo Navarro,1499999.9999999986,541445.7760194185,958554.2239805801,63.903614932038735
324223,James Bree,2499999.9999999995,3461266.4524288485,961266.452428849,38.45065809715397
936956,Sebastián Pérez-Bouquet,1800000.000000001,836796.1272608456,963203.8727391553,53.51132626328637
279457,Ryan Kent,3499999.9999999995,2536028.6475172816,963971.352482718,27.542038642363377
239099,Pietro Ceccaroni,1600000.0000000012,635532.5071215237,964467.4928784774,60.27921830490479
435331,Matheus Jesus,1800000.000000001,834525.1748995592,965474.8251004417,53.63749028335785
192300,Max Christiansen,1200000.0000000005,230811.2590155676,969188.7409844329,80.76572841536938
480139,Nikita Glushkov,899999.9999999995,1871661.6347557537,971661.6347557541,107.96240386175052
282689,Seung-ho Paik,2000000.0000000016,1028188.7399185677,971811.2600814339,48.590563004071655
1260202,Roger,399999.9999999999,1371812.9960906873,971812.9960906875,242.9532490226719
182889,Wylan Cyprien,1099999.9999999998,128161.88235335801,971838.1176466418,88.34891978605836
575594,Ismaël Kandouss,1800000.000000001,821531.4146235649,978468.585376436,54.35936585424642
504090,Paulo Bernardo,3499999.9999999995,2521316.9793936675,978683.020606332,27.962372017323773
997714,Alexsander,5500000.000000001,4520541.392742781,979458.60725722,17.80833831376763
418567,Markus Solbakken,2199999.9999999995,3180368.1989803864,980368.1989803868,44.56219086274486
397486,Dennis Man,15000000.00000001,14018558.462337913,981441.5376620963,6.542943584413971
198513,Muamer Tankovic,1200000.0000000005,218016.23490704555,981983.765092955,81.83198042441289
647235,Cade Cowell,3799999.9999999995,2816488.3504485055,983511.649551494,25.881885514513
165513,Berat Djimsiti,4000000.0000000005,3014069.7224542424,985930.277545758,24.648256938643947
1049831,Maizon Rodríguez,2000000.0000000016,1013711.4349174469,986288.5650825547,49.3144282541277
720716,Franco Pardo,2000000.0000000016,1013618.0128288113,986381.9871711903,49.31909935855948
279521,Zhunyi Gao,249999.9999999998,1236980.122798031,986980.1227980312,394.79204911921283
388171,Anthony Ralston,1499999.9999999986,511720.8639121905,988279.1360878081,65.88527573918726
361254,Rafa Mir,4000000.0000000005,3011684.8760923343,988315.1239076662,24.70787809769165
346707,Sean Longstaff,15000000.00000001,14011140.311957292,988859.688042717,6.5923979202847764
464373,Elías Ólafsson,3000000.000000001,3989068.293119644,989068.2931196429,32.96894310398809
413942,John Björkengren,2000000.0000000016,1010446.5488112932,989553.4511887084,49.47767255943538
863144,Nicolás Romero,2800000.000000002,1809398.0343144669,990601.965685535,35.37864163162623
1064471,Fer López,16000000.000000026,16990951.960070793,990951.9600707665,6.193449750442281
14349,Paulo César,1200000.0000000005,207008.7964056479,992991.2035943526,82.74926696619602
399369,Beni Baningime,1499999.9999999986,506975.5302753399,993024.4697246586,66.2016313149773
319301,Daniel James,9999999.999999996,10993429.844239077,993429.8442390803,9.934298442390807
657155,Sidney Lima,3499999.9999999995,2505811.837317141,994188.1626828588,28.40537607665311
42205,Yann Sommer,2000000.0000000016,2994463.9934587856,994463.993458784,49.72319967293915
338665,Brent Gabriël,999999.9999999997,1994720.5669815606,994720.5669815609,99.47205669815612
148372,Nicolae Stanciu,1800000.000000001,805078.8178329656,994921.1821670353,55.273399009279714
1053206,Oumar Camara,8000000.000000002,8995757.31375413,995757.3137541283,12.4469664219266
207877,Ruslan Malinovskyi,2499999.9999999995,3496265.412997744,996265.4129977445,39.850616519909785
989271,Bryan Ramírez,3000000.000000001,3998722.792491814,998722.7924918132,33.290759749727094
585958,Junior Kadile,2000000.0000000016,1000260.0329763332,999739.9670236685,49.98699835118338
469976,Christopher Operi,4000000.0000000005,5000660.0950905215,1000660.095090521,25.016502377263024
936842,Michael Golding,2000000.0000000016,3001069.296551864,1001069.2965518625,50.05346482759309
1094369,Sergio Hernández,1499999.9999999986,498467.1238738037,1001532.8761261948,66.76885840841305
1083887,Pablo,50000.000000000015,1055453.886634718,1005453.8866347179,2010.9077732694352
593837,Couhaib Driouech,7500000.000000002,6494038.188650097,1005961.8113499051,13.412824151332064
398886,Merveil Ndockyt,399999.9999999999,1406632.685614404,1006632.6856144042,251.6581714036011
18944,Gerard Piqué,3000000.000000001,1990998.7091831334,1009001.2908168675,33.63337636056224
927635,Carlos Garcés,800000.0000000005,1811002.0831027336,1011002.0831027331,126.37526038784156
315310,Jairo,1200000.0000000005,188861.890129374,1011138.1098706265,84.2615091558855
122797,Andy Delort,1499999.9999999986,487838.88736635,1012161.1126336486,67.47740750890998
277723,Cameron Humphreys,1499999.9999999986,486597.45692444546,1013402.5430755531,67.56016953837027
909736,Román Riquelme,1699999.9999999988,685890.1155908505,1014109.8844091484,59.653522612302886
308278,Rey Manaj,1800000.000000001,785055.3140683431,1014944.6859316578,56.38581588509207
707063,Malick Mbaye,399999.9999999999,1415433.6415836783,1015433.6415836784,253.8584103959197
290533,Yann Bodiger,1400000.0000000007,383324.37740621,1016675.6225937908,72.61968732812788
162056,Gonzalo Melero,1800000.000000001,2819118.0949236853,1019118.0949236844,56.61767194020466
260827,Joachim Andersen,20000000.000000015,21019677.050145805,1019677.05014579,5.098385250728946
587002,Myles Peart-Harris,899999.9999999995,1921925.1796720529,1021925.1796720533,113.54724218578376
782612,Tiago Almeida,1200000.0000000005,177119.0586638945,1022880.9413361059,85.24007844467546
591916,Aitor Paredes,7500000.000000002,6476652.000694228,1023347.9993057735,13.644639990743643
565899,Nicolás Castro,6000000.0,7027064.761798964,1027064.7617989639,17.11774602998273
372713,Florian Ayé,2000000.0000000016,971731.3028199774,1028268.6971800242,51.41343485900117
504085,Tomás Esteves,1099999.9999999998,71442.86585223678,1028557.134147763,93.50519401343303
346779,Ché Adams,4999999.999999999,6029880.191470847,1029880.1914708484,20.597603829416972
724809,Finn Surman,1800000.000000001,769919.2714534593,1030080.7285465416,57.226707141474506
950131,Tomás Jacob,4000000.0000000005,2969918.239375104,1030081.7606248963,25.752044015622406
433887,Tuomas Ollila,399999.9999999999,1431674.8889215016,1031674.8889215017,257.9187222303755
295810,Alexandru Cicâldău,2499999.9999999995,3531906.9276636546,1031906.927663655,41.27627710654621
570550,Edyairth Ortega,100000.00000000004,1131934.8494356757,1031934.8494356757,1031.9348494356752
932259,Konstantinos Chrysopoulos,600000.0000000003,1632338.9322383266,1032338.9322383263,172.0564887063876
204103,Adama Traoré,6000000.0,4966888.807248694,1033111.1927513061,17.218519879188435
169416,Matt Crooks,1499999.9999999986,466701.30428500206,1033298.6957149965,68.88657971433317
507484,Ilan Sauter,499999.99999999977,1533378.638821212,1033378.6388212123,206.67572776424254
397171,Gideon Mensah,4000000.0000000005,2966367.326552988,1033632.6734470124,25.840816836175307
665618,Satoshi Tanaka,2000000.0000000016,963649.9712782961,1036350.0287217055,51.81750143608524
126552,Loïs Diony,1499999.9999999986,462861.26804806443,1037138.7319519342,69.142582130129
380913,Demeaco Duhaney,299999.99999999977,1337225.907555304,1037225.9075553042,345.74196918510165
867847,Micael,4000000.0000000005,2962405.943179261,1037594.0568207395,25.939851420518483
204198,Romain Saïss,1200000.0000000005,161666.8701352784,1038333.129864722,86.52776082206015
287700,Mohamed Fares,1299999.9999999993,261354.51308300812,1038645.4869169912,79.89580668592244
544931,Christian Cappis,600000.0000000003,1639068.424320622,1039068.4243206218,173.1780707201035
675622,Damienus Reverson,800000.0000000005,1841212.778701636,1041212.7787016355,130.15159733770437
235767,John Souttar,2000000.0000000016,958727.0921089235,1041272.9078910782,52.06364539455387
601852,Vyacheslav Litvinov,700000.0000000006,1741602.436714157,1041602.4367141564,148.80034810202224
523972,Sergio López,1400000.0000000007,355131.2590776331,1044868.7409223677,74.6334814944548
1099708,Panagiotis Kikianis,1299999.9999999993,252935.1072807504,1047064.8927192489,80.54345328609611
468247,Cleiton,4999999.999999999,3950380.5522692134,1049619.4477307857,20.992388954615716
93827,Steven Skrzybski,1299999.9999999993,250320.62435167108,1049679.375648328,80.74456735756374
338032,Deyovaisio Zeefuik,1200000.0000000005,148537.5962587681,1051462.4037412324,87.62186697843599
105456,Fernando,2000000.0000000016,944246.0295644349,1055753.9704355667,52.787698521778296
893675,Amir Richardson,4000000.0000000005,5056363.921416513,1056363.9214165122,26.409098035412804
62638,Nathan Baker,1499999.9999999986,443054.5765074508,1056945.4234925478,70.46302823283659
572879,Stavro Pilo,2000000.0000000016,940614.2005045811,1059385.7994954204,52.96928997477097
22686,Cephas Malele,1499999.9999999986,439009.220417703,1060990.7795822956,70.73271863881978
163568,Alfred Gomis,999999.9999999997,2061464.6927114807,1061464.692711481,106.14646927114812
670861,Luke Chambers,1499999.9999999986,2561477.5574761257,1061477.557476127,70.76517049840854
167329,Alassane Pléa,2499999.9999999995,1435831.9282249548,1064168.0717750448,42.5667228710018
866094,Juan Ignacio Saborido,1699999.9999999988,635559.0312615619,1064440.968738437,62.6141746316728
1043831,Miro,800000.0000000005,1865182.8787623162,1065182.8787623157,133.1478598452894
1300865,Djordje Petrovic,1200000.0000000005,131401.59506470346,1068598.404935297,89.04986707794139
337284,Ovie Ejaria,399999.9999999999,1475958.1316675951,1075958.1316675954,268.98953291689895
1106216,Damián Puebla,2000000.0000000016,923443.9548112352,1076556.0451887664,53.82780225943827
671499,David Krcik,1699999.9999999988,622455.4707617098,1077544.529238289,63.38497230813469
404055,Mateusz Kochalski,2000000.0000000016,921117.7805718816,1078882.2194281202,53.94411097140597
63186,Roberto Soriano,1800000.000000001,721028.73265276,1078971.2673472408,59.9428481859578
895679,Santiago Homenchenko,3000000.000000001,1920360.4580940842,1079639.5419059168,35.98798473019721
1092964,Anísio Cabral,4999999.999999999,3920053.580012162,1079946.4199878369,21.59892839975674
498686,Iván Angulo,3000000.000000001,1916687.9281340207,1083312.0718659803,36.11040239553267
906775,Kevin Palacios,800000.0000000005,1883569.9911380766,1083569.9911380762,135.44624889225943
182722,Bruno Varela,1800000.000000001,715250.0311240505,1084749.9688759504,60.263887159774995
1061122,Adrián Liso,3000000.000000001,4085117.7443193872,1085117.7443193863,36.17059147731286
245034,Jon Gorenc Stankovic,2499999.9999999995,1413712.4502629729,1086287.5497370267,43.45150198948107
1159022,Mateus Lusuardi,299999.99999999977,1387955.0934137148,1087955.093413715,362.65169780457194
346499,Danel Sinani,3000000.000000001,1910014.901854345,1089985.0981456558,36.33283660485518
205227,Mattias Käit,1499999.9999999986,407918.814343735,1092081.1856562635,72.8054123770843
637451,Isaiah Parente,349999.9999999997,1443888.2490238566,1093888.2490238568,312.53949972110223
76028,Taison,249999.9999999998,1344800.7708649156,1094800.7708649158,437.9203083459667
668228,Matheus Martins,6000000.0,4905127.57021049,1094872.4297895096,18.24787382982516
432914,John Victor,4999999.999999999,6095293.031806174,1095293.0318061747,21.9058606361235
140109,Radoslav Kirilov,700000.0000000006,1795883.6661697477,1095883.6661697472,156.5548094528209
386315,Nathaël Julan,1749999.9999999998,653202.2528650295,1096797.7471349703,62.67415697914117
500099,Fabio Fehr,1499999.9999999986,402437.83706055424,1097562.1629394444,73.1708108626297
158764,Stuart Dallas,1499999.9999999986,398865.9572962905,1101134.0427037082,73.40893618024728
654257,Ryan Naderi,4500000.000000002,3398459.725919192,1101540.2740808097,24.478672757351315
659416,Tommaso Mancini,499999.99999999977,1604579.9206072702,1104579.9206072704,220.91598412145422
554251,Yasser Larouci,1499999.9999999986,393105.553787307,1106894.4462126917,73.79296308084619
243725,Olivier Kemen,2499999.9999999995,3607259.0288358512,1107259.0288358517,44.29036115343408
203026,Danny Ward,600000.0000000003,1710040.505852701,1110040.5058527007,185.00675097545002
242040,Florian Loshaj,700000.0000000006,1810644.2090331963,1110644.2090331959,158.66345843331356
242201,Lucas Romero,2499999.9999999995,1387225.475462072,1112774.5245379275,44.51098098151711
639027,Tae-seok Lee,2000000.0000000016,885805.9440514398,1114194.055948562,55.70970279742805
283185,Tesfaldet Tekie,2000000.0000000016,884051.8144430369,1115948.1855569647,55.79740927784819
502074,Sylvester Jasper,1800000.000000001,682746.3846695332,1117253.6153304677,62.06964529613707
319213,Vlad Dragomir,2199999.9999999995,1082615.4680855938,1117384.5319144058,50.790205996109364
203618,Ricardo Alves,1499999.9999999986,381868.7716002995,1118131.228399699,74.54208189331334
461629,Gustavo Assunção,1499999.9999999986,380368.7167081692,1119631.2832918293,74.64208555278869
391720,Igor Silva,1200000.0000000005,2323550.2668652385,1123550.266865238,93.62918890543646
979410,Mohammed Fuseini,2499999.9999999995,1375658.169271826,1124341.8307281735,44.973673229126945
189014,Maxime Crépeau,1800000.000000001,667910.465664019,1132089.534335982,62.89386301866564
248352,Brayan Cortés,2000000.0000000016,863953.1829421365,1136046.8170578652,56.80234085289322
1004738,João Cruz,2000000.0000000016,859662.5941188267,1140337.4058811748,57.0168702940587
890557,Óscar Rivas,999999.9999999997,2140821.492197773,1140821.4921977734,114.08214921977738
867483,Geovane Jesus,399999.9999999999,1541220.9281872134,1141220.9281872134,285.30523204680344
1161121,Murad Al-Hawsawi,1400000.0000000007,2541673.2997536906,1141673.29975369,81.54809283954924
19548,Eugen Polanski,999999.9999999997,2141867.5404134137,1141867.5404134141,114.18675404134144
534376,Marco Moreno,700000.0000000006,1842186.7326355388,1142186.732635538,163.16953323364817
1105524,Daniel Aguilar,10000.00000000001,1153811.4794490547,1143811.4794490547,11438.114794490537
966005,Amir Ganah,1600000.0000000012,454530.02830828016,1145469.9716917211,71.59187323073252
578680,Hugo Siquet,4000000.0000000005,2853494.1658915025,1146505.834108498,28.662645852712444
1105541,Nathan De Cat,26999999.999999993,25852180.986593124,1147819.013406869,4.251181531136553
432982,Andreas Skov Olsen,6000000.0,4852093.27788533,1147906.72211467,19.131778701911166
485965,Nicolas Cozza,2499999.9999999995,3648464.3710170104,1148464.3710170109,45.938574840680445
592979,Himad Abdelli,4999999.999999999,6149772.529623065,1149772.529623066,22.995450592461324
737923,Clemente Montes,1499999.9999999986,348373.0806195476,1151626.919380451,76.77512795869681
179806,Miha Blazic,1499999.9999999986,2652604.2782042203,1152604.2782042217,76.84028521361486
274694,Ionuț Nedelcearu,1499999.9999999986,2654102.117682278,1154102.1176822796,76.9401411788187
5418,Jean-Alain Boumsong,1499999.9999999986,345557.7338694973,1154442.2661305014,76.9628177420335
400713,Daniil Fomin,7500000.000000002,8654588.49916571,1154588.4991657082,15.394513322209438
950593,Damián Pizarro,2000000.0000000016,844847.725032861,1155152.2749671405,57.75761374835698
682933,Morris Duggan,1800000.000000001,643192.0591476095,1156807.9408523915,64.26710782513283
569375,Koba Koindredi,3000000.000000001,1842678.0988110793,1157321.9011889216,38.57739670629738
160344,Leonardo Mancuso,1600000.0000000012,438719.130334641,1161280.86966536,72.58005435408495
371009,Rony,4500000.000000002,5661564.1209888235,1161564.1209888216,25.812536021973802
533523,Haydon Roberts,700000.0000000006,1862668.2190352886,1162668.2190352879,166.09545986218384
929438,Franco Fagúndez,899999.9999999995,2063841.9950126575,1163841.995012658,129.31577722362871
1132628,Ibrahim Kanaté,999999.9999999997,2165069.140474474,1165069.1404744745,116.50691404744748
636081,Hassani Dotson,3000000.000000001,1834037.6010025241,1165962.3989974768,38.86541329991588
488063,Nikolas Polster,2000000.0000000016,830100.4741884216,1169899.52581158,58.49497629057895
240897,Arturo Calabresi,800000.0000000005,1972185.536941442,1172185.5369414415,146.5231921176801
579565,Ísak Jóhannesson,8000000.000000002,9172761.039507458,1172761.0395074561,14.6595129938432
1083095,Tiago,3499999.9999999995,4675289.772672341,1175289.7726723417,33.57970779063834
710677,Iker Muñoz,2000000.0000000016,3176582.75394505,1176582.7539450482,58.829137697252364
671108,Kota Takai,4999999.999999999,3823255.394235957,1176744.6057640421,23.534892115280847
614424,Nemanja Jovic,1499999.9999999986,323211.7262216477,1176788.273778351,78.45255158522347
495920,Oleksandr Nazarenko,2499999.9999999995,1323153.9112805377,1176846.0887194618,47.073843548778484
603149,Mohammad Mohebi,2499999.9999999995,1322835.6725380947,1177164.3274619048,47.0865730984762
1453066,Carlos Macià,3000000.000000001,1819749.3869557339,1180250.613044267,39.34168710147556
330208,Alessandro Vogliacco,2499999.9999999995,1319612.7055934016,1180387.294406598,47.21549177626393
499604,Dion Pereira,175000.00000000012,1356723.3815837728,1181723.3815837726,675.2705037621554
704554,Santiago Muñóz,2000000.0000000016,817835.9246874877,1182164.0753125139,59.108203765625646
532938,Luis Romo,3000000.000000001,4185996.291575845,1185996.291575844,39.53320971919479
183318,Jamaal Lascelles,2000000.0000000016,811919.1652002512,1188080.8347997505,59.40404173998748
293829,Maksim Osipenko,3000000.000000001,1810300.020517885,1189699.979482116,39.65666598273719
1045547,Ayberk Karapo,1299999.9999999993,109697.65325603688,1190302.3467439625,91.56171898030485
93651,Marcel Schuhen,800000.0000000005,1991385.1256992563,1191385.1256992558,148.92314071240688
718318,Ibrahim Said,2000000.0000000016,807812.8111438338,1192187.1888561677,59.60935944280834
430280,Hans Nicolussi Caviglia,6000000.0,4806418.13731171,1193581.86268829,19.893031044804832
549034,Rafa Rodrigues,1299999.9999999993,105541.39236740641,1194458.6076325928,91.88143135635333
837239,Mario Tudose,1699999.9999999988,505248.2282989281,1194751.7717010707,70.27951598241597
344854,Jesús Gallardo,2800000.000000002,1604857.1283640277,1195142.8716359742,42.68367398699905
1176295,Pape Moussa Fall,3499999.9999999995,2304707.328348508,1195292.6716514914,34.15121919004262
224044,Tiago Casasola,1299999.9999999993,102726.983370398,1197273.0166296014,92.09792435612323
537598,Fábio Vieira,17999999.999999985,19197518.345818058,1197518.3458180726,6.652879698989297
855145,Preston Judd,2499999.9999999995,1298493.2515189785,1201506.748481021,48.060269939240854
566626,Elias Havel,2199999.9999999995,997832.231738771,1202167.7682612287,54.6439894664195
748443,Adil Boulbina,3000000.000000001,1797019.8525019744,1202980.1474980265,40.0993382499342
165007,Denis Suárez,999999.9999999997,2204944.650208885,1204944.6502088853,120.49446502088857
1111051,Mamadou Gning,100000.00000000004,1307673.204585311,1207673.204585311,1207.6732045853105
615930,Matei Ilie,2499999.9999999995,1291119.7519557714,1208880.2480442282,48.35520992176914
17259,Manuel Neuer,4000000.0000000005,2788442.7555723065,1211557.244427694,30.288931110692346
188660,Jurgen Mattheij,1499999.9999999986,281927.055711364,1218072.9442886347,81.20486295257572
403808,Andrés Andrade,2499999.9999999995,1280153.7378217622,1219846.2621782373,48.793850487129504
498529,Miguel Crespo,2000000.0000000016,3219896.122725577,1219896.1227255755,60.994806136278726
627248,Lewis Dobbin,6999999.999999995,5780035.66570508,1219964.3342949152,17.4280619184988
889438,Ilya Krupskyi,1800000.000000001,3019996.729607293,1219996.729607292,67.77759608929397
360661,Kevin Nisbet,1200000.0000000005,2420610.549956103,1220610.5499561024,101.71754582967516
598491,Rayane Bounida,4999999.999999999,3778028.2189374794,1221971.7810625196,24.439435621250396
741044,Belal Halbouni,299999.99999999977,1526433.1749402613,1226433.1749402615,408.8110583134208
499859,Kristoffer Velde,4999999.999999999,6227460.966559737,1227460.966559738,24.549219331194763
680551,Erik,1699999.9999999988,472166.44504674285,1227833.554953256,72.22550323254453
567470,Samuel Giovane,1400000.0000000007,168803.79455468568,1231196.205445315,87.94258610323674
346561,Luca Ranieri,6000000.0,4768129.649337868,1231870.3506621318,20.531172511035532
131933,Diego Lopes,1600000.0000000012,364467.6520292433,1235532.3479707579,77.22077174817231
467486,Antoine Leautey,1499999.9999999986,263100.33113975724,1236899.6688602413,82.45997792401616
728679,Tomas Rigo,4000000.0000000005,2762053.453744959,1237946.5462550414,30.94866365637603
360412,Jordy Caicedo,2000000.0000000016,760496.0684322282,1239503.9315677735,61.975196578388626
503212,Aziz Yakubu,3000000.000000001,1759613.545788401,1240386.4542116,41.34621514038665
430190,Yegor Nazaryna,2499999.9999999995,1256045.8180821384,1243954.181917861,49.75816727671445
3816,Sofian Chahed,499999.99999999977,1744490.845466732,1244490.8454667323,248.89816909334658
760493,Viktor Djukanovic,2000000.0000000016,754468.6932512346,1245531.306748767,62.27656533743829
283994,Ludovic Ajorque,3000000.000000001,4245661.186948429,1245661.186948428,41.52203956494758
102423,Leandro Cabrera,899999.9999999995,2149081.1725231474,1249081.172523148,138.7867969470165
976561,Janderson,6000000.0,4750477.677875754,1249522.3221242456,20.825372035404094
856068,Jeyland Mitchell,3000000.000000001,1742931.9868733436,1257068.0131266573,41.9022671042219
598629,Bruno Duarte,4000000.0000000005,2738222.1396718347,1261777.8603281658,31.544446508204143
600170,Sean Zawadzki,2499999.9999999995,1236371.7289069884,1263628.2710930111,50.54513084372046
1070637,Aleksa Kuljanin,1499999.9999999986,236206.81003367677,1263793.189966322,84.25287933108821
618801,Alejandro Iturbe,1400000.0000000007,134300.579451053,1265699.4205489478,90.40710146778194
205587,Opa Nguette,1499999.9999999986,232833.27030538,1267166.7296946186,84.47778197964132
867762,Patrick Yazbek,3499999.9999999995,2231766.2960522734,1268233.7039477262,36.23524868422075
345323,Yuma Suzuki,2499999.9999999995,1231664.8180038037,1268335.1819961958,50.73340727984784
393323,Brenden Aaronson,22000000.000000007,23269930.39034856,1269930.3903485537,5.772410865220697
73794,Duván Zapata,2499999.9999999995,1229300.17368545,1270699.8263145494,50.82799305258199
471145,Michael Baidoo,1800000.000000001,528306.2817669096,1271693.7182330913,70.64965101294948
377605,Hamdou Elhouni,1400000.0000000007,127925.34180245572,1272074.658197545,90.86247558553889
197747,Alessio Romagnoli,6000000.0,4727692.963059491,1272307.0369405095,21.205117282341824
1012731,Luis Balbo,3000000.000000001,1723823.9925977266,1276176.0074022743,42.53920024674247
320864,Sven Karic,1200000.0000000005,2477265.4210034767,1277265.4210034763,106.43878508362299
162695,Dénes Dibusz,1499999.9999999986,220113.93750334336,1279886.0624966552,85.32573749977709
866250,Seydou Fini,999999.9999999997,2279932.8162767505,1279932.816276751,127.99328162767513
715428,Rafael Inzunza,2499999.9999999995,1218294.6614649903,1281705.3385350092,51.26821354140038
237666,Silvan Hefti,800000.0000000005,2086236.3021499815,1286236.302149981,160.77953776874753
403296,Léo,1200000.0000000005,2487588.2100429563,1287588.2100429558,107.29901750357962
492556,Oston Urunov,2000000.0000000016,710136.2214622747,1289863.778537727,64.49318892688629
1309585,Ezekiel Alladoh,3499999.9999999995,2209591.9273618474,1290408.0726381522,36.868802075375775
466807,Adrià Altimira,2000000.0000000016,3292571.720326542,1292571.7203265403,64.62858601632696
576028,Thiago Almada,15000000.00000001,13706030.313254647,1293969.6867453624,8.62646457830241
599224,Ángel Torres,249999.9999999998,1547535.4241351937,1297535.424135194,519.014169654078
551554,Jackson Kenio,850000.0000000005,2152538.8149548676,1302538.8149548671,153.23986058292547
907813,Pablo Marín,6999999.999999995,8303331.129335748,1303331.1293357527,18.619016133367907
1191520,Nils Zätterström,3499999.9999999995,2191898.304279536,1308101.6957204635,37.374334163441816
341701,Igor Rabello,1400000.0000000007,2708301.6418633144,1308301.6418633137,93.45011727595094
701011,Brodie Spencer,1499999.9999999986,185327.9691217451,1314672.0308782535,87.64480205855033
207597,Cedric Teuchert,2000000.0000000016,684818.4205972659,1315181.5794027357,65.75907897013673
1081995,Mohamadou Kanté,999999.9999999997,2316137.9171078056,1316137.917107806,131.61379171078065
403574,Elliot Watt,2000000.0000000016,682792.7107273851,1317207.2892726166,65.86036446363077
288311,Ibrahim Blati Touré,1499999.9999999986,182610.98993157773,1317389.0100684208,87.82593400456147
670847,Mohamed-Ali Cho,15000000.00000001,16320799.697020961,1320799.6970209517,8.805331313473005
409517,Yorbe Vertessen,4999999.999999999,3675963.1163676023,1324036.8836323968,26.48073767264794
139396,Bruma,3000000.000000001,1673302.9607425008,1326697.0392575,44.223234641916655
435648,Joshua Zirkzee,20000000.000000015,21335963.5061288,1335963.5061287843,6.679817530643916
549016,Iuri Tavares,1800000.000000001,462824.05784815794,1337175.942151843,74.28755234176903
371814,Nathaniel Phillips,3499999.9999999995,2159988.1669653105,1340011.833034689,38.2860523724197
614835,Yahya Nader,1499999.9999999986,158709.3985056473,1341290.6014943514,89.41937343295685
433186,Bali Mumba,1499999.9999999986,153989.87686703695,1346010.1231329616,89.7340082088642
978562,Duran Ferree,1499999.9999999986,152918.47441870286,1347081.5255812958,89.80543503875313
716750,Jesús Rivas,2000000.0000000016,652319.8377346018,1347680.1622654,67.38400811326994
129476,Gerard Deulofeu,999999.9999999997,2348364.6620540633,1348364.6620540638,134.83646620540642
655021,Kamiel Van De Perre,8000000.000000002,6644459.365266024,1355540.6347339777,16.94425793417472
686445,Luis Gabriel Rey,2000000.0000000016,644234.8788360654,1355765.1211639363,67.78825605819677
355692,Nazmi Gripshi,2499999.9999999995,1141896.4842439995,1358103.515756,54.32414063024002
262300,Ryan Manning,2800000.000000002,1441784.7562942987,1358215.2437057032,48.50768727520365
107574,Jonas Meffert,1499999.9999999986,141575.74365972696,1358424.2563402716,90.56161708935151
1202361,Bradley Burrowes,2000000.0000000016,639862.3411920561,1360137.6588079454,68.00688294039722
104505,Alan Patrick,2000000.0000000016,638963.661767324,1361036.3382326777,68.05181691163382
834898,Vitinho,199999.99999999997,1564835.291575977,1364835.291575977,682.4176457879887
768380,Arouna Sangante,8000000.000000002,6634664.998906789,1365335.0010932125,17.06668751366515
275218,Augusto Batalla,6000000.0,4632225.5482751895,1367774.4517248105,22.796240862080175
706618,Vladislav Saus,2000000.0000000016,3368575.514183996,1368575.5141839941,68.42877570919966
1094366,Víctor Ríos,2000000.0000000016,626333.5505060076,1373666.449493994,68.68332247469965
804134,Bogdan Racovițan,2499999.9999999995,1126178.8602077048,1373821.1397922947,54.9528455916918
535959,Duk,2499999.9999999995,1123593.6725642073,1376406.3274357922,55.05625309743169
483461,Erik Expósito,1800000.000000001,423584.3247943963,1376415.6752056046,76.46753751142245
575716,Vasco Sousa,2000000.0000000016,623527.381007933,1376472.6189920686,68.82363094960337
362086,Isi Palazón,2800000.000000002,1420032.5415742423,1379967.4584257596,49.284552086634235
568546,Tomás Badaloni,4000000.0000000005,2617637.717687506,1382362.2823124942,34.55905705781235
955281,Nhoa Sangui,9999999.999999996,11382777.911991319,1382777.9119913224,13.827779119913231
619461,Mohamed Bamba,2000000.0000000016,3383542.7133060195,1383542.713306018,69.17713566530084
1264273,Juan Velázquez,1699999.9999999988,312693.20289527735,1387306.7971047214,81.60628218263074
530173,Julian Niehues,1499999.9999999986,2891628.4990977743,1391628.4990977757,92.77523327318514
668265,Kayky,4999999.999999999,3603799.297271894,1396200.7027281052,27.924014054562107
666539,Beni Mukendi,4000000.0000000005,5397651.258905367,1397651.2589053665,34.94128147263416
85906,Danny da Costa,1200000.0000000005,2598373.779394757,1398373.7793947565,116.53114828289632
784575,Mehdi Dorval,1800000.000000001,396593.8642883714,1403406.1357116294,77.96700753953493
995585,Santiago Toloza,349999.9999999997,1753430.7791595878,1403430.779159588,400.98022261702545
272622,Issa Diop,8000000.000000002,6596395.198972836,1403604.8010271657,17.545060012839567
193098,Álex Moreno,3000000.000000001,1592276.5959196915,1407723.4040803094,46.92411346934363
983609,Jordan García,2499999.9999999995,1089085.207624484,1410914.7923755154,56.43659169502063
1001839,Luke Graham,2000000.0000000016,588442.9936513351,1411557.0063486665,70.57785031743326
659802,Patrickson Delgado,3000000.000000001,1585468.9524150027,1414531.0475849982,47.15103491949992
405382,Kosei Tani,1699999.9999999988,283904.06099082436,1416095.9390091745,83.2997611181868
623521,Juanmi Latasa,2000000.0000000016,3416923.525225407,1416923.5252254053,70.84617626127022
898127,Fedor Lapoukhov,2000000.0000000016,580339.400862928,1419660.5991370736,70.98302995685363
153190,Thomas Murg,800000.0000000005,2220431.100886821,1420431.1008868203,177.55388761085246
366948,Jailson,1499999.9999999986,2923394.2936023124,1423394.2936023138,94.89295290682101
479643,Alexandre Penetra,9999999.999999996,11424925.936769286,1424925.93676929,14.249259367692904
1371221,Cheikh Mbacké Diop,999999.9999999997,2426765.6738400892,1426765.6738400897,142.67656738400902
320403,Mark Sykes,1800000.000000001,371165.4084477601,1428834.5915522408,79.37969953068
514256,João Batxi,8000000.000000002,9430645.576420661,1430645.5764206592,17.883069705258237
623424,Claudiu Petrila,2499999.9999999995,1067220.027335688,1432779.9726643115,57.31119890657247
392133,Tom Gaal,1800000.000000001,365284.44552664045,1434715.5544733605,79.70641969296443
356044,Jorge Sánchez,2000000.0000000016,3438974.712915657,1438974.7129156555,71.94873564578272
464599,Nicolas Madsen,3499999.9999999995,2049433.5498098398,1450566.4501901597,41.444755719718856
227538,Igor Vujacic,2800000.000000002,1347483.1793168117,1452516.8206831901,51.87560073868532
314288,Lukas Nmecha,9999999.999999996,11453659.51331172,1453659.5133117232,14.536595133117238
965996,Adi Yona,1800000.000000001,341505.20285596873,1458494.797144032,81.02748873022396
399162,Cammy Devlin,2000000.0000000016,540793.4908827489,1459206.5091172527,72.96032545586257
4592,Ji-sung Park,2000000.0000000016,537821.5945411124,1462178.4054588892,73.1089202729444
273152,Nemanja Maksimovic,4000000.0000000005,2536358.9473789306,1463641.0526210698,36.59102631552674
1061820,Lorenzo Venturino,4999999.999999999,3524080.8315412365,1475919.1684587626,29.518383369175254
228912,Liam Lindsay,1800000.000000001,320862.23818704503,1479137.7618129558,82.17432010071973
425306,Matt Turner,2499999.9999999995,1020002.3107027629,1479997.6892972365,59.199907571889476
389942,Hayner,600000.0000000003,2082416.0567241479,1482416.0567241474,247.06934278735778
527896,Oliver Antman,4000000.0000000005,2516587.153982329,1483412.8460176713,37.08532115044178
851543,Uros Miladinovic,2000000.0000000016,506996.86803929956,1493003.1319607021,74.65015659803504
629773,Lukas Hornicek,17999999.999999985,16504767.790279157,1495232.2097208276,8.306845609560161
257986,Damon Mirani,449999.99999999994,1949156.620880589,1499156.620880589,333.145915751242
629006,Ozziel Herrera,6499999.999999999,5000319.752371793,1499680.2476282064,23.072003809664718
185077,Vincenzo Grifo,4000000.0000000005,5507618.014697072,1507618.0146970716,37.690450367426784
900072,Philip Brittijn,1600000.0000000012,3107844.3643516474,1507844.3643516463,94.24027277197783
325223,Mama Baldé,3000000.000000001,1491630.246700144,1508369.753299857,50.27899177666188
581112,Sondre Auklend,3000000.000000001,1491309.0737979491,1508690.9262020518,50.28969754006838
504855,John McAtee,299999.99999999977,1812817.3397468082,1512817.3397468084,504.2724465822698
386455,Riccardo Sottil,3000000.000000001,1486207.961390106,1513792.038609895,50.45973462032981
232418,Ondrej Duda,3000000.000000001,1475746.7129997774,1524253.2870002235,50.808442900007435
314341,Chris Willock,2000000.0000000016,475351.57456095325,1524648.4254390483,76.23242127195236
483916,Lazaros Rota,4500000.000000002,2975329.1121064583,1524670.8878935436,33.88157528652317
272206,Tobias Lauritsen,3499999.9999999995,5027062.30128237,1527062.301282371,43.6303514652106
1030663,Yuto Tsunashima,1499999.9999999986,3029543.4660075763,1529543.4660075777,101.96956440050529
489611,Filippo Ranocchia,4000000.0000000005,2467422.7311668247,1532577.2688331758,38.31443172082939
1241453,Jerónimo Gómez Mattar,2000000.0000000016,465912.46432928205,1534087.5356707196,76.70437678353592
718201,Kevin Carlos,4000000.0000000005,5534121.740848631,1534121.7408486302,38.35304352121575
74089,Sergiy Kryvtsov,2000000.0000000016,465615.58747810445,1534384.4125218971,76.7192206260948
249636,Gautier Lloris,3000000.000000001,1464123.4717752978,1535876.5282247032,51.195884274156754
519872,Livan Burcu,4000000.0000000005,2456151.134013959,1543848.8659860413,38.59622164965103
516722,Marquinhos,6999999.999999995,5453621.310143644,1546378.6898563514,22.091124140805036
574385,Mohamed Daramy,3000000.000000001,4558934.843864695,1558934.8438646942,51.96449479548979
414243,Mohammed Abu Fani,3000000.000000001,1438611.6866521628,1561388.3133478381,52.046277111594584
357995,Davide Bettella,299999.99999999977,1861844.7937600699,1561844.79376007,520.6149312533571
181375,Sébastien Haller,999999.9999999997,2566621.737830632,1566621.7378306324,156.66217378306328
372711,Amine Harit,4999999.999999999,3433278.960474322,1566721.039525677,31.334420790513544
356042,Carlos Acevedo,2800000.000000002,1231960.9602360916,1568039.0397639102,56.001394277282465
533632,Mads Frøkjær,2499999.9999999995,930611.6554761566,1569388.344523843,62.77553378095373
1207586,Nicolás Dubersarsky,1499999.9999999986,3070085.194990509,1570085.1949905106,104.6723463327008
219835,Alex Santana,999999.9999999997,2572581.7360354764,1572581.736035477,157.25817360354773
637782,André Amaro,5500000.000000001,3927323.8362846053,1572676.1637153956,28.59411206755264
403568,Stephen Welsh,2000000.0000000016,426147.24861753825,1573852.7513824634,78.69263756912311
415912,Konstantinos Mavropanos,17999999.999999985,16418492.161428804,1581507.8385711815,8.786154658728794
322655,Flavius Daniliuc,4999999.999999999,3415935.0749225807,1584064.9250774183,31.681298501548373
395632,Marios Vrousai,3000000.000000001,1415545.2856055694,1584454.7143944316,52.81515714648104
683271,Tomoki Hayakawa,2000000.0000000016,412805.6998703031,1587194.3001296986,79.35971500648486
1038308,Michel Mboula,899999.9999999995,2488782.9061518335,1588782.906151834,176.53143401687052
144244,Pantelis Hatzidiakos,3000000.000000001,4594487.635370491,1594487.6353704901,53.14958784568299
616885,Taha Şahin,3000000.000000001,1396234.8837759788,1603765.1162240221,53.45883720746739
146690,George Baldock,2000000.0000000016,394244.48621364636,1605755.5137863553,80.2877756893177
132214,João Carlos Teixeira,2000000.0000000016,392307.9846516161,1607692.0153483856,80.38460076741922
534473,Paulinho Paula,999999.9999999997,2613578.445083126,1613578.4450831264,161.3578445083127
646658,Aaron Ramsey,6000000.0,7616409.306631555,1616409.3066315548,26.940155110525914
216464,Carlos Fernández,1499999.9999999986,3117142.394750014,1617142.3947500153,107.80949298333447
900486,Gabriel Sigua,2499999.9999999995,880281.3319818221,1619718.6680181774,64.7887467207271
920307,Elis Bishesari,1800000.000000001,180127.84523974216,1619872.1547602587,89.99289748668099
296783,Ezequiel Ponce,4000000.0000000005,2377946.0102943564,1622053.989705644,40.551349742641094
438202,Bruno Tabata,1499999.9999999986,3124045.9104455365,1624045.910445538,108.26972736303595
746739,Andre Brooks,2499999.9999999995,4124323.869384935,1624323.8693849356,64.97295477539744
798925,Fodé Doucouré,2000000.0000000016,3631672.8264985373,1631672.8264985357,81.58364132492672
748795,Franklin Tebo Uchenna,3000000.000000001,4632919.221470502,1632919.2214705013,54.43064071568335
624826,Rúben Amaral,2000000.0000000016,366980.3613584949,1633019.6386415067,81.65098193207527
231289,Otávio,9999999.999999996,8364920.162952829,1635079.8370471671,16.35079837047168
441385,Gonzalo Maroni,2000000.0000000016,363869.7708434604,1636130.2291565412,81.80651145782699
1175086,Samukele Kabini,2499999.9999999995,860433.6714125253,1639566.3285874743,65.58265314349899
271787,Deniz Hümmet,2499999.9999999995,858478.4915002002,1641521.5084997993,65.66086033999198
681120,Lucas Pimenta,2499999.9999999995,855837.2968524775,1644162.7031475222,65.7665081259009
393686,Tobias Lawal,2000000.0000000016,3645173.202824991,1645173.2028249896,82.25866014124941
802513,Kasper Davidsen,2499999.9999999995,854430.6600509586,1645569.339949041,65.82277359796164
481623,João Ferreira,3000000.000000001,1349817.1245081245,1650182.8754918764,55.0060958497292
609883,Luke Mbete,2000000.0000000016,349164.0211893645,1650835.9788106373,82.54179894053179
344457,Lazar Carević,4999999.999999999,3348307.6934660296,1651692.3065339695,33.03384613067939
313359,Alexis Pérez,2499999.9999999995,845849.272887736,1654150.7271122634,66.16602908449055
23914,Lassana Diarra,2499999.9999999995,842907.2239868806,1657092.776013119,66.28371104052478
309110,Brais Méndez,8000000.000000002,6341564.502664443,1658435.4973355588,20.73044371669448
946045,Jovan Milosavljevic,2000000.0000000016,338046.7264100942,1661953.2735899074,83.0976636794953
699592,Manu Silva,6999999.999999995,5338000.754785228,1661999.2452147678,23.742846360210983
290559,Anthony Mandréa,2000000.0000000016,335994.2939636214,1664005.7060363803,83.20028530181894
803401,Ryan Andrews,2000000.0000000016,3665510.1133376444,1665510.1133376427,83.27550566688207
633306,Iván Azón,3000000.000000001,1334070.1056318486,1665929.8943681524,55.5309964789384
435712,Andrei Cordea,3000000.000000001,1333832.2402137835,1666167.7597862175,55.538925326207234
848660,Nemanja Trifunovic,3000000.000000001,1330197.8840823693,1669802.1159176317,55.6600705305877
328480,Pepelu,8000000.000000002,6327126.10820357,1672873.8917964315,20.91092364745539
272812,Kingsley Ehizibue,2000000.0000000016,3673384.191082694,1673384.1910826925,83.66920955413455
82442,Olivier Giroud,899999.9999999995,2576324.2386084944,1676324.2386084949,186.2582487342773
435228,Ardian Ismajli,4999999.999999999,3311696.7121777697,1688303.2878222293,33.76606575644459
1058520,Otto Stange,4000000.0000000005,2309596.8728245473,1690403.1271754531,42.260078179386326
490967,Andri Gudjohnsen,2800000.000000002,1107885.9286548994,1692114.0713451025,60.43264540518219
371856,Vanja Drkusic,4999999.999999999,3305156.035232154,1694843.9647678449,33.896879295356904
462823,Gustav Isaksen,15000000.00000001,13304451.063295387,1695548.9367046226,11.30365957803081
1005510,Tate Johnson,2000000.0000000016,301110.137936755,1698889.8620632465,84.94449310316226
826103,Alexandr Sojka,2300000.0,596932.0264039706,1703067.9735960294,74.04643363460998
267160,Adam Buksa,3499999.9999999995,1781728.100079052,1718271.8999209476,49.09348285488422
863204,Maxi Oyedele,4999999.999999999,6719340.401166012,1719340.4011660125,34.386808023320256
452392,Robert Voloder,800000.0000000005,2524492.79602085,1724492.7960208496,215.56159950260607
357778,Sandro Kulenović,3499999.9999999995,1761660.409576802,1738339.5904231975,49.66684544066279
660280,Nelson Insfrán,2000000.0000000016,258591.4311427729,1741408.5688572288,87.07042844286137
1283997,Diego León,4000000.0000000005,2250807.142341547,1749192.8576584533,43.729821441461326
669380,Konstantinos Koulierakis,24999999.999999963,23250634.742841654,1749365.2571583092,6.997461028633248
555074,Oliwier Zych,2000000.0000000016,249959.8558631193,1750040.1441368824,87.50200720684404
721235,Rodrigo Insúa,2000000.0000000016,246205.47315149533,1753794.5268485062,87.68972634242523
897505,Lazar Jovanovic,3499999.9999999995,5255961.119647209,1755961.119647209,50.17031770420598
520662,Pepê,16999999.999999974,15240387.741882564,1759612.2581174094,10.35066034186713
471776,Walid Azaro,3000000.000000001,1239264.7947737668,1760735.2052262342,58.691173507541116
574765,Praxedes,1200000.0000000005,2965576.623817226,1765576.6238172255,147.13138531810205
927970,Juho Lähteenmäki,4500000.000000002,2733944.206274422,1766055.79372558,39.24568430501287
292985,Álvaro Montero,2499999.9999999995,732280.5683556903,1767719.4316443093,70.70877726577238
250844,Alexander Djiku,3499999.9999999995,1729912.9983957584,1770087.001604241,50.57391433154975
983989,Facundo Buonanotte,12000000.000000007,10212180.97857827,1787819.021421738,14.898491845181141
255653,Santi Mina,2000000.0000000016,209365.3232549292,1790634.6767450725,89.53173383725354
1172431,Kevin Filling,2000000.0000000016,207658.9122183644,1792341.0877816372,89.61705438908179
680681,Negueba,3000000.000000001,1198345.1706568815,1801654.8293431194,60.05516097810396
410183,João Basso,2000000.0000000016,3814447.559781486,1814447.5597814845,90.72237798907416
95438,Marko Livaja,2800000.000000002,983356.6632239907,1816643.3367760112,64.88011917057179
569387,Valentin Gendrey,6000000.0,4181613.513199158,1818386.486800842,30.306441446680697
491296,Anass Zaroury,6999999.999999995,8821071.11623908,1821071.1162390849,26.01530166055837
1249779,Santiago González,2300000.0,478059.16706493264,1821940.8329350674,79.2148188232638
436332,Nouhou,3499999.9999999995,1677317.7288797654,1822682.2711202342,52.07663631772098
719673,Ben Gannon-Doak,15000000.00000001,13173334.610461883,1826665.389538126,12.1777692635875
1083960,Cauã Paixão,600000.0000000003,2433805.035670552,1833805.0356705515,305.6341726117584
686597,Calegari,2499999.9999999995,666055.487536401,1833944.5124635985,73.35778049854396
358003,Simone Canestrelli,4500000.000000002,6337635.259288784,1837635.2592887823,40.83633909530626
676266,Mauro Perkovic,3000000.000000001,1161150.1260174613,1838849.8739825396,61.294995799417975
379249,Matheus Reis,2499999.9999999995,659009.5095900823,1840990.4904099172,73.6396196163967
498687,Yeison Guzmán,2499999.9999999995,658098.1540177924,1841901.845982207,73.67607383928829
1108203,Min-su Kim,2000000.0000000016,152478.29657033153,1847521.70342967,92.37608517148342
369384,Mohamed Badamosi,2000000.0000000016,150219.17705466723,1849780.8229453345,92.48904114726665
402627,José Canale,2199999.9999999995,342996.9860659716,1857003.0139340279,84.4092279060922
185817,Jizz Hornkamp,2499999.9999999995,4363583.72719161,1863583.7271916107,74.54334908766444
956604,Miguel Chaiwa,3000000.000000001,1134483.8653594214,1865516.1346405796,62.18387115468597
378883,Lino Tempelmann,2000000.0000000016,131774.583650544,1868225.4163494576,93.4112708174728
891998,Antoine Mendy,9999999.999999996,11872341.652042946,1872341.6520429496,18.723416520429502
622871,Karol Czubak,2499999.9999999995,617249.9727864999,1882750.0272134996,75.31000108854
805451,Maas Willemsen,4500000.000000002,2615585.7414919175,1884414.2585080843,41.87587241129074
229006,Franck Honorat,6999999.999999995,8886976.601249658,1886976.6012496622,26.956808589280907
237669,Dereck Kutesa,3499999.9999999995,1602655.8249200499,1897344.1750799497,54.20983357371285
384337,Sebastian Bergier,2499999.9999999995,597529.3234692084,1902470.676530791,76.09882706123166
266302,Sergej Milinković-Savić,12000000.000000007,13903491.747499699,1903491.7474996913,15.862431229164084
486814,Filip Krastev,3000000.000000001,1095096.2271738537,1904903.7728261473,63.49679242753822
420213,Quinten Timber,24999999.999999963,23093996.548593644,1906003.4514063187,7.624013805625286
426280,Melle Meulensteen,2499999.9999999995,4409714.502963068,1909714.5029630684,76.38858011852275
331840,Samy Mmaee,2499999.9999999995,583848.050168102,1916151.9498318974,76.64607799327591
206040,Raúl Jiménez,3000000.000000001,4917650.493355005,1917650.4933550041,63.92168311183345
371968,Clayton,700000.0000000006,2628986.587573111,1928986.5875731106,275.5695125104441
969447,Dermane Karim,2499999.9999999995,4431041.578377172,1931041.5783771728,77.24166313508692
592084,Victor Eriksson,3000000.000000001,1058719.443671076,1941280.5563289248,64.70935187763081
5658,Petr Cech,2499999.9999999995,558073.3915136135,1941926.608486386,77.67706433945546
296986,Tyler Roberts,3000000.000000001,1052906.0016328231,1947093.9983671778,64.90313327890591
719646,Bernardo,4999999.999999999,3051655.0576064223,1948344.9423935767,38.96689884787154
923945,Noahkai Banks,20000000.000000015,18051210.762795493,1948789.237204522,9.743946186022603
661212,Mathias Løvik,4000000.0000000005,5950757.022437961,1950757.0224379604,48.76892556094901
490971,Kristall Máni Ingason,1800000.000000001,3751850.459929307,1951850.459929306,108.43613666273917
1118495,David Santos Daiber,3000000.000000001,1025302.1473641942,1974697.852635807,65.82326175452687
928592,Marvin Young,4999999.999999999,3023845.951410356,1976154.048589643,39.523080971792865
183293,Joe Rothwell,2499999.9999999995,501375.2620368629,1998624.7379631368,79.94498951852549
422203,Umut Güneş,3000000.000000001,5002216.731409462,2002216.7314094612,66.74055771364868
486605,Jakub Markovic,3499999.9999999995,1496316.7774415081,2003683.2225584914,57.24809207309976
907559,Nelson Deossa,8999999.999999996,6994238.805569111,2005761.194430885,22.28623549367651
318257,Stratos Svarnas,3000000.000000001,992900.7117901174,2007099.2882098835,66.9033096069961
624913,Parfait Guiagon,4999999.999999999,2988695.878483958,2011304.121516041,40.22608243032082
334992,Jonathan Klinsmann,2499999.9999999995,487768.3416984557,2012231.658301544,80.48926633206177
450241,Angelo Preciado,3499999.9999999995,5512233.060607776,2012233.0606077765,57.4923731602222
662242,Rassoul Ndiaye,8000000.000000002,5980081.050079992,2019918.9499200098,25.248986874000117
920456,Sivert Sira Hansen,3000000.000000001,979009.9763481523,2020990.0236518485,67.36633412172827
322702,Benson Manuel,4999999.999999999,2976506.5607985575,2023493.4392014416,40.46986878402884
789898,Muhammed Damar,4999999.999999999,2975980.390897172,2024019.609102827,40.48039218205655
38434,Daniel Schwaab,2800000.000000002,775165.1095338047,2024834.8904661972,72.31553180236415
553663,Francisco Ortega,6999999.999999995,4972844.975063224,2027155.024936771,28.95935749909675
800925,Oscar Schwartau,3499999.9999999995,1467141.697141042,2032858.3028589576,58.081665795970224
506948,Guy Mbenza,2300000.0,265313.57257905434,2034686.4274209456,88.46462727917155
283170,Iñaki Peña,4000000.0000000005,6036866.657844796,2036866.6578447954,50.92166644611987
1086862,Fernando Ordóñez,199999.99999999997,2239235.201865589,2039235.2018655888,1019.6176009327946
148153,Lewis Dunk,3499999.9999999995,1437442.5502714638,2062557.4497285357,58.93021284938674
200512,Sadio Mané,6000000.0,3936440.649339985,2063559.350660015,34.39265584433358
1245543,Ahmed Hadzimujovic,3000000.000000001,931478.4574234209,2068521.54257658,68.95071808588598
674391,César Ibáñez,2499999.9999999995,423386.5483802117,2076613.4516197878,83.06453806479152
540315,César Huerta,3499999.9999999995,1419880.4129015692,2080119.5870984304,59.431988202812306
340918,Caoimhín Kelleher,27999999.99999999,25916315.590037145,2083684.409962844,7.44173003558159
624353,Milan Vukotic,3499999.9999999995,1411336.3103021483,2088663.6896978512,59.67610541993862
102017,Jorginho,4000000.0000000005,6089354.815570498,2089354.8155704974,52.23387038926243
831161,Lautaro Blanco,4000000.0000000005,1909734.5783851997,2090265.4216148008,52.25663554037001
649672,Nicolás Capaldo,8000000.000000002,5905908.908134191,2094091.0918658106,26.176138648322627
741289,Youssef Enríquez,4000000.0000000005,6094309.027239604,2094309.0272396035,52.35772568099007
476836,Aron Dønnum,4999999.999999999,7098358.074656754,2098358.0746567547,41.9671614931351
698415,José Córdoba,4999999.999999999,2900190.868776565,2099809.131223434,41.996182624468695
393327,Will Sands,600000.0000000003,2705940.7664070176,2105940.766407017,350.99012773450266
1082593,Vinicinho,3499999.9999999995,1389824.2827620977,2110175.717237902,60.290734778225776
575219,Cătălin Cîrjan,3000000.000000001,884149.3752992612,2115850.62470074,70.52835415669131
1075590,Rayane Messi,2800000.000000002,683283.0561182366,2116716.943881765,75.59703371006299
1296409,Ignacio Perruzzi,2499999.9999999995,380409.916917463,2119590.0830825367,84.78360332330148
1020837,Kevin Jappert,2300000.0,177916.95057575076,2122083.049424249,92.26448040974996
661145,Jon Aramburu,15000000.00000001,17135751.15391993,2135751.153919922,14.238341026132806
365770,Alexandru Dobre,3000000.000000001,852886.1767861024,2147113.8232138986,71.5704607737966
1233473,Arthur Dias,3000000.000000001,843825.6064403265,2156174.3935596743,71.87247978532245
661147,Wikelman Carmona,3000000.000000001,843675.8451743977,2156324.154825603,71.87747182752008
576121,Josh Wilson-Esbrand,2499999.9999999995,337638.66274873837,2162361.3372512613,86.49445349005047
955223,Hugo Camberos,3000000.000000001,833674.0770852958,2166325.9229147052,72.21086409715683
888545,Eros Mancuso,3000000.000000001,833448.0963777881,2166551.903622213,72.21839678740707
433183,Tommy Doyle,6999999.999999995,4832747.134519564,2167252.8654804314,30.96075522114904
639152,José Paradela,8999999.999999996,11168834.13443577,2168834.134435773,24.098157049286375
388820,Levent Mercan,4999999.999999999,2828673.729076738,2171326.270923261,43.426525418465225
959106,Weslley Patati,4500000.000000002,6679972.963805913,2179972.963805911,48.44384364013134
687359,Rômulo,6000000.0,3817402.188589977,2182597.811410023,36.37663019016705
474249,Jesús Ferreira,4500000.000000002,2316529.813434572,2183470.18656543,48.521559701453974
1083971,Lucas Eduardo,50000.000000000015,2245870.690925981,2195870.690925981,4391.741381851961
236997,Tiago Silva,2700000.0,482108.64980262425,2217891.3501973758,82.14412408138429
1009658,Julio Soler,8000000.000000002,5780597.36903971,2219402.630960292,27.742532887003645
345700,Joe Bell,3499999.9999999995,1273622.1336987698,2226377.8663012297,63.610796180035145
503987,Noni Madueke,50000000.00000009,52226741.734478466,2226741.734478377,4.453483468956746
393621,Douglas Augusto,6999999.999999995,4773185.7151218895,2226814.284878106,31.811632641115818
937941,Thierno Barry,30000000.00000005,27763087.724414304,2236912.2755857445,7.456374251952471
340990,Alfie Jones,6000000.0,3738920.4057198805,2261079.5942801195,37.68465990466866
485582,Sontje Hansen,3000000.000000001,5277982.246110439,2277982.2461104384,75.93274153701459
187491,Timo Baumgartl,800000.0000000005,3085721.2457300853,2285721.245730085,285.7151557162604
617018,Marko Stamenić,3000000.000000001,5286873.990365031,2286873.9903650302,76.22913301216765
507490,Christian Witzig,3000000.000000001,711004.6126230328,2288995.3873769683,76.29984624589892
686806,Sampson Dweh,4999999.999999999,2709716.892751658,2290283.107248341,45.80566214496683
931428,David Planka,2499999.9999999995,207345.0380484995,2292654.9619515,91.70619847806
255906,Scott McKenna,4000000.0000000005,1691961.3819679194,2308038.618032081,57.70096545080202
727089,Noah Sadiki,35000000.000000015,32690999.012233533,2309000.987766482,6.597145679332803
517126,Adam Zadrazil,2499999.9999999995,189261.7569292834,2310738.243070716,92.42952972282866
263905,Dmitriy Barinov,7500000.000000002,9815444.545062639,2315444.545062637,30.872593934168485
141834,Cristian Tello,2700000.0,382946.5619093511,2317053.438090649,85.81679400335737
448844,Carlos Neva,2499999.9999999995,4817157.156328477,2317157.1563284774,92.68628625313912
743951,Thiago Borbas,3499999.9999999995,1181512.7639338356,2318487.236066164,66.24249245903326
503482,Min-jae Kim,20000000.000000015,17652111.52777241,2347888.472227603,11.739442361138007
265078,Patrick Cutrone,4999999.999999999,7352080.540111499,2352080.5401115,47.041610802230004
765504,Chris Brady,2499999.9999999995,147882.38708374117,2352117.612916258,94.08470451665035
1238031,Sabri Dahal,2499999.9999999995,144746.45628114932,2355253.5437188502,94.21014174875403
485395,Gustaf Lagerbielke,9999999.999999996,12357785.067816619,2357785.0678166226,23.577850678166236
1053208,Quentin Ndjantou,8000000.000000002,5640863.511124877,2359136.4888751246,29.489206110939048
633668,Giovanni Fabbian,9999999.999999996,7633692.023630461,2366307.9763695356,23.663079763695364
392538,Tommaso Pobega,8000000.000000002,5623657.0068092365,2376342.9931907654,29.70428741488456
315063,Nahitan Nández,4500000.000000002,2119293.5518944124,2380706.4481055895,52.90458773567974
221540,Kiril Despodov,4999999.999999999,2618132.500273989,2381867.49972601,47.637349994520214
754037,Abbosbek Fayzullaev,6999999.999999995,9385267.036694622,2385267.0366946263,34.075243381351825
135343,Fabian Schär,4000000.0000000005,1588333.355077767,2411666.644922233,60.29166612305582
987366,Aaron Bouwman,3499999.9999999995,1081240.9243035368,2418759.0756964628,69.10740216275609
128223,Álvaro Morata,6000000.0,3571595.5137920287,2428404.4862079713,40.47340810346619
665277,Gastón Hernández,3499999.9999999995,1064708.7014041718,2435291.298595828,69.57975138845224
985172,David Ricardo,6000000.0,3559469.9412189485,2440530.0587810515,40.675500979684195
852858,Mbaye Ndiaye,3000000.000000001,556051.0141963747,2443948.9858036265,81.46496619345419
313094,Jordan Lotomba,3499999.9999999995,5952947.866739834,2452947.866739834,70.08422476399528
1158001,Luighi,4000000.0000000005,1545173.0537296094,2454826.9462703913,61.37067365675978
412823,Joel Latibeaudiere,3000000.000000001,532988.4573061734,2467011.5426938273,82.23371808979422
611426,Matías Arezo,6999999.999999995,4531554.729640069,2468445.270359926,35.26350386228468
225452,Patrick Roberts,3200000.0000000023,729101.3628802836,2470898.637119719,77.21558240999116
346551,Kamil Grabara,12000000.000000007,14471984.531603698,2471984.5316036902,20.599871096697406
367274,Felix Horn Myhre,3499999.9999999995,1027487.9848420921,2472512.0151579073,70.64320043308308
607435,Norbert Wojtuszek,3000000.000000001,525884.0897639284,2474115.9102360727,82.47053034120239
563033,Pavel Bucha,4000000.0000000005,1525529.0420041408,2474470.95799586,61.861773949896495
361260,Ozan Kabak,15000000.00000001,17474858.93072981,2474858.930729801,16.49905953819866
665101,Leandro Lozano,4000000.0000000005,1515304.2602795747,2484695.7397204256,62.11739349301063
1150105,Pharell Hensel,3000000.000000001,511484.95421123167,2488515.045788769,82.95050152629227
798404,Alidu Seidu,6000000.0,8492267.542139502,2492267.5421395022,41.5377923689917
399543,Rémi Oudin,3499999.9999999995,5996325.573532247,2496325.5735322475,71.32358781520708
627200,Tayvon Gray,3000000.000000001,494353.963484511,2505646.03651549,83.52153455051631
580434,Tobe Leysen,4999999.999999999,2493085.4280453324,2506914.5719546666,50.138291439093344
857818,Yáser Asprilla,14000000.00000001,11478082.04445293,2521917.9555470794,18.013699682479125
463527,Kjell Scherpen,8000000.000000002,10530616.404981097,2530616.4049810953,31.632705062263682
357992,Raoul Bellanova,15000000.00000001,12464862.676933974,2535137.3230660353,16.90091548710689
718307,Matías Segovia,3000000.000000001,459219.1307173248,2540780.869282676,84.69269564275584
196095,Luca Waldschmidt,2000000.0000000016,4545518.72837668,2545518.728376678,127.27593641883381
342046,Axel Tuanzebe,4999999.999999999,2451772.6507454473,2548227.349254552,50.96454698509104
186901,Marek Rodák,2800000.000000002,242305.77539303526,2557694.2246069666,91.3462223073916
371021,Arijanet Murić,7500000.000000002,4939958.603649033,2560041.3963509686,34.13388528467957
884820,Almugera Kabar,3000000.000000001,432578.6792421683,2567421.3207578324,85.58071069192772
724106,Luca Lipani,7500000.000000002,4931414.82227508,2568585.177724922,34.24780236966562
1396595,Renato Nhaga,6000000.0,8570369.737950828,2570369.737950828,42.839495632513795
395685,Gédéon Kalulu,3499999.9999999995,924876.1686311003,2575123.831368899,73.57496661053999
432852,Deroy Duarte,999999.9999999997,3600620.4637421896,2600620.46374219,260.0620463742191
44716,Claudio Marchisio,3000000.000000001,396207.1062284299,2603792.893771571,86.79309645905235
646739,Ángel Alarcón,6000000.0,3393319.117423642,2606680.882576358,43.444681376272634
1113024,Vasilije Markovic,3000000.000000001,390420.15452145657,2609579.8454785445,86.9859948492848
415525,Kanya Fujimoto,4000000.0000000005,1385242.3639731216,2614757.636026879,65.36894090067197
970137,Beyatt Lekoueiry,1499999.9999999986,4120800.1976404972,2620800.1976404986,174.7200131760334
1127813,Matheus Alves,6000000.0,3374823.4351867246,2625176.5648132754,43.752942746887925
289446,Yerry Mina,2499999.9999999995,5127465.16147096,2627465.1614709604,105.09860645883845
629011,Lukas Jungwirth,3000000.000000001,370287.4845812089,2629712.515418792,87.65708384729305
746891,Cristian Volpato,9999999.999999996,7365431.203303239,2634568.796696757,26.345687966967578
491587,Alexis Duarte,1800000.000000001,4447346.835646009,2647346.835646008,147.07482420255593
358143,Chidozie Awaziem,2499999.9999999995,5152335.614418712,2652335.614418713,106.09342457674853
319859,Mathias Jensen,9999999.999999996,12659727.892051866,2659727.89205187,26.597278920518708
131225,Nicolás Tagliafico,4000000.0000000005,1327954.3142006325,2672045.6857993677,66.80114214498418
910541,Fábio Baldé,4999999.999999999,2317383.426076717,2682616.573923282,53.65233147846564
866246,Lucas Bergvall,35000000.000000015,32300981.644862916,2699018.3551370986,7.711481014677421
170934,Mario Lemina,4500000.000000002,1796619.399989392,2703380.60001061,60.075124444680206
282429,Sergio Reguilón,3499999.9999999995,6207315.634039013,2707315.634039013,77.35187525825754
926763,Chuki,4000000.0000000005,1283301.9140632153,2716698.085936785,67.91745214841963
185245,Jhon Córdoba,9999999.999999996,7275027.110156742,2724972.8898432544,27.24972889843255
790992,Alfie Gilchrist,4999999.999999999,2268833.122738434,2731166.877261565,54.62333754523131
258018,Pêpê,3000000.000000001,267575.64701746014,2732424.3529825406,91.08081176608465
746695,Kamaldeen Sulemana,16999999.999999974,14266520.251173703,2733479.748826271,16.07929264015456
415522,Ryotaro Ito,6000000.0,3265370.283061199,2734629.716938801,45.57716194898001
1178474,Amadou Koné,6999999.999999995,4264970.282874222,2735029.7171257734,39.07185310179679
344152,Odsonne Édouard,12000000.000000007,14744233.049748251,2744233.0497482438,22.868608747902016
189073,Marcel Hartel,4000000.0000000005,1247853.082347004,2752146.9176529963,68.8036729413249
452477,Junior Adamu,3000000.000000001,5752317.784549854,2752317.784549853,91.74392615166174
487180,Nabil Touaizi,800000.0000000005,3552429.986456219,2752429.9864562186,344.05374830702715
358948,Bright Osayi-Samuel,4000000.0000000005,1243216.2817788108,2756783.7182211895,68.91959295552972
671590,Daouda Guindo,4500000.000000002,7258414.905233327,2758414.9052333254,61.29810900518498
262608,Adama Traoré,3000000.000000001,235590.92047629712,2764409.079523704,92.14696931745678
644401,Keane Lewis-Potter,24999999.999999963,27765792.885585297,2765792.885585334,11.063171542341353
234811,Rui Silva,6999999.999999995,4232278.835079954,2767721.1649200413,39.53887378457204
423619,Luis Malagón,5500000.000000001,2729716.6278434563,2770283.3721565446,50.368788584664436
563749,Oğuz Aydın,6999999.999999995,4227316.293694735,2772683.706305261,39.60976723293233
707159,Jarne Steuckers,4999999.999999999,2212707.7359433863,2787292.2640566127,55.74584528113227
288255,Donny van de Beek,1800000.000000001,4611291.831926509,2811291.831926508,156.18287955147258
336382,Dejan Joveljić,6499999.999999999,3684923.6852537575,2815076.3147462416,43.308866380711414
552955,Santiago Gimenez,17999999.999999985,15182070.466887427,2817929.5331125576,15.655164072847555
820474,Zakaria El Ouahdi,16999999.999999974,14181308.543129437,2818691.4568705373,16.58053798159142
376460,Djordje Jovanovic,3499999.9999999995,669349.2052847747,2830650.7947152248,80.87573699186358
422760,Mathis Suray,3499999.9999999995,6358392.805513299,2858392.8055132995,81.66836587180856
1004725,William Gomes,24999999.999999963,27872451.7094869,2872451.709486939,11.489806837947773
542452,Jonathan Fischer,2000000.0000000016,4878077.596233082,2878077.59623308,143.9038798116539
991054,Terry Yegbe,3000000.000000001,5893343.977040495,2893343.977040494,96.4447992346831
829316,Maurice Krattenmacher,3499999.9999999995,594551.2363951583,2905448.763604841,83.01282181728119
348026,Nordi Mukiele,16000000.000000026,18914372.921553057,2914372.9215530306,18.214830759706413
45146,Mario Balotelli,649999.9999999995,3565041.1339599746,2915041.133959975,448.46786676307346
668496,Isaías Violante,6000000.0,8925660.697717719,2925660.697717719,48.76101162862865
338425,Álex Berenguer,4000000.0000000005,6926699.360601323,2926699.3606013223,73.16748401503304
894914,Antonio Nusa,31999999.999999955,34927130.08179057,2927130.081790611,9.147281505595672
1171460,César Garza,3000000.000000001,71017.1285448876,2928982.8714551134,97.63276238183708
749559,Victor Hugo,6999999.999999995,4059273.8354952396,2940726.1645047558,42.0103737786394
365108,Dan Ndoye,31999999.999999955,29056187.185507976,2943812.81449198,9.19941504528745
597000,Eric Martel,8000000.000000002,5056085.746442628,2943914.253557374,36.79892816946717
654539,Adrien Truffert,30000000.00000005,27053208.724669483,2946791.275330566,9.822637584435205
694158,Jonathan Pérez,800000.0000000005,3747717.93290077,2947717.9329007696,368.464741612596
978970,Fabrizio Sartori,3499999.9999999995,552183.8866849138,2947816.113315086,84.22331752328817
1228231,Juan Rodríguez,9999999.999999996,7051045.820334151,2948954.179665845,29.489541796658457
314384,Ben Sheaf,3799999.9999999995,848958.5917221624,2951041.408277837,77.65898442836414
86202,Antonio Rüdiger,6000000.0,3046959.516702362,2953040.483297638,49.21734138829397
550580,Shuto Machino,4000000.0000000005,6956767.614438465,2956767.6144384644,73.91919036096161
826527,Felipe Zenobio,3499999.9999999995,520632.5538458902,2979367.446154109,85.1247841758317
895926,Joaquín Lavega,4000000.0000000005,1015644.5645073412,2984355.435492659,74.60888588731646
649022,Moussa Ndiaye,4000000.0000000005,1012805.8677229867,2987194.1322770137,74.67985330692534
174094,Morgan Sanson,3499999.9999999995,6487294.690875122,2987294.690875123,85.35127688214638
575999,Aarón Molinas,3499999.9999999995,487556.82393777685,3012443.1760622226,86.06980503034922
257740,Carlos de Pena,3499999.9999999995,487278.04195736744,3012721.958042632,86.0777702297895
417913,Álvaro Valles,6999999.999999995,3979348.221816036,3020651.7781839594,43.15216825977088
572265,Lorenzo Lucca,20000000.000000015,16978872.160905212,3021127.8390948027,15.105639195474001
1038348,Ibrahima Sory Bangoura,6000000.0,2977268.0492765396,3022731.9507234604,50.378865845391005
798687,Antony,4999999.999999999,1971525.1169341174,3028474.8830658817,60.56949766131764
628750,Juan Pablo Freytes,4999999.999999999,8034877.432086758,3034877.4320867592,60.697548641735196
743387,Stanis Idumbo,4000000.0000000005,7036901.387355359,3036901.387355359,75.92253468388395
668512,David Romero,4999999.999999999,1958731.8707191641,3041268.129280835,60.8253625856167
467437,Malik Tillman,30000000.00000005,33051845.964539625,3051845.9645395763,10.17281988179857
412366,Brenner,4000000.0000000005,7062783.303817752,3062783.3038177514,76.56958259544378
478192,Mehdi Ghayedi,4500000.000000002,1430263.9242171785,3069736.0757828234,68.21635723961826
1007720,Tyler Bindon,3499999.9999999995,422455.0408512173,3077544.9591487823,87.9298559756795
863139,Ramiro Enrique,4000000.0000000005,922258.1442982978,3077741.8557017026,76.94354639254256
452607,Alexander Bah,6999999.999999995,3915212.03153494,3084787.9684650553,44.06839954950082
988222,David Martínez,4999999.999999999,1902450.743478485,3097549.256521514,61.95098513043029
1058514,Montrell Culbreath,15000000.00000001,11890418.413575277,3109581.5864247326,20.730543909498202
839031,Leonel Pérez,6000000.0,2886896.499256246,3113103.500743754,51.88505834572924
50202,Eden Hazard,4999999.999999999,1885228.7982391205,3114771.201760879,62.295424035217586
1372515,Samuel Isife,3499999.9999999995,377272.59255098406,3122727.4074490154,89.22078306997187
315867,Gianluca Scamacca,24999999.999999963,28126200.02736565,3126200.0273656882,12.50480010946277
933900,Samuel Amo-Ameyaw,8000000.000000002,11126684.157408522,3126684.1574085206,39.0835519676065
373300,Cryzan,3499999.9999999995,368916.44445422717,3131083.5555457724,89.45953015845065
467250,Yukhym Konoplya,4999999.999999999,1839091.2383223632,3160908.761677636,63.21817523355273
578804,Sven Mijnans,15000000.00000001,11827662.103363443,3172337.896636566,21.148919310910426
395800,Darius Olaru,4500000.000000002,1320781.048309463,3179218.951690539,70.6493100375675
1149925,Facinet Conte,399999.9999999999,3586498.960341731,3186498.960341731,796.624740085433
339337,Armando Obispo,4000000.0000000005,800586.0227893431,3199413.977210657,79.98534943026641
1253844,Vinicius Lira,4000000.0000000005,795481.4999862463,3204518.5000137542,80.11296250034384
1009441,Felipe Chávez,4000000.0000000005,788850.2195176308,3211149.7804823695,80.27874451205923
593862,Thomas Beelen,4999999.999999999,1777833.5589105287,3222166.4410894704,64.44332882178942
467236,Kasper Jørgensen,4000000.0000000005,770418.22476659,3229581.7752334103,80.73954438083526
412758,Giorgi Kvernadze,4000000.0000000005,756431.8708971197,3243568.1291028806,81.089203227572
1086258,Souza,12000000.000000007,8716525.590929294,3283474.4090707134,27.362286742255925
1110406,Ibrahim Osman,6999999.999999995,10286029.267903369,3286029.2679033736,46.943275255762515
362667,Mateo Cassierra,8000000.000000002,4698550.6142638875,3301449.3857361143,41.26811732170142
585068,Aiham Ousou,3000000.000000001,6310706.728261166,3310706.7282611653,110.3568909420388
478365,Francisco Moura,8999999.999999996,5688190.925902664,3311809.0740973325,36.79787860108149
595650,Nikola Stulic,3499999.9999999995,6818656.0825471375,3318656.082547138,94.81874521563253
425918,Jakub Kiwior,35000000.000000015,38332592.74453654,3332592.7445365265,9.521693555818644
538996,Tanguy Nianzou,1200000.0000000005,4534872.2100384915,3334872.210038491,277.90601750320747
321239,Everton,6999999.999999995,3655368.205833947,3344631.7941660485,47.780454202372155
476344,Emerson Royal,4999999.999999999,8351613.628134092,3351613.6281340932,67.03227256268188
476915,Melayro Bogarde,4000000.0000000005,646108.0103512643,3353891.989648736,83.8472997412184
487167,Cezary Miszta,4999999.999999999,1644000.0101930099,3355999.989806989,67.1199997961398
548470,Teden Mengi,12000000.000000007,8641128.767090615,3358871.2329093926,27.99059360757825
688042,Markus Karlsson,4500000.000000002,1134163.6782860623,3365836.3217139393,74.79636270475417
392085,Nicolò Zaniolo,15000000.00000001,18371000.162605338,3371000.1626053285,22.473334417368843
1011580,Nikola Simic,6000000.0,2624337.6605124576,3375662.3394875424,56.261038991459046
485960,Lilian Brassier,12000000.000000007,8611995.648938246,3388004.3510617614,28.23336959218133
111961,Suso,4000000.0000000005,7388472.228574072,3388472.2285740715,84.71180571435177
211397,Miguel Borja,3799999.9999999995,410489.7295978251,3389510.2704021744,89.19763869479408
1011936,Kaye Furo,8000000.000000002,4604745.993065916,3395254.006934086,42.44067508667606
639058,Ilyas Chouaref,4000000.0000000005,596629.978389109,3403370.0216108914,85.08425054027228
892089,Pablo Maia,4999999.999999999,1565048.7541072408,3434951.2458927585,68.69902491785518
280795,Jonathan Rodríguez,4000000.0000000005,553397.1665801666,3446602.833419834,86.16507083549584
957241,Elijah Dijkstra,6000000.0,2528898.924905898,3471101.075094102,57.8516845849017
374212,Gijs Smal,5500000.000000001,2001568.0664450834,3498431.9335549176,63.60785333736213
295183,Răzvan Marin,4000000.0000000005,7518158.500813104,3518158.5008131037,87.9539625203276
381833,Nail Umyarov,7500000.000000002,3974366.1020667795,3525633.8979332224,47.008451972442955
1073631,Filip Matijasevic,4000000.0000000005,432522.24929955543,3567477.750700445,89.18694376751112
686444,Víctor Guzmán,4999999.999999999,1391309.490408064,3608690.509591935,72.17381019183871
867760,Adrian Segečić,4500000.000000002,875639.5429311082,3624360.4570688936,80.54134349041982
537602,João Mário,8000000.000000002,11643797.144630129,3643797.1446301267,45.547464307876574
929887,Adam Sevinsky,4500000.000000002,849082.5241675278,3650917.475832474,81.13149946294384
163656,Connor Goldson,4999999.999999999,1347814.5049418127,3652185.4950581864,73.04370990116375
499721,Wendel,15000000.00000001,11337048.89226109,3662951.1077389196,24.419674051592782
264960,Robin Fellhauer,3499999.9999999995,7174357.746442299,3674357.7464423,104.98164989835144
293281,Jacob Bruun Larsen,4000000.0000000005,7674756.815733178,3674756.815733177,91.86892039332942
1087243,Óscar García,4000000.0000000005,313118.9879199936,3686881.0120800068,92.17202530200016
575367,Richard Ledezma,6000000.0,2281683.397514051,3718316.602485949,61.971943374765814
625569,Nicolás Acevedo,6000000.0,2280670.081987579,3719329.918012421,61.98883196687368
708072,Nicolò Savona,15000000.00000001,18728314.541035257,3728314.541035248,24.855430273568306
987672,Andrej Kostić,4999999.999999999,1266350.3352023738,3733649.6647976255,74.67299329595252
634431,Beñat Turrientes,9999999.999999996,13740927.473137,3740927.4731370043,37.409274731370054
634131,Aimar Oroz,7500000.000000002,3745662.6824783413,3754337.3175216606,50.05783090028879
486604,Vitezslav Jaros,4999999.999999999,1234797.4726310328,3765202.5273689665,75.30405054737935
495993,Dion Sanderson,4000000.0000000005,233802.5449815668,3766197.4550184337,94.15493637546084
843286,Felipe Loyola,6999999.999999995,3209463.546236805,3790536.45376319,54.15052076804561
315110,Karl Toko Ekambi,4999999.999999999,1207416.6429264178,3792583.3570735813,75.85166714147165
1159864,Mariano Troilo,9999999.999999996,6199760.824389526,3800239.1756104706,38.00239175610472
355998,Uriel Antuna,2800000.000000002,6633739.146303011,3833739.1463030092,136.91925522510738
298976,Borja Mayoral,6000000.0,2147174.3268570886,3852825.6731429114,64.21376121904852
284165,Steven Bergwijn,9999999.999999996,6122220.6061396245,3877779.393860372,38.777793938603736
228948,Thilo Kehrer,12000000.000000007,15889552.335243214,3889552.3352432065,32.4129361270267
991779,Michał Gurgul,4500000.000000002,597526.7793678117,3902473.22063219,86.72162712515974
352596,Otar Kiteishvili,5500000.000000001,1594779.8056699894,3905220.1943300115,71.00400353327292
780548,Omri Gandelman,3000000.000000001,6914114.5062881,3914114.506288099,130.4704835429366
860857,Joaquim,6999999.999999995,3077117.3083816487,3922882.6916183466,56.041181308833565
396394,Valeriy Bondar,8000000.000000002,4039456.998593852,3960543.00140615,49.50678751757686
739315,Nicolás Fernández Mercau,8499999.999999998,4535398.283668427,3964601.7163315713,46.64237313331262
728734,Alfie Devine,4500000.000000002,519380.27058433066,3980619.729415671,88.4582162092371
465822,Facundo Torres,9999999.999999996,13980843.404923975,3980843.404923979,39.80843404923981
598399,Marius Mouandilmadji,6999999.999999995,3010304.4394072443,3989695.560592751,56.99565086561077
636783,Alexis Cuello,4999999.999999999,962770.6009008293,4037229.3990991698,80.7445879819834
489893,Yuri Alberto,22999999.999999974,18959451.63944876,4040548.3605512157,17.567601567614002
1332184,Jerry Afriyie,1200000.0000000005,5245001.869382766,4045001.8693827656,337.08348911523035
251299,Finn Dahmen,12000000.000000007,7928060.354601395,4071939.645398612,33.932830378321746
728485,Danilo Veiga,2499999.9999999995,6583627.179971448,4083627.1799714486,163.34508719885798
494586,Mickaël Nadé,2000000.0000000016,6098573.209002846,4098573.209002844,204.92866045014205
1439518,Juan Rengifo,4999999.999999999,898131.8662679353,4101868.1337320637,82.03736267464129
127156,Téji Savanier,8999999.999999996,4892706.298427638,4107293.7015723586,45.63659668413734
993645,Tomás Palacios,6000000.0,1884200.589525544,4115799.410474456,68.59665684124093
1077670,Axel Tape,8000000.000000002,3864203.0403344673,4135796.9596655346,51.69746199581917
531332,Emirhan Topçu,6999999.999999995,2832878.8918124246,4167121.1081875707,59.530301545536766
1016918,Peyton Miller,4500000.000000002,324699.127410547,4175300.872589455,92.78446383532119
370997,Dominik Kotarski,4999999.999999999,9185740.162853375,4185740.162853376,83.71480325706754
416660,Ramiz Zerrouki,6499999.999999999,10693094.584884606,4193094.5848846072,64.5091474597632
709957,Álex Valle,12000000.000000007,7804236.815185755,4195763.184814253,34.96469320678542
489359,Ao Tanaka,13000000.000000013,8796430.548269026,4203569.451730987,32.33514962869987
308439,Patrick Berg,8000000.000000002,3782979.175180237,4217020.824819765,52.712760310247056
1043030,Guga,700000.0000000006,4936245.915361379,4236245.915361378,605.1779879087678
181778,Emerson,8999999.999999996,4758861.690289781,4241138.309710215,47.12375899678018
314875,Jarrod Bowen,30000000.00000005,25753034.303489853,4246965.696510196,14.15655232170063
706963,Han-beom Lee,3000000.000000001,7249592.722660058,4249592.722660057,141.6530907553352
645588,Tomás Händel,6000000.0,1742051.3035590213,4257948.696440979,70.96581160734965
54235,Iker Muniain,4999999.999999999,741908.2648167791,4258091.73518322,85.16183470366443
707657,Karim Sow,4999999.999999999,740781.3552896043,4259218.644710395,85.18437289420791
843595,Max Alleyne,8000000.000000002,3734687.5214058915,4265312.47859411,53.31640598242636
325443,Viktor Gyökeres,65000000.00000007,60716715.26171694,4283284.738283128,6.5896688281278815
672381,Jonathan Rowe,27999999.99999999,32288907.159828283,4288907.159828294,15.317525570815341
514888,Oliver Sørensen,6499999.999999999,10806425.568731854,4306425.568731855,66.25270105741315
696181,Romaine Mundle,6999999.999999995,2691692.766270958,4308307.233729037,61.547246196129144
580657,Osame Sahraoui,8999999.999999996,4661559.252808215,4338440.747191781,48.20489719101981
314140,Dael Fry,4999999.999999999,646262.8953499146,4353737.104650085,87.07474209300172
1072017,Wagner Pina,11000000.000000013,6636751.704030739,4363248.295969274,39.665893599720626
889136,Yiğit Efe Demir,6000000.0,1628626.3562167564,4371373.643783243,72.85622739638738
724520,Abde Ezzalzouli,39999999.999999985,44373725.05626344,4373725.056263454,10.934312640658641
392775,Ryan Sessegnon,22000000.000000007,26400274.96687196,4400274.966871951,20.001249849417952
392487,Thaciano,999999.9999999997,5401820.329487902,4401820.329487902,440.1820329487903
333014,Sander Berge,24999999.999999963,20572184.15700601,4427815.842993952,17.711263371975836
728924,Lucas Hey,2499999.9999999995,6939251.930046568,4439251.930046568,177.57007720186272
236045,Denis Bouanga,8000000.000000002,3540097.5318631465,4459902.468136855,55.74878085171068
396174,Jimmy Dunne,4999999.999999999,538076.927643423,4461923.072356576,89.23846144713153
743384,Chemsdine Talbi,24999999.999999963,20534734.152979933,4465265.84702003,17.861063388080147
678439,Mauricio,15000000.00000001,10475758.101690538,4524241.898309471,30.161612655396453
537854,Artem Bondarenko,8000000.000000002,3452720.7827888574,4547279.217211144,56.840990215139286
1130445,Abdoul Koné,4999999.999999999,381964.7300388961,4618035.269961103,92.36070539922207
572919,Mohamed Sankoh,700000.0000000006,5356702.661454001,4656702.6614540005,665.2432373505709
617060,Mika Mármol,15000000.00000001,10325194.088954398,4674805.911045611,31.165372740304054
568006,Dennis Cirkin,6000000.0,1311960.1210159038,4688039.878984096,78.13399798306827
904974,Noel Aseko,6000000.0,1239771.9905369328,4760228.009463067,79.33713349105112
434433,Nikola Krstović,30000000.00000005,25234822.20734684,4765177.792653207,15.883925975510662
743088,Henrik Falchener,6000000.0,1204441.0689628785,4795558.931037121,79.92598218395203
1007378,Wesley,4000000.0000000005,8837706.655471386,4837706.655471386,120.94266638678464
855256,Alex Scott,50000000.00000009,54845244.094296865,4845244.094296776,9.690488188593534
193033,Tim Kleindienst,8000000.000000002,3145015.8882601713,4854984.111739831,60.68730139674787
799993,Ayoube Amaimouni-Echghouyab,9999999.999999996,5131079.60330213,4868920.396697867,48.68920396697868
432773,Fabrício Bruno,12000000.000000007,7038287.174719789,4961712.825280218,41.34760687733513
331059,Luis Chávez,6000000.0,991787.378066207,5008212.621933793,83.47021036556322
88755,Kevin De Bruyne,8000000.000000002,2976308.163868466,5023691.8361315355,62.79614795164418
911736,Sverre Nypan,13000000.000000013,7957371.2530615805,5042628.746938433,38.78945189952637
205562,Thomas Lemar,1800000.000000001,6858602.790185768,5058602.790185767,281.03348834365363
420064,Caio Henrique,12000000.000000007,6913287.965851329,5086712.034148678,42.38926695123896
340456,Noussair Mazraoui,17999999.999999985,12905423.264641222,5094576.7353587635,28.303204085326488
539134,Daniel Maldini,8999999.999999996,14095352.223341975,5095352.223341979,56.61502470379979
129592,Julien De Sart,5500000.000000001,377555.95448309305,5122444.045516908,93.13534628212558
905184,Andreas Tetteh,4000000.0000000005,9126554.593449693,5126554.593449693,128.1638648362423
448705,Diant Ramaj,6999999.999999995,12156438.194783093,5156438.194783098,73.66340278261573
527425,Luke Woolfenden,2000000.0000000016,7161318.872931507,5161318.872931506,258.065943646575
670021,Matheus Bidu,6999999.999999995,1807263.8349119138,5192736.165088082,74.18194521554408
981674,Patrik Mercado,5500000.000000001,292104.92843002087,5207895.07156998,94.68900130127234
87210,Davide Astori,7500000.000000002,2263868.620326212,5236131.37967379,69.81508506231718
46580,Andrej Kramaric,2499999.9999999995,7748994.686723372,5248994.686723372,209.9597874689349
387626,Leon Bailey,14000000.00000001,8741391.089639183,5258608.910360826,37.561492216863016
750903,Jaouen Hadjam,6999999.999999995,1718893.4155801733,5281106.584419822,75.44437977742608
346314,Trevoh Chalobah,39999999.999999985,34707684.76417872,5292315.235821262,13.230788089553162
586834,Jesurun Rak-Sakyi,6000000.0,682746.142794905,5317253.857205095,88.62089762008492
617520,Stanislav Agkatsev,12000000.000000007,6673415.992728048,5326584.007271959,44.38820006059964
448854,Emmanuel Dennis,1200000.0000000005,6584725.938536921,5384725.93853692,448.7271615447431
678546,Mexx Meerdink,8000000.000000002,2577399.9736229423,5422600.0263770595,67.78250032971323
496656,Reo Hatate,9999999.999999996,4571014.81177204,5428985.188227956,54.289851882279585
1105532,Jorthy Mokio,8000000.000000002,13433854.901319264,5433854.901319262,67.92318626649076
1032280,Oso,9999999.999999996,4555496.806580108,5444503.193419889,54.44503193419891
989574,Santiago Hidalgo,6000000.0,11459451.949050728,5459451.949050728,90.99086581751213
938729,Mikel Jauregizar,30000000.00000005,35538114.6269379,5538114.626937855,18.46038208979282
547499,Bart van Rooij,9999999.999999996,4452628.355116321,5547371.6448836755,55.473716448836775
405397,Keito Nakamura,9999999.999999996,4445011.664853831,5554988.335146165,55.54988335146167
652331,Javi Rueda,6000000.0,11568346.847673036,5568346.847673036,92.80578079455061
1162160,Maher Carrizo,8000000.000000002,2416994.1981244567,5583005.801875545,69.7875725234443
618350,Dion Beljo,12000000.000000007,6341416.033755584,5658583.966244424,47.15486638537017
1007383,Zavier Gozo,6000000.0,333084.1959206515,5666915.804079348,94.4485967346558
1282860,Modou Kéba Cissé,6000000.0,293639.19472263707,5706360.8052773625,95.10601342128938
335721,Ben White,30000000.00000005,24290402.554386646,5709597.445613403,19.03199148537798
469050,Nathan Collins,30000000.00000005,35728242.053076014,5728242.0530759655,19.094140176919854
546213,Tuta,12000000.000000007,6270764.523695715,5729235.476304293,47.74362896920241
807386,Conrad Harder,16999999.999999974,22828854.890470214,5828854.89047024,34.287381708648525
1219752,Isaque,11000000.000000013,16843456.49667698,5843456.496676968,53.12233178797238
399434,Marcus Tavernier,24999999.999999963,30866532.423903603,5866532.42390364,23.466129695614597
569384,Lucien Agoumé,15000000.00000001,9100490.876244951,5899509.123755058,39.3300608250337
665390,Jaden Philogene,17999999.999999985,12074028.299775282,5925971.700224703,32.92206500124838
1045972,Mario Dorgeles,9999999.999999996,15952909.329360751,5952909.329360755,59.52909329360757
475208,Bryan Reynolds,3499999.9999999995,9468135.884387238,5968135.884387238,170.5181681253497
503977,Taylor Harwood-Bellis,20000000.000000015,13977528.094783373,6022471.905216642,30.11235952608319
384593,Alexis Claude-Maurice,15000000.00000001,8953388.463120535,6046611.536879474,40.310743579196476
212723,Djibril Sow,7500000.000000002,13610188.967192596,6110188.967192594,81.46918622923457
476219,Bojan Miovski,2499999.9999999995,8625214.885620574,6125214.885620574,245.00859542482297
258878,Tosin Adarabioyo,16000000.000000026,9828939.066637913,6171060.933362113,38.56913083351314
387047,Danilho Doekhi,13000000.000000013,6811898.202061071,6188101.797938942,47.60078306106873
288431,Léo Pereira,12000000.000000007,5811756.642237002,6188243.357763005,51.568694648025016
944289,Vanja Dragojevic,8000000.000000002,1810194.7638480074,6189805.236151994,77.37256545189992
291200,Moussa Niakhaté,15000000.00000001,21210105.692451164,6210105.692451155,41.400704616341
387106,Lovro Majer,8000000.000000002,14247544.447053723,6247544.447053721,78.0943055881715
1019744,Lautaro Di Lollo,6999999.999999995,739053.1657723122,6260946.834227683,89.4420976318241
906329,Roger Fernandes,20000000.000000015,13626452.240176745,6373547.75982327,31.86773879911633
312678,Léo Duarte,2499999.9999999995,8893170.523440324,6393170.523440324,255.72682093761298
785353,Pablo Ibáñez,4000000.0000000005,10393534.541124897,6393534.541124897,159.83836352812241
1220614,Ruan Pablo,8000000.000000002,1601382.1472651286,6398617.852734873,79.9827231591859
395693,Houssem Aouar,8000000.000000002,1600119.4336704789,6399880.566329523,79.99850707911902
592735,Gonzalo Plata,8999999.999999996,15427301.019066691,6427301.019066695,71.41445576740776
602324,Érik Lira,12000000.000000007,5559788.322071944,6440211.677928063,53.66843064940049
665048,Arseniy Batagov,11000000.000000013,4553507.287191203,6446492.71280881,58.60447920735275
126716,Paco Alcácer,6999999.999999995,531211.8199148759,6468788.18008512,92.41125971550177
474701,Crysencio Summerville,35000000.000000015,28443478.40048635,6556521.599513665,18.73291885575332
891353,Cuiabano,9999999.999999996,3404829.6295466986,6595170.370453298,65.951703704533
250426,Adam Armstrong,6000000.0,12597183.91290107,6597183.91290107,109.95306521501784
371149,Evan Ndicka,35000000.000000015,28399274.415252525,6600725.58474749,18.85921595642139
405885,Giacomo Raspadori,22000000.000000007,15378704.810362197,6621295.18963781,30.09679631653549
1060087,Charalampos Kostoulas,24999999.999999963,31681792.496083394,6681792.496083431,26.727169984333766
1018938,Jon Martín,24999999.999999963,18270211.620673,6729788.379326962,26.919153517307887
341049,Cameron Carter-Vickers,8999999.999999996,2209893.9688388454,6790106.031161151,75.44562256845725
497663,Mujaid Sadick,4999999.999999999,11865912.397465343,6865912.397465344,137.31824794930688
787912,El Chadaille Bitshiabu,17999999.999999985,11039608.850236636,6960391.149763349,38.66883972090753
420210,Lutsharel Geertruida,20000000.000000015,13023581.283280509,6976418.716719506,34.88209358359751
583058,Alvyn Sanches,9999999.999999996,3021003.712510492,6978996.287489504,69.78996287489507
612749,Isaac Price,12000000.000000007,5001327.736026887,6998672.263973121,58.32226886644264
341317,Oliver Burke,3000000.000000001,10041442.441700457,7041442.441700456,234.7147480566818
855308,Arthur Atta,24999999.999999963,17944349.596672937,7055650.4033270255,28.222601613308147
743496,Kévin Danois,20000000.000000015,12938317.302464522,7061682.6975354925,35.308413487677434
51471,Mateo Kovacic,9999999.999999996,2901697.856369623,7098302.143630373,70.98302143630376
747720,Jayden Addai,20000000.000000015,12864294.950613948,7135705.049386067,35.678525246930306
225693,Fabinho,12000000.000000007,4863599.852372389,7136400.147627618,59.47000123023012
787232,David Datro Fofana,4000000.0000000005,11215522.942637013,7215522.942637013,180.3880735659253
515544,Trai Hume,22000000.000000007,14731690.02295446,7268309.977045547,33.03777262293429
357156,Diogo Leite,12000000.000000007,4677602.337105028,7322397.662894979,61.01998052412478
655217,Samson Baidoo,24999999.999999963,17646246.55998705,7353753.440012913,29.415013760051696
1045124,Jay Robinson,8000000.000000002,633626.5500805563,7366373.449919445,92.07966812399305
261504,Aleix García,20000000.000000015,27407460.258967664,7407460.258967649,37.03730129483822
193116,John McGinn,13000000.000000013,5543851.238978446,7456148.761021567,57.354990469396604
651005,Cher Ndour,20000000.000000015,12509656.938618785,7490343.06138123,37.451715306906124
578872,Jean Lucas,13000000.000000013,5489621.575008239,7510378.424991774,57.7721417307059
496659,Ben Cabango,8999999.999999996,1467701.762247702,7532298.237752294,83.69220264169219
503871,Morten Frendrup,15000000.00000001,7467663.22752094,7532336.772479069,50.21557848319377
332798,Roland Sallai,14000000.00000001,6425525.608698075,7574474.391301935,54.1033885092995
423744,Billy Gilmour,20000000.000000015,12419701.421618517,7580298.578381497,37.90149289190746
339332,Noa Lang,22000000.000000007,14418834.831153236,7581165.168846771,34.45984167657622
346890,Noah Okafor,24999999.999999963,17337249.92219032,7662750.077809643,30.65100031123862
607720,Jonas Urbig,17999999.999999985,10323752.27062897,7676247.729371015,42.6458207187279
426849,Jari De Busser,4000000.0000000005,11699277.501028894,7699277.5010288935,192.48193752572232
663581,Vini Souza,6999999.999999995,14712262.58657135,7712262.586571355,110.1751798081623
652275,Hákon Arnar Haraldsson,24999999.999999963,32781625.237634547,7781625.237634584,31.126500950538382
922563,Oliver Scarles,9999999.999999996,2193226.099532245,7806773.900467752,78.06773900467755
153084,Leon Goretzka,12000000.000000007,4088654.727148718,7911345.272851289,65.9278772737607
1018259,Gift Orban,6999999.999999995,15029071.239541903,8029071.239541908,114.70101770774161
2219,Philipp Lahm,11000000.000000013,2941104.2051821062,8058895.794817907,73.26268904379907
404839,Andriy Lunin,12000000.000000007,3911336.1297665434,8088663.870233464,67.40553225194549
397033,Sandro Tonali,79999999.99999988,71907026.44703814,8092973.552961737,10.116216941202186
1038950,Karl Etta Eyong,15000000.00000001,6905562.755498198,8094437.244501811,53.962914963345376
718303,Ernest Poku,24999999.999999963,16846023.817754135,8153976.182245828,32.61590472898337
709969,Ilias Akhomach,12000000.000000007,3835056.8646362782,8164943.13536373,68.04119279469771
144028,Leandro Trossard,17999999.999999985,9810261.82828378,8189738.171716206,45.4985453984234
357885,Pablo Fornals,8000000.000000002,16266920.598186888,8266920.598186886,103.33650747733604
339556,Rico Henry,13000000.000000013,4688517.44897202,8311482.551027993,63.93448116175373
413220,James Justin,12000000.000000007,20319648.09889292,8319648.098892912,69.33040082410756
1275068,Kauã Prates,9999999.999999996,1666525.9097229054,8333474.090277091,83.33474090277095
631002,Raúl García,3000000.000000001,11346344.283867858,8346344.283867857,278.2114761289285
483348,Djed Spence,30000000.00000005,21616876.80837249,8383123.191627558,27.943743972091816
361074,Peer Koopmeiners,12000000.000000007,3347449.768157121,8652550.231842887,72.10458526535734
688593,Santiago Ramos Mingo,12000000.000000007,3197472.230411401,8802527.769588606,73.354398079905
715558,Marcelino Núñez,14000000.00000001,5142863.960062023,8857136.039937986,63.26525742812843
270171,Vitaly Janelt,16000000.000000026,7079435.717179251,8920564.282820776,55.75352676762976
462832,Mads Bidstrup,13000000.000000013,4050772.3086088514,8949227.691391163,68.84021301070118
864121,Abdul Fatawu,20000000.000000015,11006951.123846814,8993048.8761532,44.965244380765974
315969,Scott McTominay,39999999.999999985,30973692.589582548,9026307.410417438,22.565768526043602
282411,Marcos Llorente,20000000.000000015,10795721.133955568,9204278.866044447,46.0213943302222
270541,Serhou Guirassy,31999999.999999955,22768455.92660243,9231544.073397525,28.848575229367306
354361,Frank Anguissa,15000000.00000001,5728439.807514927,9271560.192485083,61.81040128323385
605396,Samuel Dahl,13000000.000000013,22360929.471071977,9360929.471071964,72.00714977747657
454567,Orkun Kökçü,24999999.999999963,34586831.2433845,9586831.24338454,38.347324973538214
503075,Isak Hien,22000000.000000007,12393386.158173325,9606613.841826683,43.66642655375764
1007295,Wojciech Mońka,9999999.999999996,382872.45765486907,9617127.542345127,96.1712754234513
393325,Josh Sargent,16000000.000000026,25806357.384861033,9806357.384861007,61.2897336553812
756991,Pablo Solari,8000000.000000002,17881826.03246346,9881826.03246346,123.5228254057932
461943,Daniel Bragança,12000000.000000007,1973895.7670738376,10026104.23292617,83.55086860771803
1067904,Bazoumana Touré,39999999.999999985,29963287.652532533,10036712.347467452,25.09178086866864
730861,Milos Kerkez,35000000.000000015,45343154.80656664,10343154.806566626,29.551870875904633
653610,Igor Paixão,35000000.000000015,45359843.07049265,10359843.070492633,29.599551629978937
578391,Rayan Aït-Nouri,39999999.999999985,29401395.360942394,10598604.639057592,26.49651159764399
627626,Wilfried Gnonto,16000000.000000026,5379883.830982722,10620116.169017304,66.37572605635805
579459,Albian Hajdari,24999999.999999963,14369587.067962022,10630412.93203794,42.521651728151824
394300,Davide Frattesi,22000000.000000007,11368734.498625144,10631265.501374863,48.32393409715845
703245,Antonio Vergara,15000000.00000001,4259523.335842569,10740476.664157439,71.60317776104955
571607,Fabio Miretti,15000000.00000001,4257934.663676443,10742065.336323567,71.61376890882374
589374,Milson,899999.9999999995,11694872.760311954,10794872.760311954,1199.4303067013288
323874,Evander,16000000.000000026,5133746.587908512,10866253.412091514,67.91408382557185
668179,Carlos Álvarez,15000000.00000001,4081458.321365479,10918541.67863453,72.7902778575635
494237,Wilson Isidor,17999999.999999985,7079013.294113722,10920986.705886263,60.67214836603485
929090,Franculino,22000000.000000007,10846343.338755425,11153656.661244582,50.69843936929354
553469,Gabriel Sara,26999999.999999993,15843778.716664156,11156221.283335837,41.319338086429035
1190411,Jesús Rodríguez,30000000.00000005,41305143.10779362,11305143.107793573,37.68381035931185
324503,Vangelis Pavlidis,27999999.99999999,39390826.69118987,11390826.691189881,40.681523897106736
581329,Archie Brown,12000000.000000007,23480604.20345483,11480604.203454822,95.67170169545679
608832,Merlin Röhl,16000000.000000026,4238730.189143768,11761269.810856258,73.5079363178515
581674,Charlie Patino,12000000.000000007,190481.69314614867,11809518.306853859,98.41265255711544
571020,Oihan Sancet,24999999.999999963,13108613.56050992,11891386.439490043,47.565545757960244
365172,Patson Daka,15000000.00000001,3103792.786748336,11896207.213251673,79.30804808834444
503160,Paul Nebel,17999999.999999985,6082854.983349896,11917145.016650088,66.20636120361165
124502,Matthias Ginter,4999999.999999999,17217623.26082046,12217623.26082046,244.35246521640926
420002,Jean-Philippe Mateta,30000000.00000005,17706558.950955756,12293441.049044292,40.97813683014758
330659,Justin Kluivert,24999999.999999963,12636977.098769054,12363022.901230909,49.45209160492371
396908,Yunus Akgün,17999999.999999985,5603048.747249895,12396951.252750091,68.87195140416723
338670,Mile Svilar,35000000.000000015,22570001.82118164,12429998.178818375,35.51428051090963
668207,Petar Sučić,39999999.999999985,27561049.256938044,12438950.743061941,31.09737685765486
632349,Jarell Quansah,44999999.999999985,57782723.77220238,12782723.772202395,28.40605282711644
730893,Tyrick Mitchell,24999999.999999963,11906199.674128732,13093800.325871231,52.375201303485
314678,Brahim Díaz,35000000.000000015,21824265.29521384,13175734.704786174,37.64495629938905
717411,Yegor Yarmolyuk,31999999.999999955,18815653.10383797,13184346.896161985,41.20108405050626
315291,Haji Wright,16000000.000000026,2800408.5683290996,13199591.431670927,82.49744644794316
565093,Bart Verbruggen,39999999.999999985,26321048.48912757,13678951.510872416,34.19737877718105
631821,Vladyslav Vanat,15000000.00000001,28798388.774771344,13798388.774771335,91.98925849847551
357498,Dušan Vlahović,35000000.000000015,21151309.406966552,13848690.593033463,39.56768740866702
131789,Roberto Firmino,15000000.00000001,1131873.161818077,13868126.838181932,92.45417892121282
964426,Christos Mouzakitis,24999999.999999963,11054119.624339703,13945880.37566026,55.78352150264112
331726,Tammy Abraham,17999999.999999985,31974080.552510183,13974080.552510198,77.63378084727894
711999,Lesley Ugochukwu,22000000.000000007,36257009.059898116,14257009.059898108,64.80458663590048
923832,Nathan Zézé,20000000.000000015,5570887.092799731,14429112.907200284,72.14556453600137
811779,Alejandro Garnacho,27999999.99999999,42577901.3146899,14577901.314689908,52.06393326674969
334526,Denis Zakaria,24999999.999999963,10341174.19255071,14658825.807449253,58.635303229797096
606718,Toti,17999999.999999985,3296649.8645671066,14703350.135432879,81.68527853018273
888785,Promise David,16999999.999999974,2289265.561425089,14710734.438574884,86.5337319916171
1221818,André,16000000.000000026,1273760.4974307849,14726239.502569241,92.03899689105761
525247,Maximilian Kilman,13000000.000000013,28260060.371442936,15260060.371442923,117.38507978033006
673492,Morato,14000000.00000001,29303417.04589612,15303417.045896111,109.31012175640072
636688,Alejandro Balde,50000000.00000009,34563771.03254258,15436228.96745751,30.872457934914966
483046,Josip Stanisic,39999999.999999985,24407369.91816568,15592630.081834305,38.98157520458578
323910,Mauro Júnior,17999999.999999985,2191669.34251512,15808330.657484865,87.82405920824931
559263,Fábio Carvalho,8000000.000000002,24189574.19854655,16189574.19854655,202.36967748183181
834397,Mike Penders,24999999.999999963,41555328.57498778,16555328.574987814,66.22131429995135
503883,Senne Lammens,35000000.000000015,18280080.47943827,16719919.520561744,47.77119863017639
564545,Edmond Tapsoba,35000000.000000015,51902665.92190471,16902665.921904698,48.29333120544197
610442,Rasmus Højlund,60000000.0000001,77116638.40324847,17116638.403248377,28.52773067208058
947411,Chris Rigg,24999999.999999963,7162283.434816365,17837716.5651836,71.3508662607345
1073632,Vasilije Kostov,24999999.999999963,6748672.145938425,18251327.854061536,73.00531141624626
618341,Mario Gila,30000000.00000005,11287145.242691256,18712854.757308792,62.37618252436255
982575,Gustavo Sá,24999999.999999963,6246794.637004762,18753205.3629952,75.01282145198091
1061282,Assane Diao,30000000.00000005,10627077.09197974,19372922.90802031,64.57640969340093
346483,Mason Mount,24999999.999999963,44771935.43273312,19771935.432733156,79.08774173093273
378710,Richarlison,24999999.999999963,44790015.72347413,19790015.723474167,79.1600628938968
1029227,Breno Bidon,22000000.000000007,1905555.2428594416,20094444.757140566,91.33838525972982
748804,Mika Godts,35000000.000000015,14491747.42824286,20508252.571757153,58.59500734787756
1004834,George Ilenikhena,9999999.999999996,30543649.76676342,20543649.766763423,205.43649766763428
257814,Gregor Kobel,39999999.999999985,18099871.29114693,21900128.708853055,54.75032177213266
626724,João Pedro,79999999.99999988,102036422.45724109,22036422.457241207,27.54552807155155
607854,Éderson,44999999.999999985,21694736.297802042,23305263.702197943,51.789474893773225
895937,Marco Palestra,35000000.000000015,11659780.361630568,23340219.63836945,66.68634182391268
412363,Rodrygo,44999999.999999985,21191624.451983627,23808375.54801636,52.90750121781414
776890,Nicolas Jackson,39999999.999999985,64279021.328382425,24279021.32838244,60.69755332095612
1078163,Ayden Heaven,30000000.00000005,5374847.787165579,24625152.21283447,82.0838407094481
485963,Pape Gueye,39999999.999999985,14276171.912537327,25723828.087462656,64.30957021865666
973085,Carlos Baleba,55000000.000000075,28964419.24731103,26035580.752689045,47.337419550343654
480762,Lisandro Martínez,39999999.999999985,13283811.091983587,26716188.9080164,66.79047227004102
340950,Diogo Jota,39999999.999999985,12835466.857620174,27164533.142379813,67.91133285594955
1071596,Dro Fernández,9999999.999999996,37670863.796464756,27670863.79646476,276.70863796464766
357164,Rafael Leão,50000000.00000009,22108838.866875913,27891161.133124176,55.78232226624825
810092,Warren Zaïre-Emery,79999999.99999988,51885940.211686306,28114059.788313575,35.142574735392024
561613,Joan García,44999999.999999985,74075394.50180471,29075394.501804724,64.61198778178829
623570,Iliman Ndiaye,55000000.000000075,23832044.039914962,31167955.960085113,56.66901083651831
607223,Rayan Cherki,90000000.00000004,58057824.82313488,31942175.176865168,35.491305752072385
517894,Matheus Cunha,75000000.00000003,41079490.593394816,33920509.406605214,45.2273458754736
914562,Désiré Doué,119999999.9999999,83417216.16415231,36582783.83584759,30.48565319653968
775605,Pablo Barrios,55000000.000000075,17065272.60499225,37934727.39500782,68.97223162728685
441986,Yann Bisseck,50000000.00000009,11423653.529854333,38576346.470145755,77.15269294029137
342229,Kylian Mbappé,179999999.9999997,139280127.33876514,40719872.66123456,22.62215147846368
487469,Vitinha,139999999.99999985,92064935.58867368,47935064.41132617,34.23933172237587
433177,Bukayo Saka,110000000.00000012,56976071.09928628,53023928.90071384,48.20357172792162
371998,Vinicius Junior,139999999.99999985,78145661.85991997,61854338.140079886,44.181670100057104
683840,Pedri,150000000.00000024,80394218.65596151,69605781.34403872,46.40385422935908
418560,Erling Haaland,200000000.0000001,127072554.27791104,72927445.72208905,36.46372286104451
